batch_size,pytorch_batch_latency_ms,pytorch_image_latency_ms,pytorch_fps,onnx_batch_latency_ms,onnx_image_latency_ms,onnx_fps,speedup,max_abs_diff
1,12.289884000783786,12.289884000783786,81.36773300189205,5.351789998239838,5.351789998239838,186.85337061597937,2.296406250025848,7.867813e-06
2,15.215528000844643,7.607764000422321,131.4446662573245,7.048686002381146,3.524343001190573,283.74082762721616,2.1586332538723703,7.867813e-06
4,23.56085199804511,5.890212999511277,169.77314743676877,11.432911998126656,2.858227999531664,349.867120524974,2.0607918614177807,7.5101852e-06
8,42.772553998511285,5.346569249813911,187.03582676588456,21.40461599919945,2.6755769998999313,373.75115724099913,1.9982864443870898,7.867813e-06
