runtime,repeat_id,iteration,latency_ms,batch_size,threads,logical_cpu,model_sha256,input_sha256,run_order
ort_python,5,0,31.4899,1,1,0,c5ef909be6cda03f0f87a7354355468944e7f8840d5d2d83c344fdbf4a5d3bf6,04d5fc3bd443007507b8d2e2ea870060397833a500615e3e35ce6358bbe17cdf,1
ort_python,5,1,32.8544,1,1,0,c5ef909be6cda03f0f87a7354355468944e7f8840d5d2d83c344fdbf4a5d3bf6,04d5fc3bd443007507b8d2e2ea870060397833a500615e3e35ce6358bbe17cdf,1
ort_python,5,2,31.2025,1,1,0,c5ef909be6cda03f0f87a7354355468944e7f8840d5d2d83c344fdbf4a5d3bf6,04d5fc3bd443007507b8d2e2ea870060397833a500615e3e35ce6358bbe17cdf,1
ort_python,5,3,29.38,1,1,0,c5ef909be6cda03f0f87a7354355468944e7f8840d5d2d83c344fdbf4a5d3bf6,04d5fc3bd443007507b8d2e2ea870060397833a500615e3e35ce6358bbe17cdf,1
ort_python,5,4,29.905,1,1,0,c5ef909be6cda03f0f87a7354355468944e7f8840d5d2d83c344fdbf4a5d3bf6,04d5fc3bd443007507b8d2e2ea870060397833a500615e3e35ce6358bbe17cdf,1
ort_python,5,5,31.9421,1,1,0,c5ef909be6cda03f0f87a7354355468944e7f8840d5d2d83c344fdbf4a5d3bf6,04d5fc3bd443007507b8d2e2ea870060397833a500615e3e35ce6358bbe17cdf,1
ort_python,5,6,30.0375,1,1,0,c5ef909be6cda03f0f87a7354355468944e7f8840d5d2d83c344fdbf4a5d3bf6,04d5fc3bd443007507b8d2e2ea870060397833a500615e3e35ce6358bbe17cdf,1
ort_python,5,7,30.0294,1,1,0,c5ef909be6cda03f0f87a7354355468944e7f8840d5d2d83c344fdbf4a5d3bf6,04d5fc3bd443007507b8d2e2ea870060397833a500615e3e35ce6358bbe17cdf,1
ort_python,5,8,32.3586,1,1,0,c5ef909be6cda03f0f87a7354355468944e7f8840d5d2d83c344fdbf4a5d3bf6,04d5fc3bd443007507b8d2e2ea870060397833a500615e3e35ce6358bbe17cdf,1
ort_python,5,9,32.0778,1,1,0,c5ef909be6cda03f0f87a7354355468944e7f8840d5d2d83c344fdbf4a5d3bf6,04d5fc3bd443007507b8d2e2ea870060397833a500615e3e35ce6358bbe17cdf,1
ort_python,5,10,29.487,1,1,0,c5ef909be6cda03f0f87a7354355468944e7f8840d5d2d83c344fdbf4a5d3bf6,04d5fc3bd443007507b8d2e2ea870060397833a500615e3e35ce6358bbe17cdf,1
ort_python,5,11,30.5864,1,1,0,c5ef909be6cda03f0f87a7354355468944e7f8840d5d2d83c344fdbf4a5d3bf6,04d5fc3bd443007507b8d2e2ea870060397833a500615e3e35ce6358bbe17cdf,1
ort_python,5,12,32.2601,1,1,0,c5ef909be6cda03f0f87a7354355468944e7f8840d5d2d83c344fdbf4a5d3bf6,04d5fc3bd443007507b8d2e2ea870060397833a500615e3e35ce6358bbe17cdf,1
ort_python,5,13,30.3281,1,1,0,c5ef909be6cda03f0f87a7354355468944e7f8840d5d2d83c344fdbf4a5d3bf6,04d5fc3bd443007507b8d2e2ea870060397833a500615e3e35ce6358bbe17cdf,1
ort_python,5,14,39.4535,1,1,0,c5ef909be6cda03f0f87a7354355468944e7f8840d5d2d83c344fdbf4a5d3bf6,04d5fc3bd443007507b8d2e2ea870060397833a500615e3e35ce6358bbe17cdf,1
ort_python,5,15,29.3733,1,1,0,c5ef909be6cda03f0f87a7354355468944e7f8840d5d2d83c344fdbf4a5d3bf6,04d5fc3bd443007507b8d2e2ea870060397833a500615e3e35ce6358bbe17cdf,1
ort_python,5,16,28.8254,1,1,0,c5ef909be6cda03f0f87a7354355468944e7f8840d5d2d83c344fdbf4a5d3bf6,04d5fc3bd443007507b8d2e2ea870060397833a500615e3e35ce6358bbe17cdf,1
ort_python,5,17,30.7395,1,1,0,c5ef909be6cda03f0f87a7354355468944e7f8840d5d2d83c344fdbf4a5d3bf6,04d5fc3bd443007507b8d2e2ea870060397833a500615e3e35ce6358bbe17cdf,1
ort_python,5,18,31.7492,1,1,0,c5ef909be6cda03f0f87a7354355468944e7f8840d5d2d83c344fdbf4a5d3bf6,04d5fc3bd443007507b8d2e2ea870060397833a500615e3e35ce6358bbe17cdf,1
ort_python,5,19,29.0871,1,1,0,c5ef909be6cda03f0f87a7354355468944e7f8840d5d2d83c344fdbf4a5d3bf6,04d5fc3bd443007507b8d2e2ea870060397833a500615e3e35ce6358bbe17cdf,1
ort_python,5,20,30.4567,1,1,0,c5ef909be6cda03f0f87a7354355468944e7f8840d5d2d83c344fdbf4a5d3bf6,04d5fc3bd443007507b8d2e2ea870060397833a500615e3e35ce6358bbe17cdf,1
ort_python,5,21,31.9475,1,1,0,c5ef909be6cda03f0f87a7354355468944e7f8840d5d2d83c344fdbf4a5d3bf6,04d5fc3bd443007507b8d2e2ea870060397833a500615e3e35ce6358bbe17cdf,1
ort_python,5,22,29.9415,1,1,0,c5ef909be6cda03f0f87a7354355468944e7f8840d5d2d83c344fdbf4a5d3bf6,04d5fc3bd443007507b8d2e2ea870060397833a500615e3e35ce6358bbe17cdf,1
ort_python,5,23,30.7378,1,1,0,c5ef909be6cda03f0f87a7354355468944e7f8840d5d2d83c344fdbf4a5d3bf6,04d5fc3bd443007507b8d2e2ea870060397833a500615e3e35ce6358bbe17cdf,1
ort_python,5,24,32.1962,1,1,0,c5ef909be6cda03f0f87a7354355468944e7f8840d5d2d83c344fdbf4a5d3bf6,04d5fc3bd443007507b8d2e2ea870060397833a500615e3e35ce6358bbe17cdf,1
ort_python,5,25,31.1064,1,1,0,c5ef909be6cda03f0f87a7354355468944e7f8840d5d2d83c344fdbf4a5d3bf6,04d5fc3bd443007507b8d2e2ea870060397833a500615e3e35ce6358bbe17cdf,1
ort_python,5,26,28.6512,1,1,0,c5ef909be6cda03f0f87a7354355468944e7f8840d5d2d83c344fdbf4a5d3bf6,04d5fc3bd443007507b8d2e2ea870060397833a500615e3e35ce6358bbe17cdf,1
ort_python,5,27,30.9582,1,1,0,c5ef909be6cda03f0f87a7354355468944e7f8840d5d2d83c344fdbf4a5d3bf6,04d5fc3bd443007507b8d2e2ea870060397833a500615e3e35ce6358bbe17cdf,1
ort_python,5,28,32.0509,1,1,0,c5ef909be6cda03f0f87a7354355468944e7f8840d5d2d83c344fdbf4a5d3bf6,04d5fc3bd443007507b8d2e2ea870060397833a500615e3e35ce6358bbe17cdf,1
ort_python,5,29,29.3119,1,1,0,c5ef909be6cda03f0f87a7354355468944e7f8840d5d2d83c344fdbf4a5d3bf6,04d5fc3bd443007507b8d2e2ea870060397833a500615e3e35ce6358bbe17cdf,1
ort_python,5,30,31.4175,1,1,0,c5ef909be6cda03f0f87a7354355468944e7f8840d5d2d83c344fdbf4a5d3bf6,04d5fc3bd443007507b8d2e2ea870060397833a500615e3e35ce6358bbe17cdf,1
ort_python,5,31,33.0524,1,1,0,c5ef909be6cda03f0f87a7354355468944e7f8840d5d2d83c344fdbf4a5d3bf6,04d5fc3bd443007507b8d2e2ea870060397833a500615e3e35ce6358bbe17cdf,1
ort_python,5,32,29.8226,1,1,0,c5ef909be6cda03f0f87a7354355468944e7f8840d5d2d83c344fdbf4a5d3bf6,04d5fc3bd443007507b8d2e2ea870060397833a500615e3e35ce6358bbe17cdf,1
ort_python,5,33,29.5566,1,1,0,c5ef909be6cda03f0f87a7354355468944e7f8840d5d2d83c344fdbf4a5d3bf6,04d5fc3bd443007507b8d2e2ea870060397833a500615e3e35ce6358bbe17cdf,1
ort_python,5,34,33.4058,1,1,0,c5ef909be6cda03f0f87a7354355468944e7f8840d5d2d83c344fdbf4a5d3bf6,04d5fc3bd443007507b8d2e2ea870060397833a500615e3e35ce6358bbe17cdf,1
ort_python,5,35,30.5135,1,1,0,c5ef909be6cda03f0f87a7354355468944e7f8840d5d2d83c344fdbf4a5d3bf6,04d5fc3bd443007507b8d2e2ea870060397833a500615e3e35ce6358bbe17cdf,1
ort_python,5,36,29.9088,1,1,0,c5ef909be6cda03f0f87a7354355468944e7f8840d5d2d83c344fdbf4a5d3bf6,04d5fc3bd443007507b8d2e2ea870060397833a500615e3e35ce6358bbe17cdf,1
ort_python,5,37,31.6652,1,1,0,c5ef909be6cda03f0f87a7354355468944e7f8840d5d2d83c344fdbf4a5d3bf6,04d5fc3bd443007507b8d2e2ea870060397833a500615e3e35ce6358bbe17cdf,1
ort_python,5,38,31.5666,1,1,0,c5ef909be6cda03f0f87a7354355468944e7f8840d5d2d83c344fdbf4a5d3bf6,04d5fc3bd443007507b8d2e2ea870060397833a500615e3e35ce6358bbe17cdf,1
ort_python,5,39,30.41,1,1,0,c5ef909be6cda03f0f87a7354355468944e7f8840d5d2d83c344fdbf4a5d3bf6,04d5fc3bd443007507b8d2e2ea870060397833a500615e3e35ce6358bbe17cdf,1
ort_python,5,40,29.8286,1,1,0,c5ef909be6cda03f0f87a7354355468944e7f8840d5d2d83c344fdbf4a5d3bf6,04d5fc3bd443007507b8d2e2ea870060397833a500615e3e35ce6358bbe17cdf,1
ort_python,5,41,32.7603,1,1,0,c5ef909be6cda03f0f87a7354355468944e7f8840d5d2d83c344fdbf4a5d3bf6,04d5fc3bd443007507b8d2e2ea870060397833a500615e3e35ce6358bbe17cdf,1
ort_python,5,42,29.319,1,1,0,c5ef909be6cda03f0f87a7354355468944e7f8840d5d2d83c344fdbf4a5d3bf6,04d5fc3bd443007507b8d2e2ea870060397833a500615e3e35ce6358bbe17cdf,1
ort_python,5,43,29.6144,1,1,0,c5ef909be6cda03f0f87a7354355468944e7f8840d5d2d83c344fdbf4a5d3bf6,04d5fc3bd443007507b8d2e2ea870060397833a500615e3e35ce6358bbe17cdf,1
ort_python,5,44,33.1403,1,1,0,c5ef909be6cda03f0f87a7354355468944e7f8840d5d2d83c344fdbf4a5d3bf6,04d5fc3bd443007507b8d2e2ea870060397833a500615e3e35ce6358bbe17cdf,1
ort_python,5,45,30.6935,1,1,0,c5ef909be6cda03f0f87a7354355468944e7f8840d5d2d83c344fdbf4a5d3bf6,04d5fc3bd443007507b8d2e2ea870060397833a500615e3e35ce6358bbe17cdf,1
ort_python,5,46,28.9472,1,1,0,c5ef909be6cda03f0f87a7354355468944e7f8840d5d2d83c344fdbf4a5d3bf6,04d5fc3bd443007507b8d2e2ea870060397833a500615e3e35ce6358bbe17cdf,1
ort_python,5,47,29.5282,1,1,0,c5ef909be6cda03f0f87a7354355468944e7f8840d5d2d83c344fdbf4a5d3bf6,04d5fc3bd443007507b8d2e2ea870060397833a500615e3e35ce6358bbe17cdf,1
ort_python,5,48,32.0084,1,1,0,c5ef909be6cda03f0f87a7354355468944e7f8840d5d2d83c344fdbf4a5d3bf6,04d5fc3bd443007507b8d2e2ea870060397833a500615e3e35ce6358bbe17cdf,1
ort_python,5,49,29.5281,1,1,0,c5ef909be6cda03f0f87a7354355468944e7f8840d5d2d83c344fdbf4a5d3bf6,04d5fc3bd443007507b8d2e2ea870060397833a500615e3e35ce6358bbe17cdf,1
ort_python,5,50,29.5096,1,1,0,c5ef909be6cda03f0f87a7354355468944e7f8840d5d2d83c344fdbf4a5d3bf6,04d5fc3bd443007507b8d2e2ea870060397833a500615e3e35ce6358bbe17cdf,1
ort_python,5,51,31.5353,1,1,0,c5ef909be6cda03f0f87a7354355468944e7f8840d5d2d83c344fdbf4a5d3bf6,04d5fc3bd443007507b8d2e2ea870060397833a500615e3e35ce6358bbe17cdf,1
ort_python,5,52,28.9754,1,1,0,c5ef909be6cda03f0f87a7354355468944e7f8840d5d2d83c344fdbf4a5d3bf6,04d5fc3bd443007507b8d2e2ea870060397833a500615e3e35ce6358bbe17cdf,1
ort_python,5,53,28.9593,1,1,0,c5ef909be6cda03f0f87a7354355468944e7f8840d5d2d83c344fdbf4a5d3bf6,04d5fc3bd443007507b8d2e2ea870060397833a500615e3e35ce6358bbe17cdf,1
ort_python,5,54,31.8578,1,1,0,c5ef909be6cda03f0f87a7354355468944e7f8840d5d2d83c344fdbf4a5d3bf6,04d5fc3bd443007507b8d2e2ea870060397833a500615e3e35ce6358bbe17cdf,1
ort_python,5,55,30.8142,1,1,0,c5ef909be6cda03f0f87a7354355468944e7f8840d5d2d83c344fdbf4a5d3bf6,04d5fc3bd443007507b8d2e2ea870060397833a500615e3e35ce6358bbe17cdf,1
ort_python,5,56,30.1871,1,1,0,c5ef909be6cda03f0f87a7354355468944e7f8840d5d2d83c344fdbf4a5d3bf6,04d5fc3bd443007507b8d2e2ea870060397833a500615e3e35ce6358bbe17cdf,1
ort_python,5,57,29.621,1,1,0,c5ef909be6cda03f0f87a7354355468944e7f8840d5d2d83c344fdbf4a5d3bf6,04d5fc3bd443007507b8d2e2ea870060397833a500615e3e35ce6358bbe17cdf,1
ort_python,5,58,33.8156,1,1,0,c5ef909be6cda03f0f87a7354355468944e7f8840d5d2d83c344fdbf4a5d3bf6,04d5fc3bd443007507b8d2e2ea870060397833a500615e3e35ce6358bbe17cdf,1
ort_python,5,59,30.3748,1,1,0,c5ef909be6cda03f0f87a7354355468944e7f8840d5d2d83c344fdbf4a5d3bf6,04d5fc3bd443007507b8d2e2ea870060397833a500615e3e35ce6358bbe17cdf,1
ort_python,5,60,30.6031,1,1,0,c5ef909be6cda03f0f87a7354355468944e7f8840d5d2d83c344fdbf4a5d3bf6,04d5fc3bd443007507b8d2e2ea870060397833a500615e3e35ce6358bbe17cdf,1
ort_python,5,61,31.7326,1,1,0,c5ef909be6cda03f0f87a7354355468944e7f8840d5d2d83c344fdbf4a5d3bf6,04d5fc3bd443007507b8d2e2ea870060397833a500615e3e35ce6358bbe17cdf,1
ort_python,5,62,30.4549,1,1,0,c5ef909be6cda03f0f87a7354355468944e7f8840d5d2d83c344fdbf4a5d3bf6,04d5fc3bd443007507b8d2e2ea870060397833a500615e3e35ce6358bbe17cdf,1
ort_python,5,63,29.921,1,1,0,c5ef909be6cda03f0f87a7354355468944e7f8840d5d2d83c344fdbf4a5d3bf6,04d5fc3bd443007507b8d2e2ea870060397833a500615e3e35ce6358bbe17cdf,1
ort_python,5,64,30.8926,1,1,0,c5ef909be6cda03f0f87a7354355468944e7f8840d5d2d83c344fdbf4a5d3bf6,04d5fc3bd443007507b8d2e2ea870060397833a500615e3e35ce6358bbe17cdf,1
ort_python,5,65,29.6827,1,1,0,c5ef909be6cda03f0f87a7354355468944e7f8840d5d2d83c344fdbf4a5d3bf6,04d5fc3bd443007507b8d2e2ea870060397833a500615e3e35ce6358bbe17cdf,1
ort_python,5,66,33.2416,1,1,0,c5ef909be6cda03f0f87a7354355468944e7f8840d5d2d83c344fdbf4a5d3bf6,04d5fc3bd443007507b8d2e2ea870060397833a500615e3e35ce6358bbe17cdf,1
ort_python,5,67,29.5921,1,1,0,c5ef909be6cda03f0f87a7354355468944e7f8840d5d2d83c344fdbf4a5d3bf6,04d5fc3bd443007507b8d2e2ea870060397833a500615e3e35ce6358bbe17cdf,1
ort_python,5,68,32.8996,1,1,0,c5ef909be6cda03f0f87a7354355468944e7f8840d5d2d83c344fdbf4a5d3bf6,04d5fc3bd443007507b8d2e2ea870060397833a500615e3e35ce6358bbe17cdf,1
ort_python,5,69,29.9567,1,1,0,c5ef909be6cda03f0f87a7354355468944e7f8840d5d2d83c344fdbf4a5d3bf6,04d5fc3bd443007507b8d2e2ea870060397833a500615e3e35ce6358bbe17cdf,1
ort_python,5,70,31.3219,1,1,0,c5ef909be6cda03f0f87a7354355468944e7f8840d5d2d83c344fdbf4a5d3bf6,04d5fc3bd443007507b8d2e2ea870060397833a500615e3e35ce6358bbe17cdf,1
ort_python,5,71,32.7857,1,1,0,c5ef909be6cda03f0f87a7354355468944e7f8840d5d2d83c344fdbf4a5d3bf6,04d5fc3bd443007507b8d2e2ea870060397833a500615e3e35ce6358bbe17cdf,1
ort_python,5,72,28.7336,1,1,0,c5ef909be6cda03f0f87a7354355468944e7f8840d5d2d83c344fdbf4a5d3bf6,04d5fc3bd443007507b8d2e2ea870060397833a500615e3e35ce6358bbe17cdf,1
ort_python,5,73,30.1276,1,1,0,c5ef909be6cda03f0f87a7354355468944e7f8840d5d2d83c344fdbf4a5d3bf6,04d5fc3bd443007507b8d2e2ea870060397833a500615e3e35ce6358bbe17cdf,1
ort_python,5,74,31.9817,1,1,0,c5ef909be6cda03f0f87a7354355468944e7f8840d5d2d83c344fdbf4a5d3bf6,04d5fc3bd443007507b8d2e2ea870060397833a500615e3e35ce6358bbe17cdf,1
ort_python,5,75,29.6034,1,1,0,c5ef909be6cda03f0f87a7354355468944e7f8840d5d2d83c344fdbf4a5d3bf6,04d5fc3bd443007507b8d2e2ea870060397833a500615e3e35ce6358bbe17cdf,1
ort_python,5,76,29.3286,1,1,0,c5ef909be6cda03f0f87a7354355468944e7f8840d5d2d83c344fdbf4a5d3bf6,04d5fc3bd443007507b8d2e2ea870060397833a500615e3e35ce6358bbe17cdf,1
ort_python,5,77,32.1206,1,1,0,c5ef909be6cda03f0f87a7354355468944e7f8840d5d2d83c344fdbf4a5d3bf6,04d5fc3bd443007507b8d2e2ea870060397833a500615e3e35ce6358bbe17cdf,1
ort_python,5,78,28.692,1,1,0,c5ef909be6cda03f0f87a7354355468944e7f8840d5d2d83c344fdbf4a5d3bf6,04d5fc3bd443007507b8d2e2ea870060397833a500615e3e35ce6358bbe17cdf,1
ort_python,5,79,32.0876,1,1,0,c5ef909be6cda03f0f87a7354355468944e7f8840d5d2d83c344fdbf4a5d3bf6,04d5fc3bd443007507b8d2e2ea870060397833a500615e3e35ce6358bbe17cdf,1
ort_python,5,80,33.9996,1,1,0,c5ef909be6cda03f0f87a7354355468944e7f8840d5d2d83c344fdbf4a5d3bf6,04d5fc3bd443007507b8d2e2ea870060397833a500615e3e35ce6358bbe17cdf,1
ort_python,5,81,32.243,1,1,0,c5ef909be6cda03f0f87a7354355468944e7f8840d5d2d83c344fdbf4a5d3bf6,04d5fc3bd443007507b8d2e2ea870060397833a500615e3e35ce6358bbe17cdf,1
ort_python,5,82,29.6988,1,1,0,c5ef909be6cda03f0f87a7354355468944e7f8840d5d2d83c344fdbf4a5d3bf6,04d5fc3bd443007507b8d2e2ea870060397833a500615e3e35ce6358bbe17cdf,1
ort_python,5,83,30.2874,1,1,0,c5ef909be6cda03f0f87a7354355468944e7f8840d5d2d83c344fdbf4a5d3bf6,04d5fc3bd443007507b8d2e2ea870060397833a500615e3e35ce6358bbe17cdf,1
ort_python,5,84,31.5476,1,1,0,c5ef909be6cda03f0f87a7354355468944e7f8840d5d2d83c344fdbf4a5d3bf6,04d5fc3bd443007507b8d2e2ea870060397833a500615e3e35ce6358bbe17cdf,1
ort_python,5,85,28.3309,1,1,0,c5ef909be6cda03f0f87a7354355468944e7f8840d5d2d83c344fdbf4a5d3bf6,04d5fc3bd443007507b8d2e2ea870060397833a500615e3e35ce6358bbe17cdf,1
ort_python,5,86,29.4709,1,1,0,c5ef909be6cda03f0f87a7354355468944e7f8840d5d2d83c344fdbf4a5d3bf6,04d5fc3bd443007507b8d2e2ea870060397833a500615e3e35ce6358bbe17cdf,1
ort_python,5,87,30.4045,1,1,0,c5ef909be6cda03f0f87a7354355468944e7f8840d5d2d83c344fdbf4a5d3bf6,04d5fc3bd443007507b8d2e2ea870060397833a500615e3e35ce6358bbe17cdf,1
ort_python,5,88,31.3749,1,1,0,c5ef909be6cda03f0f87a7354355468944e7f8840d5d2d83c344fdbf4a5d3bf6,04d5fc3bd443007507b8d2e2ea870060397833a500615e3e35ce6358bbe17cdf,1
ort_python,5,89,29.5103,1,1,0,c5ef909be6cda03f0f87a7354355468944e7f8840d5d2d83c344fdbf4a5d3bf6,04d5fc3bd443007507b8d2e2ea870060397833a500615e3e35ce6358bbe17cdf,1
ort_python,5,90,28.6616,1,1,0,c5ef909be6cda03f0f87a7354355468944e7f8840d5d2d83c344fdbf4a5d3bf6,04d5fc3bd443007507b8d2e2ea870060397833a500615e3e35ce6358bbe17cdf,1
ort_python,5,91,33.0343,1,1,0,c5ef909be6cda03f0f87a7354355468944e7f8840d5d2d83c344fdbf4a5d3bf6,04d5fc3bd443007507b8d2e2ea870060397833a500615e3e35ce6358bbe17cdf,1
ort_python,5,92,30.37,1,1,0,c5ef909be6cda03f0f87a7354355468944e7f8840d5d2d83c344fdbf4a5d3bf6,04d5fc3bd443007507b8d2e2ea870060397833a500615e3e35ce6358bbe17cdf,1
ort_python,5,93,29.3232,1,1,0,c5ef909be6cda03f0f87a7354355468944e7f8840d5d2d83c344fdbf4a5d3bf6,04d5fc3bd443007507b8d2e2ea870060397833a500615e3e35ce6358bbe17cdf,1
ort_python,5,94,31.4093,1,1,0,c5ef909be6cda03f0f87a7354355468944e7f8840d5d2d83c344fdbf4a5d3bf6,04d5fc3bd443007507b8d2e2ea870060397833a500615e3e35ce6358bbe17cdf,1
ort_python,5,95,29.3261,1,1,0,c5ef909be6cda03f0f87a7354355468944e7f8840d5d2d83c344fdbf4a5d3bf6,04d5fc3bd443007507b8d2e2ea870060397833a500615e3e35ce6358bbe17cdf,1
ort_python,5,96,29.3225,1,1,0,c5ef909be6cda03f0f87a7354355468944e7f8840d5d2d83c344fdbf4a5d3bf6,04d5fc3bd443007507b8d2e2ea870060397833a500615e3e35ce6358bbe17cdf,1
ort_python,5,97,30.1872,1,1,0,c5ef909be6cda03f0f87a7354355468944e7f8840d5d2d83c344fdbf4a5d3bf6,04d5fc3bd443007507b8d2e2ea870060397833a500615e3e35ce6358bbe17cdf,1
ort_python,5,98,31.3331,1,1,0,c5ef909be6cda03f0f87a7354355468944e7f8840d5d2d83c344fdbf4a5d3bf6,04d5fc3bd443007507b8d2e2ea870060397833a500615e3e35ce6358bbe17cdf,1
ort_python,5,99,29.5011,1,1,0,c5ef909be6cda03f0f87a7354355468944e7f8840d5d2d83c344fdbf4a5d3bf6,04d5fc3bd443007507b8d2e2ea870060397833a500615e3e35ce6358bbe17cdf,1
ort_python,5,100,29.1192,1,1,0,c5ef909be6cda03f0f87a7354355468944e7f8840d5d2d83c344fdbf4a5d3bf6,04d5fc3bd443007507b8d2e2ea870060397833a500615e3e35ce6358bbe17cdf,1
ort_python,5,101,31.3524,1,1,0,c5ef909be6cda03f0f87a7354355468944e7f8840d5d2d83c344fdbf4a5d3bf6,04d5fc3bd443007507b8d2e2ea870060397833a500615e3e35ce6358bbe17cdf,1
ort_python,5,102,28.8804,1,1,0,c5ef909be6cda03f0f87a7354355468944e7f8840d5d2d83c344fdbf4a5d3bf6,04d5fc3bd443007507b8d2e2ea870060397833a500615e3e35ce6358bbe17cdf,1
ort_python,5,103,32.3592,1,1,0,c5ef909be6cda03f0f87a7354355468944e7f8840d5d2d83c344fdbf4a5d3bf6,04d5fc3bd443007507b8d2e2ea870060397833a500615e3e35ce6358bbe17cdf,1
ort_python,5,104,31.4247,1,1,0,c5ef909be6cda03f0f87a7354355468944e7f8840d5d2d83c344fdbf4a5d3bf6,04d5fc3bd443007507b8d2e2ea870060397833a500615e3e35ce6358bbe17cdf,1
ort_python,5,105,29.9171,1,1,0,c5ef909be6cda03f0f87a7354355468944e7f8840d5d2d83c344fdbf4a5d3bf6,04d5fc3bd443007507b8d2e2ea870060397833a500615e3e35ce6358bbe17cdf,1
ort_python,5,106,29.8843,1,1,0,c5ef909be6cda03f0f87a7354355468944e7f8840d5d2d83c344fdbf4a5d3bf6,04d5fc3bd443007507b8d2e2ea870060397833a500615e3e35ce6358bbe17cdf,1
ort_python,5,107,28.1766,1,1,0,c5ef909be6cda03f0f87a7354355468944e7f8840d5d2d83c344fdbf4a5d3bf6,04d5fc3bd443007507b8d2e2ea870060397833a500615e3e35ce6358bbe17cdf,1
ort_python,5,108,31.3715,1,1,0,c5ef909be6cda03f0f87a7354355468944e7f8840d5d2d83c344fdbf4a5d3bf6,04d5fc3bd443007507b8d2e2ea870060397833a500615e3e35ce6358bbe17cdf,1
ort_python,5,109,28.9543,1,1,0,c5ef909be6cda03f0f87a7354355468944e7f8840d5d2d83c344fdbf4a5d3bf6,04d5fc3bd443007507b8d2e2ea870060397833a500615e3e35ce6358bbe17cdf,1
ort_python,5,110,29.7175,1,1,0,c5ef909be6cda03f0f87a7354355468944e7f8840d5d2d83c344fdbf4a5d3bf6,04d5fc3bd443007507b8d2e2ea870060397833a500615e3e35ce6358bbe17cdf,1
ort_python,5,111,31.2009,1,1,0,c5ef909be6cda03f0f87a7354355468944e7f8840d5d2d83c344fdbf4a5d3bf6,04d5fc3bd443007507b8d2e2ea870060397833a500615e3e35ce6358bbe17cdf,1
ort_python,5,112,28.3504,1,1,0,c5ef909be6cda03f0f87a7354355468944e7f8840d5d2d83c344fdbf4a5d3bf6,04d5fc3bd443007507b8d2e2ea870060397833a500615e3e35ce6358bbe17cdf,1
ort_python,5,113,29.1005,1,1,0,c5ef909be6cda03f0f87a7354355468944e7f8840d5d2d83c344fdbf4a5d3bf6,04d5fc3bd443007507b8d2e2ea870060397833a500615e3e35ce6358bbe17cdf,1
ort_python,5,114,29.7756,1,1,0,c5ef909be6cda03f0f87a7354355468944e7f8840d5d2d83c344fdbf4a5d3bf6,04d5fc3bd443007507b8d2e2ea870060397833a500615e3e35ce6358bbe17cdf,1
ort_python,5,115,32.7772,1,1,0,c5ef909be6cda03f0f87a7354355468944e7f8840d5d2d83c344fdbf4a5d3bf6,04d5fc3bd443007507b8d2e2ea870060397833a500615e3e35ce6358bbe17cdf,1
ort_python,5,116,33.5093,1,1,0,c5ef909be6cda03f0f87a7354355468944e7f8840d5d2d83c344fdbf4a5d3bf6,04d5fc3bd443007507b8d2e2ea870060397833a500615e3e35ce6358bbe17cdf,1
ort_python,5,117,29.0319,1,1,0,c5ef909be6cda03f0f87a7354355468944e7f8840d5d2d83c344fdbf4a5d3bf6,04d5fc3bd443007507b8d2e2ea870060397833a500615e3e35ce6358bbe17cdf,1
ort_python,5,118,31.5245,1,1,0,c5ef909be6cda03f0f87a7354355468944e7f8840d5d2d83c344fdbf4a5d3bf6,04d5fc3bd443007507b8d2e2ea870060397833a500615e3e35ce6358bbe17cdf,1
ort_python,5,119,29.273,1,1,0,c5ef909be6cda03f0f87a7354355468944e7f8840d5d2d83c344fdbf4a5d3bf6,04d5fc3bd443007507b8d2e2ea870060397833a500615e3e35ce6358bbe17cdf,1
ort_python,5,120,30.3579,1,1,0,c5ef909be6cda03f0f87a7354355468944e7f8840d5d2d83c344fdbf4a5d3bf6,04d5fc3bd443007507b8d2e2ea870060397833a500615e3e35ce6358bbe17cdf,1
ort_python,5,121,31.6196,1,1,0,c5ef909be6cda03f0f87a7354355468944e7f8840d5d2d83c344fdbf4a5d3bf6,04d5fc3bd443007507b8d2e2ea870060397833a500615e3e35ce6358bbe17cdf,1
ort_python,5,122,29.6635,1,1,0,c5ef909be6cda03f0f87a7354355468944e7f8840d5d2d83c344fdbf4a5d3bf6,04d5fc3bd443007507b8d2e2ea870060397833a500615e3e35ce6358bbe17cdf,1
ort_python,5,123,29.3946,1,1,0,c5ef909be6cda03f0f87a7354355468944e7f8840d5d2d83c344fdbf4a5d3bf6,04d5fc3bd443007507b8d2e2ea870060397833a500615e3e35ce6358bbe17cdf,1
ort_python,5,124,29.9072,1,1,0,c5ef909be6cda03f0f87a7354355468944e7f8840d5d2d83c344fdbf4a5d3bf6,04d5fc3bd443007507b8d2e2ea870060397833a500615e3e35ce6358bbe17cdf,1
ort_python,5,125,31.7275,1,1,0,c5ef909be6cda03f0f87a7354355468944e7f8840d5d2d83c344fdbf4a5d3bf6,04d5fc3bd443007507b8d2e2ea870060397833a500615e3e35ce6358bbe17cdf,1
ort_python,5,126,30.6205,1,1,0,c5ef909be6cda03f0f87a7354355468944e7f8840d5d2d83c344fdbf4a5d3bf6,04d5fc3bd443007507b8d2e2ea870060397833a500615e3e35ce6358bbe17cdf,1
ort_python,5,127,29.3747,1,1,0,c5ef909be6cda03f0f87a7354355468944e7f8840d5d2d83c344fdbf4a5d3bf6,04d5fc3bd443007507b8d2e2ea870060397833a500615e3e35ce6358bbe17cdf,1
ort_python,5,128,31.4373,1,1,0,c5ef909be6cda03f0f87a7354355468944e7f8840d5d2d83c344fdbf4a5d3bf6,04d5fc3bd443007507b8d2e2ea870060397833a500615e3e35ce6358bbe17cdf,1
ort_python,5,129,29.3011,1,1,0,c5ef909be6cda03f0f87a7354355468944e7f8840d5d2d83c344fdbf4a5d3bf6,04d5fc3bd443007507b8d2e2ea870060397833a500615e3e35ce6358bbe17cdf,1
ort_python,5,130,31.2708,1,1,0,c5ef909be6cda03f0f87a7354355468944e7f8840d5d2d83c344fdbf4a5d3bf6,04d5fc3bd443007507b8d2e2ea870060397833a500615e3e35ce6358bbe17cdf,1
ort_python,5,131,32.2654,1,1,0,c5ef909be6cda03f0f87a7354355468944e7f8840d5d2d83c344fdbf4a5d3bf6,04d5fc3bd443007507b8d2e2ea870060397833a500615e3e35ce6358bbe17cdf,1
ort_python,5,132,28.6417,1,1,0,c5ef909be6cda03f0f87a7354355468944e7f8840d5d2d83c344fdbf4a5d3bf6,04d5fc3bd443007507b8d2e2ea870060397833a500615e3e35ce6358bbe17cdf,1
ort_python,5,133,29.9447,1,1,0,c5ef909be6cda03f0f87a7354355468944e7f8840d5d2d83c344fdbf4a5d3bf6,04d5fc3bd443007507b8d2e2ea870060397833a500615e3e35ce6358bbe17cdf,1
ort_python,5,134,28.0538,1,1,0,c5ef909be6cda03f0f87a7354355468944e7f8840d5d2d83c344fdbf4a5d3bf6,04d5fc3bd443007507b8d2e2ea870060397833a500615e3e35ce6358bbe17cdf,1
ort_python,5,135,31.5227,1,1,0,c5ef909be6cda03f0f87a7354355468944e7f8840d5d2d83c344fdbf4a5d3bf6,04d5fc3bd443007507b8d2e2ea870060397833a500615e3e35ce6358bbe17cdf,1
ort_python,5,136,29.8864,1,1,0,c5ef909be6cda03f0f87a7354355468944e7f8840d5d2d83c344fdbf4a5d3bf6,04d5fc3bd443007507b8d2e2ea870060397833a500615e3e35ce6358bbe17cdf,1
ort_python,5,137,30.0891,1,1,0,c5ef909be6cda03f0f87a7354355468944e7f8840d5d2d83c344fdbf4a5d3bf6,04d5fc3bd443007507b8d2e2ea870060397833a500615e3e35ce6358bbe17cdf,1
ort_python,5,138,31.4598,1,1,0,c5ef909be6cda03f0f87a7354355468944e7f8840d5d2d83c344fdbf4a5d3bf6,04d5fc3bd443007507b8d2e2ea870060397833a500615e3e35ce6358bbe17cdf,1
ort_python,5,139,28.1645,1,1,0,c5ef909be6cda03f0f87a7354355468944e7f8840d5d2d83c344fdbf4a5d3bf6,04d5fc3bd443007507b8d2e2ea870060397833a500615e3e35ce6358bbe17cdf,1
ort_python,5,140,29.5481,1,1,0,c5ef909be6cda03f0f87a7354355468944e7f8840d5d2d83c344fdbf4a5d3bf6,04d5fc3bd443007507b8d2e2ea870060397833a500615e3e35ce6358bbe17cdf,1
ort_python,5,141,28.4027,1,1,0,c5ef909be6cda03f0f87a7354355468944e7f8840d5d2d83c344fdbf4a5d3bf6,04d5fc3bd443007507b8d2e2ea870060397833a500615e3e35ce6358bbe17cdf,1
ort_python,5,142,32.1207,1,1,0,c5ef909be6cda03f0f87a7354355468944e7f8840d5d2d83c344fdbf4a5d3bf6,04d5fc3bd443007507b8d2e2ea870060397833a500615e3e35ce6358bbe17cdf,1
ort_python,5,143,29.389,1,1,0,c5ef909be6cda03f0f87a7354355468944e7f8840d5d2d83c344fdbf4a5d3bf6,04d5fc3bd443007507b8d2e2ea870060397833a500615e3e35ce6358bbe17cdf,1
ort_python,5,144,28.2545,1,1,0,c5ef909be6cda03f0f87a7354355468944e7f8840d5d2d83c344fdbf4a5d3bf6,04d5fc3bd443007507b8d2e2ea870060397833a500615e3e35ce6358bbe17cdf,1
ort_python,5,145,31.5298,1,1,0,c5ef909be6cda03f0f87a7354355468944e7f8840d5d2d83c344fdbf4a5d3bf6,04d5fc3bd443007507b8d2e2ea870060397833a500615e3e35ce6358bbe17cdf,1
ort_python,5,146,31.2226,1,1,0,c5ef909be6cda03f0f87a7354355468944e7f8840d5d2d83c344fdbf4a5d3bf6,04d5fc3bd443007507b8d2e2ea870060397833a500615e3e35ce6358bbe17cdf,1
ort_python,5,147,30.9971,1,1,0,c5ef909be6cda03f0f87a7354355468944e7f8840d5d2d83c344fdbf4a5d3bf6,04d5fc3bd443007507b8d2e2ea870060397833a500615e3e35ce6358bbe17cdf,1
ort_python,5,148,30.9994,1,1,0,c5ef909be6cda03f0f87a7354355468944e7f8840d5d2d83c344fdbf4a5d3bf6,04d5fc3bd443007507b8d2e2ea870060397833a500615e3e35ce6358bbe17cdf,1
ort_python,5,149,29.3009,1,1,0,c5ef909be6cda03f0f87a7354355468944e7f8840d5d2d83c344fdbf4a5d3bf6,04d5fc3bd443007507b8d2e2ea870060397833a500615e3e35ce6358bbe17cdf,1
ort_python,5,150,29.654,1,1,0,c5ef909be6cda03f0f87a7354355468944e7f8840d5d2d83c344fdbf4a5d3bf6,04d5fc3bd443007507b8d2e2ea870060397833a500615e3e35ce6358bbe17cdf,1
ort_python,5,151,32.1668,1,1,0,c5ef909be6cda03f0f87a7354355468944e7f8840d5d2d83c344fdbf4a5d3bf6,04d5fc3bd443007507b8d2e2ea870060397833a500615e3e35ce6358bbe17cdf,1
ort_python,5,152,31.0462,1,1,0,c5ef909be6cda03f0f87a7354355468944e7f8840d5d2d83c344fdbf4a5d3bf6,04d5fc3bd443007507b8d2e2ea870060397833a500615e3e35ce6358bbe17cdf,1
ort_python,5,153,30.4122,1,1,0,c5ef909be6cda03f0f87a7354355468944e7f8840d5d2d83c344fdbf4a5d3bf6,04d5fc3bd443007507b8d2e2ea870060397833a500615e3e35ce6358bbe17cdf,1
ort_python,5,154,30.4939,1,1,0,c5ef909be6cda03f0f87a7354355468944e7f8840d5d2d83c344fdbf4a5d3bf6,04d5fc3bd443007507b8d2e2ea870060397833a500615e3e35ce6358bbe17cdf,1
ort_python,5,155,35.0802,1,1,0,c5ef909be6cda03f0f87a7354355468944e7f8840d5d2d83c344fdbf4a5d3bf6,04d5fc3bd443007507b8d2e2ea870060397833a500615e3e35ce6358bbe17cdf,1
ort_python,5,156,29.4788,1,1,0,c5ef909be6cda03f0f87a7354355468944e7f8840d5d2d83c344fdbf4a5d3bf6,04d5fc3bd443007507b8d2e2ea870060397833a500615e3e35ce6358bbe17cdf,1
ort_python,5,157,28.0842,1,1,0,c5ef909be6cda03f0f87a7354355468944e7f8840d5d2d83c344fdbf4a5d3bf6,04d5fc3bd443007507b8d2e2ea870060397833a500615e3e35ce6358bbe17cdf,1
ort_python,5,158,29.0797,1,1,0,c5ef909be6cda03f0f87a7354355468944e7f8840d5d2d83c344fdbf4a5d3bf6,04d5fc3bd443007507b8d2e2ea870060397833a500615e3e35ce6358bbe17cdf,1
ort_python,5,159,31.7237,1,1,0,c5ef909be6cda03f0f87a7354355468944e7f8840d5d2d83c344fdbf4a5d3bf6,04d5fc3bd443007507b8d2e2ea870060397833a500615e3e35ce6358bbe17cdf,1
ort_python,5,160,30.6623,1,1,0,c5ef909be6cda03f0f87a7354355468944e7f8840d5d2d83c344fdbf4a5d3bf6,04d5fc3bd443007507b8d2e2ea870060397833a500615e3e35ce6358bbe17cdf,1
ort_python,5,161,29.284,1,1,0,c5ef909be6cda03f0f87a7354355468944e7f8840d5d2d83c344fdbf4a5d3bf6,04d5fc3bd443007507b8d2e2ea870060397833a500615e3e35ce6358bbe17cdf,1
ort_python,5,162,32.5087,1,1,0,c5ef909be6cda03f0f87a7354355468944e7f8840d5d2d83c344fdbf4a5d3bf6,04d5fc3bd443007507b8d2e2ea870060397833a500615e3e35ce6358bbe17cdf,1
ort_python,5,163,29.0962,1,1,0,c5ef909be6cda03f0f87a7354355468944e7f8840d5d2d83c344fdbf4a5d3bf6,04d5fc3bd443007507b8d2e2ea870060397833a500615e3e35ce6358bbe17cdf,1
ort_python,5,164,29.3625,1,1,0,c5ef909be6cda03f0f87a7354355468944e7f8840d5d2d83c344fdbf4a5d3bf6,04d5fc3bd443007507b8d2e2ea870060397833a500615e3e35ce6358bbe17cdf,1
ort_python,5,165,31.7927,1,1,0,c5ef909be6cda03f0f87a7354355468944e7f8840d5d2d83c344fdbf4a5d3bf6,04d5fc3bd443007507b8d2e2ea870060397833a500615e3e35ce6358bbe17cdf,1
ort_python,5,166,29.2407,1,1,0,c5ef909be6cda03f0f87a7354355468944e7f8840d5d2d83c344fdbf4a5d3bf6,04d5fc3bd443007507b8d2e2ea870060397833a500615e3e35ce6358bbe17cdf,1
ort_python,5,167,29.8182,1,1,0,c5ef909be6cda03f0f87a7354355468944e7f8840d5d2d83c344fdbf4a5d3bf6,04d5fc3bd443007507b8d2e2ea870060397833a500615e3e35ce6358bbe17cdf,1
ort_python,5,168,29.0573,1,1,0,c5ef909be6cda03f0f87a7354355468944e7f8840d5d2d83c344fdbf4a5d3bf6,04d5fc3bd443007507b8d2e2ea870060397833a500615e3e35ce6358bbe17cdf,1
ort_python,5,169,32.7086,1,1,0,c5ef909be6cda03f0f87a7354355468944e7f8840d5d2d83c344fdbf4a5d3bf6,04d5fc3bd443007507b8d2e2ea870060397833a500615e3e35ce6358bbe17cdf,1
ort_python,5,170,29.0925,1,1,0,c5ef909be6cda03f0f87a7354355468944e7f8840d5d2d83c344fdbf4a5d3bf6,04d5fc3bd443007507b8d2e2ea870060397833a500615e3e35ce6358bbe17cdf,1
ort_python,5,171,29.5403,1,1,0,c5ef909be6cda03f0f87a7354355468944e7f8840d5d2d83c344fdbf4a5d3bf6,04d5fc3bd443007507b8d2e2ea870060397833a500615e3e35ce6358bbe17cdf,1
ort_python,5,172,30.4316,1,1,0,c5ef909be6cda03f0f87a7354355468944e7f8840d5d2d83c344fdbf4a5d3bf6,04d5fc3bd443007507b8d2e2ea870060397833a500615e3e35ce6358bbe17cdf,1
ort_python,5,173,28.7684,1,1,0,c5ef909be6cda03f0f87a7354355468944e7f8840d5d2d83c344fdbf4a5d3bf6,04d5fc3bd443007507b8d2e2ea870060397833a500615e3e35ce6358bbe17cdf,1
ort_python,5,174,30.0104,1,1,0,c5ef909be6cda03f0f87a7354355468944e7f8840d5d2d83c344fdbf4a5d3bf6,04d5fc3bd443007507b8d2e2ea870060397833a500615e3e35ce6358bbe17cdf,1
ort_python,5,175,29.357,1,1,0,c5ef909be6cda03f0f87a7354355468944e7f8840d5d2d83c344fdbf4a5d3bf6,04d5fc3bd443007507b8d2e2ea870060397833a500615e3e35ce6358bbe17cdf,1
ort_python,5,176,32.447,1,1,0,c5ef909be6cda03f0f87a7354355468944e7f8840d5d2d83c344fdbf4a5d3bf6,04d5fc3bd443007507b8d2e2ea870060397833a500615e3e35ce6358bbe17cdf,1
ort_python,5,177,31.0916,1,1,0,c5ef909be6cda03f0f87a7354355468944e7f8840d5d2d83c344fdbf4a5d3bf6,04d5fc3bd443007507b8d2e2ea870060397833a500615e3e35ce6358bbe17cdf,1
ort_python,5,178,28.6157,1,1,0,c5ef909be6cda03f0f87a7354355468944e7f8840d5d2d83c344fdbf4a5d3bf6,04d5fc3bd443007507b8d2e2ea870060397833a500615e3e35ce6358bbe17cdf,1
ort_python,5,179,33.4832,1,1,0,c5ef909be6cda03f0f87a7354355468944e7f8840d5d2d83c344fdbf4a5d3bf6,04d5fc3bd443007507b8d2e2ea870060397833a500615e3e35ce6358bbe17cdf,1
ort_python,5,180,29.7271,1,1,0,c5ef909be6cda03f0f87a7354355468944e7f8840d5d2d83c344fdbf4a5d3bf6,04d5fc3bd443007507b8d2e2ea870060397833a500615e3e35ce6358bbe17cdf,1
ort_python,5,181,29.0833,1,1,0,c5ef909be6cda03f0f87a7354355468944e7f8840d5d2d83c344fdbf4a5d3bf6,04d5fc3bd443007507b8d2e2ea870060397833a500615e3e35ce6358bbe17cdf,1
ort_python,5,182,32.1516,1,1,0,c5ef909be6cda03f0f87a7354355468944e7f8840d5d2d83c344fdbf4a5d3bf6,04d5fc3bd443007507b8d2e2ea870060397833a500615e3e35ce6358bbe17cdf,1
ort_python,5,183,29.1595,1,1,0,c5ef909be6cda03f0f87a7354355468944e7f8840d5d2d83c344fdbf4a5d3bf6,04d5fc3bd443007507b8d2e2ea870060397833a500615e3e35ce6358bbe17cdf,1
ort_python,5,184,28.0667,1,1,0,c5ef909be6cda03f0f87a7354355468944e7f8840d5d2d83c344fdbf4a5d3bf6,04d5fc3bd443007507b8d2e2ea870060397833a500615e3e35ce6358bbe17cdf,1
ort_python,5,185,29.5733,1,1,0,c5ef909be6cda03f0f87a7354355468944e7f8840d5d2d83c344fdbf4a5d3bf6,04d5fc3bd443007507b8d2e2ea870060397833a500615e3e35ce6358bbe17cdf,1
ort_python,5,186,32.1782,1,1,0,c5ef909be6cda03f0f87a7354355468944e7f8840d5d2d83c344fdbf4a5d3bf6,04d5fc3bd443007507b8d2e2ea870060397833a500615e3e35ce6358bbe17cdf,1
ort_python,5,187,32.5976,1,1,0,c5ef909be6cda03f0f87a7354355468944e7f8840d5d2d83c344fdbf4a5d3bf6,04d5fc3bd443007507b8d2e2ea870060397833a500615e3e35ce6358bbe17cdf,1
ort_python,5,188,29.6405,1,1,0,c5ef909be6cda03f0f87a7354355468944e7f8840d5d2d83c344fdbf4a5d3bf6,04d5fc3bd443007507b8d2e2ea870060397833a500615e3e35ce6358bbe17cdf,1
ort_python,5,189,34.0866,1,1,0,c5ef909be6cda03f0f87a7354355468944e7f8840d5d2d83c344fdbf4a5d3bf6,04d5fc3bd443007507b8d2e2ea870060397833a500615e3e35ce6358bbe17cdf,1
ort_python,5,190,30.3899,1,1,0,c5ef909be6cda03f0f87a7354355468944e7f8840d5d2d83c344fdbf4a5d3bf6,04d5fc3bd443007507b8d2e2ea870060397833a500615e3e35ce6358bbe17cdf,1
ort_python,5,191,28.4215,1,1,0,c5ef909be6cda03f0f87a7354355468944e7f8840d5d2d83c344fdbf4a5d3bf6,04d5fc3bd443007507b8d2e2ea870060397833a500615e3e35ce6358bbe17cdf,1
ort_python,5,192,33.7589,1,1,0,c5ef909be6cda03f0f87a7354355468944e7f8840d5d2d83c344fdbf4a5d3bf6,04d5fc3bd443007507b8d2e2ea870060397833a500615e3e35ce6358bbe17cdf,1
ort_python,5,193,29.074,1,1,0,c5ef909be6cda03f0f87a7354355468944e7f8840d5d2d83c344fdbf4a5d3bf6,04d5fc3bd443007507b8d2e2ea870060397833a500615e3e35ce6358bbe17cdf,1
ort_python,5,194,28.6829,1,1,0,c5ef909be6cda03f0f87a7354355468944e7f8840d5d2d83c344fdbf4a5d3bf6,04d5fc3bd443007507b8d2e2ea870060397833a500615e3e35ce6358bbe17cdf,1
ort_python,5,195,28.673,1,1,0,c5ef909be6cda03f0f87a7354355468944e7f8840d5d2d83c344fdbf4a5d3bf6,04d5fc3bd443007507b8d2e2ea870060397833a500615e3e35ce6358bbe17cdf,1
ort_python,5,196,34.1431,1,1,0,c5ef909be6cda03f0f87a7354355468944e7f8840d5d2d83c344fdbf4a5d3bf6,04d5fc3bd443007507b8d2e2ea870060397833a500615e3e35ce6358bbe17cdf,1
ort_python,5,197,28.451,1,1,0,c5ef909be6cda03f0f87a7354355468944e7f8840d5d2d83c344fdbf4a5d3bf6,04d5fc3bd443007507b8d2e2ea870060397833a500615e3e35ce6358bbe17cdf,1
ort_python,5,198,29.7775,1,1,0,c5ef909be6cda03f0f87a7354355468944e7f8840d5d2d83c344fdbf4a5d3bf6,04d5fc3bd443007507b8d2e2ea870060397833a500615e3e35ce6358bbe17cdf,1
ort_python,5,199,32.0453,1,1,0,c5ef909be6cda03f0f87a7354355468944e7f8840d5d2d83c344fdbf4a5d3bf6,04d5fc3bd443007507b8d2e2ea870060397833a500615e3e35ce6358bbe17cdf,1
ort_python,5,200,30.1579,1,1,0,c5ef909be6cda03f0f87a7354355468944e7f8840d5d2d83c344fdbf4a5d3bf6,04d5fc3bd443007507b8d2e2ea870060397833a500615e3e35ce6358bbe17cdf,1
ort_python,5,201,29.3837,1,1,0,c5ef909be6cda03f0f87a7354355468944e7f8840d5d2d83c344fdbf4a5d3bf6,04d5fc3bd443007507b8d2e2ea870060397833a500615e3e35ce6358bbe17cdf,1
ort_python,5,202,30.8497,1,1,0,c5ef909be6cda03f0f87a7354355468944e7f8840d5d2d83c344fdbf4a5d3bf6,04d5fc3bd443007507b8d2e2ea870060397833a500615e3e35ce6358bbe17cdf,1
ort_python,5,203,29.338,1,1,0,c5ef909be6cda03f0f87a7354355468944e7f8840d5d2d83c344fdbf4a5d3bf6,04d5fc3bd443007507b8d2e2ea870060397833a500615e3e35ce6358bbe17cdf,1
ort_python,5,204,29.0041,1,1,0,c5ef909be6cda03f0f87a7354355468944e7f8840d5d2d83c344fdbf4a5d3bf6,04d5fc3bd443007507b8d2e2ea870060397833a500615e3e35ce6358bbe17cdf,1
ort_python,5,205,28.4242,1,1,0,c5ef909be6cda03f0f87a7354355468944e7f8840d5d2d83c344fdbf4a5d3bf6,04d5fc3bd443007507b8d2e2ea870060397833a500615e3e35ce6358bbe17cdf,1
ort_python,5,206,32.3012,1,1,0,c5ef909be6cda03f0f87a7354355468944e7f8840d5d2d83c344fdbf4a5d3bf6,04d5fc3bd443007507b8d2e2ea870060397833a500615e3e35ce6358bbe17cdf,1
ort_python,5,207,28.3175,1,1,0,c5ef909be6cda03f0f87a7354355468944e7f8840d5d2d83c344fdbf4a5d3bf6,04d5fc3bd443007507b8d2e2ea870060397833a500615e3e35ce6358bbe17cdf,1
ort_python,5,208,29.6074,1,1,0,c5ef909be6cda03f0f87a7354355468944e7f8840d5d2d83c344fdbf4a5d3bf6,04d5fc3bd443007507b8d2e2ea870060397833a500615e3e35ce6358bbe17cdf,1
ort_python,5,209,31.3946,1,1,0,c5ef909be6cda03f0f87a7354355468944e7f8840d5d2d83c344fdbf4a5d3bf6,04d5fc3bd443007507b8d2e2ea870060397833a500615e3e35ce6358bbe17cdf,1
ort_python,5,210,30.1206,1,1,0,c5ef909be6cda03f0f87a7354355468944e7f8840d5d2d83c344fdbf4a5d3bf6,04d5fc3bd443007507b8d2e2ea870060397833a500615e3e35ce6358bbe17cdf,1
ort_python,5,211,28.3015,1,1,0,c5ef909be6cda03f0f87a7354355468944e7f8840d5d2d83c344fdbf4a5d3bf6,04d5fc3bd443007507b8d2e2ea870060397833a500615e3e35ce6358bbe17cdf,1
ort_python,5,212,29.358,1,1,0,c5ef909be6cda03f0f87a7354355468944e7f8840d5d2d83c344fdbf4a5d3bf6,04d5fc3bd443007507b8d2e2ea870060397833a500615e3e35ce6358bbe17cdf,1
ort_python,5,213,33.2845,1,1,0,c5ef909be6cda03f0f87a7354355468944e7f8840d5d2d83c344fdbf4a5d3bf6,04d5fc3bd443007507b8d2e2ea870060397833a500615e3e35ce6358bbe17cdf,1
ort_python,5,214,29.6848,1,1,0,c5ef909be6cda03f0f87a7354355468944e7f8840d5d2d83c344fdbf4a5d3bf6,04d5fc3bd443007507b8d2e2ea870060397833a500615e3e35ce6358bbe17cdf,1
ort_python,5,215,30.909,1,1,0,c5ef909be6cda03f0f87a7354355468944e7f8840d5d2d83c344fdbf4a5d3bf6,04d5fc3bd443007507b8d2e2ea870060397833a500615e3e35ce6358bbe17cdf,1
ort_python,5,216,32.4253,1,1,0,c5ef909be6cda03f0f87a7354355468944e7f8840d5d2d83c344fdbf4a5d3bf6,04d5fc3bd443007507b8d2e2ea870060397833a500615e3e35ce6358bbe17cdf,1
ort_python,5,217,28.4278,1,1,0,c5ef909be6cda03f0f87a7354355468944e7f8840d5d2d83c344fdbf4a5d3bf6,04d5fc3bd443007507b8d2e2ea870060397833a500615e3e35ce6358bbe17cdf,1
ort_python,5,218,29.3458,1,1,0,c5ef909be6cda03f0f87a7354355468944e7f8840d5d2d83c344fdbf4a5d3bf6,04d5fc3bd443007507b8d2e2ea870060397833a500615e3e35ce6358bbe17cdf,1
ort_python,5,219,32.8019,1,1,0,c5ef909be6cda03f0f87a7354355468944e7f8840d5d2d83c344fdbf4a5d3bf6,04d5fc3bd443007507b8d2e2ea870060397833a500615e3e35ce6358bbe17cdf,1
ort_python,5,220,30.127,1,1,0,c5ef909be6cda03f0f87a7354355468944e7f8840d5d2d83c344fdbf4a5d3bf6,04d5fc3bd443007507b8d2e2ea870060397833a500615e3e35ce6358bbe17cdf,1
ort_python,5,221,31.0864,1,1,0,c5ef909be6cda03f0f87a7354355468944e7f8840d5d2d83c344fdbf4a5d3bf6,04d5fc3bd443007507b8d2e2ea870060397833a500615e3e35ce6358bbe17cdf,1
ort_python,5,222,29.4006,1,1,0,c5ef909be6cda03f0f87a7354355468944e7f8840d5d2d83c344fdbf4a5d3bf6,04d5fc3bd443007507b8d2e2ea870060397833a500615e3e35ce6358bbe17cdf,1
ort_python,5,223,31.1595,1,1,0,c5ef909be6cda03f0f87a7354355468944e7f8840d5d2d83c344fdbf4a5d3bf6,04d5fc3bd443007507b8d2e2ea870060397833a500615e3e35ce6358bbe17cdf,1
ort_python,5,224,28.4476,1,1,0,c5ef909be6cda03f0f87a7354355468944e7f8840d5d2d83c344fdbf4a5d3bf6,04d5fc3bd443007507b8d2e2ea870060397833a500615e3e35ce6358bbe17cdf,1
ort_python,5,225,29.2383,1,1,0,c5ef909be6cda03f0f87a7354355468944e7f8840d5d2d83c344fdbf4a5d3bf6,04d5fc3bd443007507b8d2e2ea870060397833a500615e3e35ce6358bbe17cdf,1
ort_python,5,226,31.6777,1,1,0,c5ef909be6cda03f0f87a7354355468944e7f8840d5d2d83c344fdbf4a5d3bf6,04d5fc3bd443007507b8d2e2ea870060397833a500615e3e35ce6358bbe17cdf,1
ort_python,5,227,29.1697,1,1,0,c5ef909be6cda03f0f87a7354355468944e7f8840d5d2d83c344fdbf4a5d3bf6,04d5fc3bd443007507b8d2e2ea870060397833a500615e3e35ce6358bbe17cdf,1
ort_python,5,228,28.6615,1,1,0,c5ef909be6cda03f0f87a7354355468944e7f8840d5d2d83c344fdbf4a5d3bf6,04d5fc3bd443007507b8d2e2ea870060397833a500615e3e35ce6358bbe17cdf,1
ort_python,5,229,29.4683,1,1,0,c5ef909be6cda03f0f87a7354355468944e7f8840d5d2d83c344fdbf4a5d3bf6,04d5fc3bd443007507b8d2e2ea870060397833a500615e3e35ce6358bbe17cdf,1
ort_python,5,230,31.0248,1,1,0,c5ef909be6cda03f0f87a7354355468944e7f8840d5d2d83c344fdbf4a5d3bf6,04d5fc3bd443007507b8d2e2ea870060397833a500615e3e35ce6358bbe17cdf,1
ort_python,5,231,29.3842,1,1,0,c5ef909be6cda03f0f87a7354355468944e7f8840d5d2d83c344fdbf4a5d3bf6,04d5fc3bd443007507b8d2e2ea870060397833a500615e3e35ce6358bbe17cdf,1
ort_python,5,232,28.0885,1,1,0,c5ef909be6cda03f0f87a7354355468944e7f8840d5d2d83c344fdbf4a5d3bf6,04d5fc3bd443007507b8d2e2ea870060397833a500615e3e35ce6358bbe17cdf,1
ort_python,5,233,31.5167,1,1,0,c5ef909be6cda03f0f87a7354355468944e7f8840d5d2d83c344fdbf4a5d3bf6,04d5fc3bd443007507b8d2e2ea870060397833a500615e3e35ce6358bbe17cdf,1
ort_python,5,234,29.3608,1,1,0,c5ef909be6cda03f0f87a7354355468944e7f8840d5d2d83c344fdbf4a5d3bf6,04d5fc3bd443007507b8d2e2ea870060397833a500615e3e35ce6358bbe17cdf,1
ort_python,5,235,29.8346,1,1,0,c5ef909be6cda03f0f87a7354355468944e7f8840d5d2d83c344fdbf4a5d3bf6,04d5fc3bd443007507b8d2e2ea870060397833a500615e3e35ce6358bbe17cdf,1
ort_python,5,236,32.3992,1,1,0,c5ef909be6cda03f0f87a7354355468944e7f8840d5d2d83c344fdbf4a5d3bf6,04d5fc3bd443007507b8d2e2ea870060397833a500615e3e35ce6358bbe17cdf,1
ort_python,5,237,28.6119,1,1,0,c5ef909be6cda03f0f87a7354355468944e7f8840d5d2d83c344fdbf4a5d3bf6,04d5fc3bd443007507b8d2e2ea870060397833a500615e3e35ce6358bbe17cdf,1
ort_python,5,238,28.93,1,1,0,c5ef909be6cda03f0f87a7354355468944e7f8840d5d2d83c344fdbf4a5d3bf6,04d5fc3bd443007507b8d2e2ea870060397833a500615e3e35ce6358bbe17cdf,1
ort_python,5,239,30.1632,1,1,0,c5ef909be6cda03f0f87a7354355468944e7f8840d5d2d83c344fdbf4a5d3bf6,04d5fc3bd443007507b8d2e2ea870060397833a500615e3e35ce6358bbe17cdf,1
ort_python,5,240,31.3938,1,1,0,c5ef909be6cda03f0f87a7354355468944e7f8840d5d2d83c344fdbf4a5d3bf6,04d5fc3bd443007507b8d2e2ea870060397833a500615e3e35ce6358bbe17cdf,1
ort_python,5,241,30.0778,1,1,0,c5ef909be6cda03f0f87a7354355468944e7f8840d5d2d83c344fdbf4a5d3bf6,04d5fc3bd443007507b8d2e2ea870060397833a500615e3e35ce6358bbe17cdf,1
ort_python,5,242,29.272,1,1,0,c5ef909be6cda03f0f87a7354355468944e7f8840d5d2d83c344fdbf4a5d3bf6,04d5fc3bd443007507b8d2e2ea870060397833a500615e3e35ce6358bbe17cdf,1
ort_python,5,243,32.6011,1,1,0,c5ef909be6cda03f0f87a7354355468944e7f8840d5d2d83c344fdbf4a5d3bf6,04d5fc3bd443007507b8d2e2ea870060397833a500615e3e35ce6358bbe17cdf,1
ort_python,5,244,28.8593,1,1,0,c5ef909be6cda03f0f87a7354355468944e7f8840d5d2d83c344fdbf4a5d3bf6,04d5fc3bd443007507b8d2e2ea870060397833a500615e3e35ce6358bbe17cdf,1
ort_python,5,245,30.7141,1,1,0,c5ef909be6cda03f0f87a7354355468944e7f8840d5d2d83c344fdbf4a5d3bf6,04d5fc3bd443007507b8d2e2ea870060397833a500615e3e35ce6358bbe17cdf,1
ort_python,5,246,33.6121,1,1,0,c5ef909be6cda03f0f87a7354355468944e7f8840d5d2d83c344fdbf4a5d3bf6,04d5fc3bd443007507b8d2e2ea870060397833a500615e3e35ce6358bbe17cdf,1
ort_python,5,247,30.1957,1,1,0,c5ef909be6cda03f0f87a7354355468944e7f8840d5d2d83c344fdbf4a5d3bf6,04d5fc3bd443007507b8d2e2ea870060397833a500615e3e35ce6358bbe17cdf,1
ort_python,5,248,29.0781,1,1,0,c5ef909be6cda03f0f87a7354355468944e7f8840d5d2d83c344fdbf4a5d3bf6,04d5fc3bd443007507b8d2e2ea870060397833a500615e3e35ce6358bbe17cdf,1
ort_python,5,249,28.8127,1,1,0,c5ef909be6cda03f0f87a7354355468944e7f8840d5d2d83c344fdbf4a5d3bf6,04d5fc3bd443007507b8d2e2ea870060397833a500615e3e35ce6358bbe17cdf,1
ort_python,5,250,32.4729,1,1,0,c5ef909be6cda03f0f87a7354355468944e7f8840d5d2d83c344fdbf4a5d3bf6,04d5fc3bd443007507b8d2e2ea870060397833a500615e3e35ce6358bbe17cdf,1
ort_python,5,251,30.3451,1,1,0,c5ef909be6cda03f0f87a7354355468944e7f8840d5d2d83c344fdbf4a5d3bf6,04d5fc3bd443007507b8d2e2ea870060397833a500615e3e35ce6358bbe17cdf,1
ort_python,5,252,30.299,1,1,0,c5ef909be6cda03f0f87a7354355468944e7f8840d5d2d83c344fdbf4a5d3bf6,04d5fc3bd443007507b8d2e2ea870060397833a500615e3e35ce6358bbe17cdf,1
ort_python,5,253,33.0271,1,1,0,c5ef909be6cda03f0f87a7354355468944e7f8840d5d2d83c344fdbf4a5d3bf6,04d5fc3bd443007507b8d2e2ea870060397833a500615e3e35ce6358bbe17cdf,1
ort_python,5,254,33.7804,1,1,0,c5ef909be6cda03f0f87a7354355468944e7f8840d5d2d83c344fdbf4a5d3bf6,04d5fc3bd443007507b8d2e2ea870060397833a500615e3e35ce6358bbe17cdf,1
ort_python,5,255,29.491,1,1,0,c5ef909be6cda03f0f87a7354355468944e7f8840d5d2d83c344fdbf4a5d3bf6,04d5fc3bd443007507b8d2e2ea870060397833a500615e3e35ce6358bbe17cdf,1
ort_python,5,256,31.556,1,1,0,c5ef909be6cda03f0f87a7354355468944e7f8840d5d2d83c344fdbf4a5d3bf6,04d5fc3bd443007507b8d2e2ea870060397833a500615e3e35ce6358bbe17cdf,1
ort_python,5,257,29.4684,1,1,0,c5ef909be6cda03f0f87a7354355468944e7f8840d5d2d83c344fdbf4a5d3bf6,04d5fc3bd443007507b8d2e2ea870060397833a500615e3e35ce6358bbe17cdf,1
ort_python,5,258,29.2816,1,1,0,c5ef909be6cda03f0f87a7354355468944e7f8840d5d2d83c344fdbf4a5d3bf6,04d5fc3bd443007507b8d2e2ea870060397833a500615e3e35ce6358bbe17cdf,1
ort_python,5,259,29.7927,1,1,0,c5ef909be6cda03f0f87a7354355468944e7f8840d5d2d83c344fdbf4a5d3bf6,04d5fc3bd443007507b8d2e2ea870060397833a500615e3e35ce6358bbe17cdf,1
ort_python,5,260,34.3422,1,1,0,c5ef909be6cda03f0f87a7354355468944e7f8840d5d2d83c344fdbf4a5d3bf6,04d5fc3bd443007507b8d2e2ea870060397833a500615e3e35ce6358bbe17cdf,1
ort_python,5,261,30.7676,1,1,0,c5ef909be6cda03f0f87a7354355468944e7f8840d5d2d83c344fdbf4a5d3bf6,04d5fc3bd443007507b8d2e2ea870060397833a500615e3e35ce6358bbe17cdf,1
ort_python,5,262,27.7932,1,1,0,c5ef909be6cda03f0f87a7354355468944e7f8840d5d2d83c344fdbf4a5d3bf6,04d5fc3bd443007507b8d2e2ea870060397833a500615e3e35ce6358bbe17cdf,1
ort_python,5,263,31.2567,1,1,0,c5ef909be6cda03f0f87a7354355468944e7f8840d5d2d83c344fdbf4a5d3bf6,04d5fc3bd443007507b8d2e2ea870060397833a500615e3e35ce6358bbe17cdf,1
ort_python,5,264,29.6319,1,1,0,c5ef909be6cda03f0f87a7354355468944e7f8840d5d2d83c344fdbf4a5d3bf6,04d5fc3bd443007507b8d2e2ea870060397833a500615e3e35ce6358bbe17cdf,1
ort_python,5,265,29.4178,1,1,0,c5ef909be6cda03f0f87a7354355468944e7f8840d5d2d83c344fdbf4a5d3bf6,04d5fc3bd443007507b8d2e2ea870060397833a500615e3e35ce6358bbe17cdf,1
ort_python,5,266,30.6733,1,1,0,c5ef909be6cda03f0f87a7354355468944e7f8840d5d2d83c344fdbf4a5d3bf6,04d5fc3bd443007507b8d2e2ea870060397833a500615e3e35ce6358bbe17cdf,1
ort_python,5,267,30.7258,1,1,0,c5ef909be6cda03f0f87a7354355468944e7f8840d5d2d83c344fdbf4a5d3bf6,04d5fc3bd443007507b8d2e2ea870060397833a500615e3e35ce6358bbe17cdf,1
ort_python,5,268,28.0728,1,1,0,c5ef909be6cda03f0f87a7354355468944e7f8840d5d2d83c344fdbf4a5d3bf6,04d5fc3bd443007507b8d2e2ea870060397833a500615e3e35ce6358bbe17cdf,1
ort_python,5,269,29.9514,1,1,0,c5ef909be6cda03f0f87a7354355468944e7f8840d5d2d83c344fdbf4a5d3bf6,04d5fc3bd443007507b8d2e2ea870060397833a500615e3e35ce6358bbe17cdf,1
ort_python,5,270,32.8007,1,1,0,c5ef909be6cda03f0f87a7354355468944e7f8840d5d2d83c344fdbf4a5d3bf6,04d5fc3bd443007507b8d2e2ea870060397833a500615e3e35ce6358bbe17cdf,1
ort_python,5,271,30.7083,1,1,0,c5ef909be6cda03f0f87a7354355468944e7f8840d5d2d83c344fdbf4a5d3bf6,04d5fc3bd443007507b8d2e2ea870060397833a500615e3e35ce6358bbe17cdf,1
ort_python,5,272,29.6687,1,1,0,c5ef909be6cda03f0f87a7354355468944e7f8840d5d2d83c344fdbf4a5d3bf6,04d5fc3bd443007507b8d2e2ea870060397833a500615e3e35ce6358bbe17cdf,1
ort_python,5,273,31.5405,1,1,0,c5ef909be6cda03f0f87a7354355468944e7f8840d5d2d83c344fdbf4a5d3bf6,04d5fc3bd443007507b8d2e2ea870060397833a500615e3e35ce6358bbe17cdf,1
ort_python,5,274,29.1557,1,1,0,c5ef909be6cda03f0f87a7354355468944e7f8840d5d2d83c344fdbf4a5d3bf6,04d5fc3bd443007507b8d2e2ea870060397833a500615e3e35ce6358bbe17cdf,1
ort_python,5,275,29.7544,1,1,0,c5ef909be6cda03f0f87a7354355468944e7f8840d5d2d83c344fdbf4a5d3bf6,04d5fc3bd443007507b8d2e2ea870060397833a500615e3e35ce6358bbe17cdf,1
ort_python,5,276,33.2389,1,1,0,c5ef909be6cda03f0f87a7354355468944e7f8840d5d2d83c344fdbf4a5d3bf6,04d5fc3bd443007507b8d2e2ea870060397833a500615e3e35ce6358bbe17cdf,1
ort_python,5,277,30.8215,1,1,0,c5ef909be6cda03f0f87a7354355468944e7f8840d5d2d83c344fdbf4a5d3bf6,04d5fc3bd443007507b8d2e2ea870060397833a500615e3e35ce6358bbe17cdf,1
ort_python,5,278,29.3214,1,1,0,c5ef909be6cda03f0f87a7354355468944e7f8840d5d2d83c344fdbf4a5d3bf6,04d5fc3bd443007507b8d2e2ea870060397833a500615e3e35ce6358bbe17cdf,1
ort_python,5,279,32.8779,1,1,0,c5ef909be6cda03f0f87a7354355468944e7f8840d5d2d83c344fdbf4a5d3bf6,04d5fc3bd443007507b8d2e2ea870060397833a500615e3e35ce6358bbe17cdf,1
ort_python,5,280,33.0602,1,1,0,c5ef909be6cda03f0f87a7354355468944e7f8840d5d2d83c344fdbf4a5d3bf6,04d5fc3bd443007507b8d2e2ea870060397833a500615e3e35ce6358bbe17cdf,1
ort_python,5,281,29.9676,1,1,0,c5ef909be6cda03f0f87a7354355468944e7f8840d5d2d83c344fdbf4a5d3bf6,04d5fc3bd443007507b8d2e2ea870060397833a500615e3e35ce6358bbe17cdf,1
ort_python,5,282,30.4524,1,1,0,c5ef909be6cda03f0f87a7354355468944e7f8840d5d2d83c344fdbf4a5d3bf6,04d5fc3bd443007507b8d2e2ea870060397833a500615e3e35ce6358bbe17cdf,1
ort_python,5,283,33.15,1,1,0,c5ef909be6cda03f0f87a7354355468944e7f8840d5d2d83c344fdbf4a5d3bf6,04d5fc3bd443007507b8d2e2ea870060397833a500615e3e35ce6358bbe17cdf,1
ort_python,5,284,32.2057,1,1,0,c5ef909be6cda03f0f87a7354355468944e7f8840d5d2d83c344fdbf4a5d3bf6,04d5fc3bd443007507b8d2e2ea870060397833a500615e3e35ce6358bbe17cdf,1
ort_python,5,285,30.3167,1,1,0,c5ef909be6cda03f0f87a7354355468944e7f8840d5d2d83c344fdbf4a5d3bf6,04d5fc3bd443007507b8d2e2ea870060397833a500615e3e35ce6358bbe17cdf,1
ort_python,5,286,32.7062,1,1,0,c5ef909be6cda03f0f87a7354355468944e7f8840d5d2d83c344fdbf4a5d3bf6,04d5fc3bd443007507b8d2e2ea870060397833a500615e3e35ce6358bbe17cdf,1
ort_python,5,287,30.9858,1,1,0,c5ef909be6cda03f0f87a7354355468944e7f8840d5d2d83c344fdbf4a5d3bf6,04d5fc3bd443007507b8d2e2ea870060397833a500615e3e35ce6358bbe17cdf,1
ort_python,5,288,30.4466,1,1,0,c5ef909be6cda03f0f87a7354355468944e7f8840d5d2d83c344fdbf4a5d3bf6,04d5fc3bd443007507b8d2e2ea870060397833a500615e3e35ce6358bbe17cdf,1
ort_python,5,289,30.6074,1,1,0,c5ef909be6cda03f0f87a7354355468944e7f8840d5d2d83c344fdbf4a5d3bf6,04d5fc3bd443007507b8d2e2ea870060397833a500615e3e35ce6358bbe17cdf,1
ort_python,5,290,32.8278,1,1,0,c5ef909be6cda03f0f87a7354355468944e7f8840d5d2d83c344fdbf4a5d3bf6,04d5fc3bd443007507b8d2e2ea870060397833a500615e3e35ce6358bbe17cdf,1
ort_python,5,291,31.5353,1,1,0,c5ef909be6cda03f0f87a7354355468944e7f8840d5d2d83c344fdbf4a5d3bf6,04d5fc3bd443007507b8d2e2ea870060397833a500615e3e35ce6358bbe17cdf,1
ort_python,5,292,31.4015,1,1,0,c5ef909be6cda03f0f87a7354355468944e7f8840d5d2d83c344fdbf4a5d3bf6,04d5fc3bd443007507b8d2e2ea870060397833a500615e3e35ce6358bbe17cdf,1
ort_python,5,293,33.1884,1,1,0,c5ef909be6cda03f0f87a7354355468944e7f8840d5d2d83c344fdbf4a5d3bf6,04d5fc3bd443007507b8d2e2ea870060397833a500615e3e35ce6358bbe17cdf,1
ort_python,5,294,32.7666,1,1,0,c5ef909be6cda03f0f87a7354355468944e7f8840d5d2d83c344fdbf4a5d3bf6,04d5fc3bd443007507b8d2e2ea870060397833a500615e3e35ce6358bbe17cdf,1
ort_python,5,295,33.0735,1,1,0,c5ef909be6cda03f0f87a7354355468944e7f8840d5d2d83c344fdbf4a5d3bf6,04d5fc3bd443007507b8d2e2ea870060397833a500615e3e35ce6358bbe17cdf,1
ort_python,5,296,33.1541,1,1,0,c5ef909be6cda03f0f87a7354355468944e7f8840d5d2d83c344fdbf4a5d3bf6,04d5fc3bd443007507b8d2e2ea870060397833a500615e3e35ce6358bbe17cdf,1
ort_python,5,297,29.2714,1,1,0,c5ef909be6cda03f0f87a7354355468944e7f8840d5d2d83c344fdbf4a5d3bf6,04d5fc3bd443007507b8d2e2ea870060397833a500615e3e35ce6358bbe17cdf,1
ort_python,5,298,28.7847,1,1,0,c5ef909be6cda03f0f87a7354355468944e7f8840d5d2d83c344fdbf4a5d3bf6,04d5fc3bd443007507b8d2e2ea870060397833a500615e3e35ce6358bbe17cdf,1
ort_python,5,299,31.9869,1,1,0,c5ef909be6cda03f0f87a7354355468944e7f8840d5d2d83c344fdbf4a5d3bf6,04d5fc3bd443007507b8d2e2ea870060397833a500615e3e35ce6358bbe17cdf,1
pytorch,4,0,48.2235,1,1,0,c5ef909be6cda03f0f87a7354355468944e7f8840d5d2d83c344fdbf4a5d3bf6,04d5fc3bd443007507b8d2e2ea870060397833a500615e3e35ce6358bbe17cdf,2
pytorch,4,1,50.2079,1,1,0,c5ef909be6cda03f0f87a7354355468944e7f8840d5d2d83c344fdbf4a5d3bf6,04d5fc3bd443007507b8d2e2ea870060397833a500615e3e35ce6358bbe17cdf,2
pytorch,4,2,48.3077,1,1,0,c5ef909be6cda03f0f87a7354355468944e7f8840d5d2d83c344fdbf4a5d3bf6,04d5fc3bd443007507b8d2e2ea870060397833a500615e3e35ce6358bbe17cdf,2
pytorch,4,3,53.0383,1,1,0,c5ef909be6cda03f0f87a7354355468944e7f8840d5d2d83c344fdbf4a5d3bf6,04d5fc3bd443007507b8d2e2ea870060397833a500615e3e35ce6358bbe17cdf,2
pytorch,4,4,48.8211,1,1,0,c5ef909be6cda03f0f87a7354355468944e7f8840d5d2d83c344fdbf4a5d3bf6,04d5fc3bd443007507b8d2e2ea870060397833a500615e3e35ce6358bbe17cdf,2
pytorch,4,5,49.89,1,1,0,c5ef909be6cda03f0f87a7354355468944e7f8840d5d2d83c344fdbf4a5d3bf6,04d5fc3bd443007507b8d2e2ea870060397833a500615e3e35ce6358bbe17cdf,2
pytorch,4,6,48.9997,1,1,0,c5ef909be6cda03f0f87a7354355468944e7f8840d5d2d83c344fdbf4a5d3bf6,04d5fc3bd443007507b8d2e2ea870060397833a500615e3e35ce6358bbe17cdf,2
pytorch,4,7,51.3615,1,1,0,c5ef909be6cda03f0f87a7354355468944e7f8840d5d2d83c344fdbf4a5d3bf6,04d5fc3bd443007507b8d2e2ea870060397833a500615e3e35ce6358bbe17cdf,2
pytorch,4,8,47.4332,1,1,0,c5ef909be6cda03f0f87a7354355468944e7f8840d5d2d83c344fdbf4a5d3bf6,04d5fc3bd443007507b8d2e2ea870060397833a500615e3e35ce6358bbe17cdf,2
pytorch,4,9,47.1445,1,1,0,c5ef909be6cda03f0f87a7354355468944e7f8840d5d2d83c344fdbf4a5d3bf6,04d5fc3bd443007507b8d2e2ea870060397833a500615e3e35ce6358bbe17cdf,2
pytorch,4,10,51.9893,1,1,0,c5ef909be6cda03f0f87a7354355468944e7f8840d5d2d83c344fdbf4a5d3bf6,04d5fc3bd443007507b8d2e2ea870060397833a500615e3e35ce6358bbe17cdf,2
pytorch,4,11,50.5639,1,1,0,c5ef909be6cda03f0f87a7354355468944e7f8840d5d2d83c344fdbf4a5d3bf6,04d5fc3bd443007507b8d2e2ea870060397833a500615e3e35ce6358bbe17cdf,2
pytorch,4,12,50.6269,1,1,0,c5ef909be6cda03f0f87a7354355468944e7f8840d5d2d83c344fdbf4a5d3bf6,04d5fc3bd443007507b8d2e2ea870060397833a500615e3e35ce6358bbe17cdf,2
pytorch,4,13,51.1429,1,1,0,c5ef909be6cda03f0f87a7354355468944e7f8840d5d2d83c344fdbf4a5d3bf6,04d5fc3bd443007507b8d2e2ea870060397833a500615e3e35ce6358bbe17cdf,2
pytorch,4,14,50.6188,1,1,0,c5ef909be6cda03f0f87a7354355468944e7f8840d5d2d83c344fdbf4a5d3bf6,04d5fc3bd443007507b8d2e2ea870060397833a500615e3e35ce6358bbe17cdf,2
pytorch,4,15,48.3288,1,1,0,c5ef909be6cda03f0f87a7354355468944e7f8840d5d2d83c344fdbf4a5d3bf6,04d5fc3bd443007507b8d2e2ea870060397833a500615e3e35ce6358bbe17cdf,2
pytorch,4,16,50.6215,1,1,0,c5ef909be6cda03f0f87a7354355468944e7f8840d5d2d83c344fdbf4a5d3bf6,04d5fc3bd443007507b8d2e2ea870060397833a500615e3e35ce6358bbe17cdf,2
pytorch,4,17,49.2159,1,1,0,c5ef909be6cda03f0f87a7354355468944e7f8840d5d2d83c344fdbf4a5d3bf6,04d5fc3bd443007507b8d2e2ea870060397833a500615e3e35ce6358bbe17cdf,2
pytorch,4,18,50.3929,1,1,0,c5ef909be6cda03f0f87a7354355468944e7f8840d5d2d83c344fdbf4a5d3bf6,04d5fc3bd443007507b8d2e2ea870060397833a500615e3e35ce6358bbe17cdf,2
pytorch,4,19,50.9773,1,1,0,c5ef909be6cda03f0f87a7354355468944e7f8840d5d2d83c344fdbf4a5d3bf6,04d5fc3bd443007507b8d2e2ea870060397833a500615e3e35ce6358bbe17cdf,2
pytorch,4,20,57.3991,1,1,0,c5ef909be6cda03f0f87a7354355468944e7f8840d5d2d83c344fdbf4a5d3bf6,04d5fc3bd443007507b8d2e2ea870060397833a500615e3e35ce6358bbe17cdf,2
pytorch,4,21,48.0197,1,1,0,c5ef909be6cda03f0f87a7354355468944e7f8840d5d2d83c344fdbf4a5d3bf6,04d5fc3bd443007507b8d2e2ea870060397833a500615e3e35ce6358bbe17cdf,2
pytorch,4,22,54.669,1,1,0,c5ef909be6cda03f0f87a7354355468944e7f8840d5d2d83c344fdbf4a5d3bf6,04d5fc3bd443007507b8d2e2ea870060397833a500615e3e35ce6358bbe17cdf,2
pytorch,4,23,46.3834,1,1,0,c5ef909be6cda03f0f87a7354355468944e7f8840d5d2d83c344fdbf4a5d3bf6,04d5fc3bd443007507b8d2e2ea870060397833a500615e3e35ce6358bbe17cdf,2
pytorch,4,24,48.5846,1,1,0,c5ef909be6cda03f0f87a7354355468944e7f8840d5d2d83c344fdbf4a5d3bf6,04d5fc3bd443007507b8d2e2ea870060397833a500615e3e35ce6358bbe17cdf,2
pytorch,4,25,48.2827,1,1,0,c5ef909be6cda03f0f87a7354355468944e7f8840d5d2d83c344fdbf4a5d3bf6,04d5fc3bd443007507b8d2e2ea870060397833a500615e3e35ce6358bbe17cdf,2
pytorch,4,26,49.6859,1,1,0,c5ef909be6cda03f0f87a7354355468944e7f8840d5d2d83c344fdbf4a5d3bf6,04d5fc3bd443007507b8d2e2ea870060397833a500615e3e35ce6358bbe17cdf,2
pytorch,4,27,48.9082,1,1,0,c5ef909be6cda03f0f87a7354355468944e7f8840d5d2d83c344fdbf4a5d3bf6,04d5fc3bd443007507b8d2e2ea870060397833a500615e3e35ce6358bbe17cdf,2
pytorch,4,28,50.1008,1,1,0,c5ef909be6cda03f0f87a7354355468944e7f8840d5d2d83c344fdbf4a5d3bf6,04d5fc3bd443007507b8d2e2ea870060397833a500615e3e35ce6358bbe17cdf,2
pytorch,4,29,47.8696,1,1,0,c5ef909be6cda03f0f87a7354355468944e7f8840d5d2d83c344fdbf4a5d3bf6,04d5fc3bd443007507b8d2e2ea870060397833a500615e3e35ce6358bbe17cdf,2
pytorch,4,30,50.4371,1,1,0,c5ef909be6cda03f0f87a7354355468944e7f8840d5d2d83c344fdbf4a5d3bf6,04d5fc3bd443007507b8d2e2ea870060397833a500615e3e35ce6358bbe17cdf,2
pytorch,4,31,48.6687,1,1,0,c5ef909be6cda03f0f87a7354355468944e7f8840d5d2d83c344fdbf4a5d3bf6,04d5fc3bd443007507b8d2e2ea870060397833a500615e3e35ce6358bbe17cdf,2
pytorch,4,32,52.0263,1,1,0,c5ef909be6cda03f0f87a7354355468944e7f8840d5d2d83c344fdbf4a5d3bf6,04d5fc3bd443007507b8d2e2ea870060397833a500615e3e35ce6358bbe17cdf,2
pytorch,4,33,47.9385,1,1,0,c5ef909be6cda03f0f87a7354355468944e7f8840d5d2d83c344fdbf4a5d3bf6,04d5fc3bd443007507b8d2e2ea870060397833a500615e3e35ce6358bbe17cdf,2
pytorch,4,34,50.6553,1,1,0,c5ef909be6cda03f0f87a7354355468944e7f8840d5d2d83c344fdbf4a5d3bf6,04d5fc3bd443007507b8d2e2ea870060397833a500615e3e35ce6358bbe17cdf,2
pytorch,4,35,53.0025,1,1,0,c5ef909be6cda03f0f87a7354355468944e7f8840d5d2d83c344fdbf4a5d3bf6,04d5fc3bd443007507b8d2e2ea870060397833a500615e3e35ce6358bbe17cdf,2
pytorch,4,36,49.3961,1,1,0,c5ef909be6cda03f0f87a7354355468944e7f8840d5d2d83c344fdbf4a5d3bf6,04d5fc3bd443007507b8d2e2ea870060397833a500615e3e35ce6358bbe17cdf,2
pytorch,4,37,47.2898,1,1,0,c5ef909be6cda03f0f87a7354355468944e7f8840d5d2d83c344fdbf4a5d3bf6,04d5fc3bd443007507b8d2e2ea870060397833a500615e3e35ce6358bbe17cdf,2
pytorch,4,38,51.5977,1,1,0,c5ef909be6cda03f0f87a7354355468944e7f8840d5d2d83c344fdbf4a5d3bf6,04d5fc3bd443007507b8d2e2ea870060397833a500615e3e35ce6358bbe17cdf,2
pytorch,4,39,48.4509,1,1,0,c5ef909be6cda03f0f87a7354355468944e7f8840d5d2d83c344fdbf4a5d3bf6,04d5fc3bd443007507b8d2e2ea870060397833a500615e3e35ce6358bbe17cdf,2
pytorch,4,40,50.1768,1,1,0,c5ef909be6cda03f0f87a7354355468944e7f8840d5d2d83c344fdbf4a5d3bf6,04d5fc3bd443007507b8d2e2ea870060397833a500615e3e35ce6358bbe17cdf,2
pytorch,4,41,47.8146,1,1,0,c5ef909be6cda03f0f87a7354355468944e7f8840d5d2d83c344fdbf4a5d3bf6,04d5fc3bd443007507b8d2e2ea870060397833a500615e3e35ce6358bbe17cdf,2
pytorch,4,42,52.6943,1,1,0,c5ef909be6cda03f0f87a7354355468944e7f8840d5d2d83c344fdbf4a5d3bf6,04d5fc3bd443007507b8d2e2ea870060397833a500615e3e35ce6358bbe17cdf,2
pytorch,4,43,47.184,1,1,0,c5ef909be6cda03f0f87a7354355468944e7f8840d5d2d83c344fdbf4a5d3bf6,04d5fc3bd443007507b8d2e2ea870060397833a500615e3e35ce6358bbe17cdf,2
pytorch,4,44,50.1146,1,1,0,c5ef909be6cda03f0f87a7354355468944e7f8840d5d2d83c344fdbf4a5d3bf6,04d5fc3bd443007507b8d2e2ea870060397833a500615e3e35ce6358bbe17cdf,2
pytorch,4,45,49.2713,1,1,0,c5ef909be6cda03f0f87a7354355468944e7f8840d5d2d83c344fdbf4a5d3bf6,04d5fc3bd443007507b8d2e2ea870060397833a500615e3e35ce6358bbe17cdf,2
pytorch,4,46,51.1721,1,1,0,c5ef909be6cda03f0f87a7354355468944e7f8840d5d2d83c344fdbf4a5d3bf6,04d5fc3bd443007507b8d2e2ea870060397833a500615e3e35ce6358bbe17cdf,2
pytorch,4,47,49.4916,1,1,0,c5ef909be6cda03f0f87a7354355468944e7f8840d5d2d83c344fdbf4a5d3bf6,04d5fc3bd443007507b8d2e2ea870060397833a500615e3e35ce6358bbe17cdf,2
pytorch,4,48,47.0171,1,1,0,c5ef909be6cda03f0f87a7354355468944e7f8840d5d2d83c344fdbf4a5d3bf6,04d5fc3bd443007507b8d2e2ea870060397833a500615e3e35ce6358bbe17cdf,2
pytorch,4,49,53.2726,1,1,0,c5ef909be6cda03f0f87a7354355468944e7f8840d5d2d83c344fdbf4a5d3bf6,04d5fc3bd443007507b8d2e2ea870060397833a500615e3e35ce6358bbe17cdf,2
pytorch,4,50,49.654,1,1,0,c5ef909be6cda03f0f87a7354355468944e7f8840d5d2d83c344fdbf4a5d3bf6,04d5fc3bd443007507b8d2e2ea870060397833a500615e3e35ce6358bbe17cdf,2
pytorch,4,51,51.4508,1,1,0,c5ef909be6cda03f0f87a7354355468944e7f8840d5d2d83c344fdbf4a5d3bf6,04d5fc3bd443007507b8d2e2ea870060397833a500615e3e35ce6358bbe17cdf,2
pytorch,4,52,47.3209,1,1,0,c5ef909be6cda03f0f87a7354355468944e7f8840d5d2d83c344fdbf4a5d3bf6,04d5fc3bd443007507b8d2e2ea870060397833a500615e3e35ce6358bbe17cdf,2
pytorch,4,53,52.7337,1,1,0,c5ef909be6cda03f0f87a7354355468944e7f8840d5d2d83c344fdbf4a5d3bf6,04d5fc3bd443007507b8d2e2ea870060397833a500615e3e35ce6358bbe17cdf,2
pytorch,4,54,49.0042,1,1,0,c5ef909be6cda03f0f87a7354355468944e7f8840d5d2d83c344fdbf4a5d3bf6,04d5fc3bd443007507b8d2e2ea870060397833a500615e3e35ce6358bbe17cdf,2
pytorch,4,55,51.307,1,1,0,c5ef909be6cda03f0f87a7354355468944e7f8840d5d2d83c344fdbf4a5d3bf6,04d5fc3bd443007507b8d2e2ea870060397833a500615e3e35ce6358bbe17cdf,2
pytorch,4,56,65.0158,1,1,0,c5ef909be6cda03f0f87a7354355468944e7f8840d5d2d83c344fdbf4a5d3bf6,04d5fc3bd443007507b8d2e2ea870060397833a500615e3e35ce6358bbe17cdf,2
pytorch,4,57,46.4448,1,1,0,c5ef909be6cda03f0f87a7354355468944e7f8840d5d2d83c344fdbf4a5d3bf6,04d5fc3bd443007507b8d2e2ea870060397833a500615e3e35ce6358bbe17cdf,2
pytorch,4,58,51.0624,1,1,0,c5ef909be6cda03f0f87a7354355468944e7f8840d5d2d83c344fdbf4a5d3bf6,04d5fc3bd443007507b8d2e2ea870060397833a500615e3e35ce6358bbe17cdf,2
pytorch,4,59,53.8352,1,1,0,c5ef909be6cda03f0f87a7354355468944e7f8840d5d2d83c344fdbf4a5d3bf6,04d5fc3bd443007507b8d2e2ea870060397833a500615e3e35ce6358bbe17cdf,2
pytorch,4,60,52.1358,1,1,0,c5ef909be6cda03f0f87a7354355468944e7f8840d5d2d83c344fdbf4a5d3bf6,04d5fc3bd443007507b8d2e2ea870060397833a500615e3e35ce6358bbe17cdf,2
pytorch,4,61,50.7631,1,1,0,c5ef909be6cda03f0f87a7354355468944e7f8840d5d2d83c344fdbf4a5d3bf6,04d5fc3bd443007507b8d2e2ea870060397833a500615e3e35ce6358bbe17cdf,2
pytorch,4,62,50.7231,1,1,0,c5ef909be6cda03f0f87a7354355468944e7f8840d5d2d83c344fdbf4a5d3bf6,04d5fc3bd443007507b8d2e2ea870060397833a500615e3e35ce6358bbe17cdf,2
pytorch,4,63,47.164,1,1,0,c5ef909be6cda03f0f87a7354355468944e7f8840d5d2d83c344fdbf4a5d3bf6,04d5fc3bd443007507b8d2e2ea870060397833a500615e3e35ce6358bbe17cdf,2
pytorch,4,64,51.2509,1,1,0,c5ef909be6cda03f0f87a7354355468944e7f8840d5d2d83c344fdbf4a5d3bf6,04d5fc3bd443007507b8d2e2ea870060397833a500615e3e35ce6358bbe17cdf,2
pytorch,4,65,57.1549,1,1,0,c5ef909be6cda03f0f87a7354355468944e7f8840d5d2d83c344fdbf4a5d3bf6,04d5fc3bd443007507b8d2e2ea870060397833a500615e3e35ce6358bbe17cdf,2
pytorch,4,66,51.7008,1,1,0,c5ef909be6cda03f0f87a7354355468944e7f8840d5d2d83c344fdbf4a5d3bf6,04d5fc3bd443007507b8d2e2ea870060397833a500615e3e35ce6358bbe17cdf,2
pytorch,4,67,50.8798,1,1,0,c5ef909be6cda03f0f87a7354355468944e7f8840d5d2d83c344fdbf4a5d3bf6,04d5fc3bd443007507b8d2e2ea870060397833a500615e3e35ce6358bbe17cdf,2
pytorch,4,68,50.314,1,1,0,c5ef909be6cda03f0f87a7354355468944e7f8840d5d2d83c344fdbf4a5d3bf6,04d5fc3bd443007507b8d2e2ea870060397833a500615e3e35ce6358bbe17cdf,2
pytorch,4,69,48.3205,1,1,0,c5ef909be6cda03f0f87a7354355468944e7f8840d5d2d83c344fdbf4a5d3bf6,04d5fc3bd443007507b8d2e2ea870060397833a500615e3e35ce6358bbe17cdf,2
pytorch,4,70,51.583,1,1,0,c5ef909be6cda03f0f87a7354355468944e7f8840d5d2d83c344fdbf4a5d3bf6,04d5fc3bd443007507b8d2e2ea870060397833a500615e3e35ce6358bbe17cdf,2
pytorch,4,71,50.13,1,1,0,c5ef909be6cda03f0f87a7354355468944e7f8840d5d2d83c344fdbf4a5d3bf6,04d5fc3bd443007507b8d2e2ea870060397833a500615e3e35ce6358bbe17cdf,2
pytorch,4,72,48.1114,1,1,0,c5ef909be6cda03f0f87a7354355468944e7f8840d5d2d83c344fdbf4a5d3bf6,04d5fc3bd443007507b8d2e2ea870060397833a500615e3e35ce6358bbe17cdf,2
pytorch,4,73,52.4817,1,1,0,c5ef909be6cda03f0f87a7354355468944e7f8840d5d2d83c344fdbf4a5d3bf6,04d5fc3bd443007507b8d2e2ea870060397833a500615e3e35ce6358bbe17cdf,2
pytorch,4,74,50.254,1,1,0,c5ef909be6cda03f0f87a7354355468944e7f8840d5d2d83c344fdbf4a5d3bf6,04d5fc3bd443007507b8d2e2ea870060397833a500615e3e35ce6358bbe17cdf,2
pytorch,4,75,51.4425,1,1,0,c5ef909be6cda03f0f87a7354355468944e7f8840d5d2d83c344fdbf4a5d3bf6,04d5fc3bd443007507b8d2e2ea870060397833a500615e3e35ce6358bbe17cdf,2
pytorch,4,76,48.6544,1,1,0,c5ef909be6cda03f0f87a7354355468944e7f8840d5d2d83c344fdbf4a5d3bf6,04d5fc3bd443007507b8d2e2ea870060397833a500615e3e35ce6358bbe17cdf,2
pytorch,4,77,50.564,1,1,0,c5ef909be6cda03f0f87a7354355468944e7f8840d5d2d83c344fdbf4a5d3bf6,04d5fc3bd443007507b8d2e2ea870060397833a500615e3e35ce6358bbe17cdf,2
pytorch,4,78,48.8526,1,1,0,c5ef909be6cda03f0f87a7354355468944e7f8840d5d2d83c344fdbf4a5d3bf6,04d5fc3bd443007507b8d2e2ea870060397833a500615e3e35ce6358bbe17cdf,2
pytorch,4,79,49.0135,1,1,0,c5ef909be6cda03f0f87a7354355468944e7f8840d5d2d83c344fdbf4a5d3bf6,04d5fc3bd443007507b8d2e2ea870060397833a500615e3e35ce6358bbe17cdf,2
pytorch,4,80,47.5691,1,1,0,c5ef909be6cda03f0f87a7354355468944e7f8840d5d2d83c344fdbf4a5d3bf6,04d5fc3bd443007507b8d2e2ea870060397833a500615e3e35ce6358bbe17cdf,2
pytorch,4,81,51.1681,1,1,0,c5ef909be6cda03f0f87a7354355468944e7f8840d5d2d83c344fdbf4a5d3bf6,04d5fc3bd443007507b8d2e2ea870060397833a500615e3e35ce6358bbe17cdf,2
pytorch,4,82,45.1924,1,1,0,c5ef909be6cda03f0f87a7354355468944e7f8840d5d2d83c344fdbf4a5d3bf6,04d5fc3bd443007507b8d2e2ea870060397833a500615e3e35ce6358bbe17cdf,2
pytorch,4,83,48.8557,1,1,0,c5ef909be6cda03f0f87a7354355468944e7f8840d5d2d83c344fdbf4a5d3bf6,04d5fc3bd443007507b8d2e2ea870060397833a500615e3e35ce6358bbe17cdf,2
pytorch,4,84,48.1332,1,1,0,c5ef909be6cda03f0f87a7354355468944e7f8840d5d2d83c344fdbf4a5d3bf6,04d5fc3bd443007507b8d2e2ea870060397833a500615e3e35ce6358bbe17cdf,2
pytorch,4,85,50.1146,1,1,0,c5ef909be6cda03f0f87a7354355468944e7f8840d5d2d83c344fdbf4a5d3bf6,04d5fc3bd443007507b8d2e2ea870060397833a500615e3e35ce6358bbe17cdf,2
pytorch,4,86,48.1892,1,1,0,c5ef909be6cda03f0f87a7354355468944e7f8840d5d2d83c344fdbf4a5d3bf6,04d5fc3bd443007507b8d2e2ea870060397833a500615e3e35ce6358bbe17cdf,2
pytorch,4,87,51.6714,1,1,0,c5ef909be6cda03f0f87a7354355468944e7f8840d5d2d83c344fdbf4a5d3bf6,04d5fc3bd443007507b8d2e2ea870060397833a500615e3e35ce6358bbe17cdf,2
pytorch,4,88,47.1138,1,1,0,c5ef909be6cda03f0f87a7354355468944e7f8840d5d2d83c344fdbf4a5d3bf6,04d5fc3bd443007507b8d2e2ea870060397833a500615e3e35ce6358bbe17cdf,2
pytorch,4,89,50.7797,1,1,0,c5ef909be6cda03f0f87a7354355468944e7f8840d5d2d83c344fdbf4a5d3bf6,04d5fc3bd443007507b8d2e2ea870060397833a500615e3e35ce6358bbe17cdf,2
pytorch,4,90,47.758,1,1,0,c5ef909be6cda03f0f87a7354355468944e7f8840d5d2d83c344fdbf4a5d3bf6,04d5fc3bd443007507b8d2e2ea870060397833a500615e3e35ce6358bbe17cdf,2
pytorch,4,91,50.7085,1,1,0,c5ef909be6cda03f0f87a7354355468944e7f8840d5d2d83c344fdbf4a5d3bf6,04d5fc3bd443007507b8d2e2ea870060397833a500615e3e35ce6358bbe17cdf,2
pytorch,4,92,48.828,1,1,0,c5ef909be6cda03f0f87a7354355468944e7f8840d5d2d83c344fdbf4a5d3bf6,04d5fc3bd443007507b8d2e2ea870060397833a500615e3e35ce6358bbe17cdf,2
pytorch,4,93,50.4741,1,1,0,c5ef909be6cda03f0f87a7354355468944e7f8840d5d2d83c344fdbf4a5d3bf6,04d5fc3bd443007507b8d2e2ea870060397833a500615e3e35ce6358bbe17cdf,2
pytorch,4,94,50.5922,1,1,0,c5ef909be6cda03f0f87a7354355468944e7f8840d5d2d83c344fdbf4a5d3bf6,04d5fc3bd443007507b8d2e2ea870060397833a500615e3e35ce6358bbe17cdf,2
pytorch,4,95,54.2861,1,1,0,c5ef909be6cda03f0f87a7354355468944e7f8840d5d2d83c344fdbf4a5d3bf6,04d5fc3bd443007507b8d2e2ea870060397833a500615e3e35ce6358bbe17cdf,2
pytorch,4,96,48.0232,1,1,0,c5ef909be6cda03f0f87a7354355468944e7f8840d5d2d83c344fdbf4a5d3bf6,04d5fc3bd443007507b8d2e2ea870060397833a500615e3e35ce6358bbe17cdf,2
pytorch,4,97,49.7331,1,1,0,c5ef909be6cda03f0f87a7354355468944e7f8840d5d2d83c344fdbf4a5d3bf6,04d5fc3bd443007507b8d2e2ea870060397833a500615e3e35ce6358bbe17cdf,2
pytorch,4,98,46.0975,1,1,0,c5ef909be6cda03f0f87a7354355468944e7f8840d5d2d83c344fdbf4a5d3bf6,04d5fc3bd443007507b8d2e2ea870060397833a500615e3e35ce6358bbe17cdf,2
pytorch,4,99,50.2197,1,1,0,c5ef909be6cda03f0f87a7354355468944e7f8840d5d2d83c344fdbf4a5d3bf6,04d5fc3bd443007507b8d2e2ea870060397833a500615e3e35ce6358bbe17cdf,2
pytorch,4,100,49.1282,1,1,0,c5ef909be6cda03f0f87a7354355468944e7f8840d5d2d83c344fdbf4a5d3bf6,04d5fc3bd443007507b8d2e2ea870060397833a500615e3e35ce6358bbe17cdf,2
pytorch,4,101,48.8898,1,1,0,c5ef909be6cda03f0f87a7354355468944e7f8840d5d2d83c344fdbf4a5d3bf6,04d5fc3bd443007507b8d2e2ea870060397833a500615e3e35ce6358bbe17cdf,2
pytorch,4,102,46.3823,1,1,0,c5ef909be6cda03f0f87a7354355468944e7f8840d5d2d83c344fdbf4a5d3bf6,04d5fc3bd443007507b8d2e2ea870060397833a500615e3e35ce6358bbe17cdf,2
pytorch,4,103,46.7632,1,1,0,c5ef909be6cda03f0f87a7354355468944e7f8840d5d2d83c344fdbf4a5d3bf6,04d5fc3bd443007507b8d2e2ea870060397833a500615e3e35ce6358bbe17cdf,2
pytorch,4,104,48.73,1,1,0,c5ef909be6cda03f0f87a7354355468944e7f8840d5d2d83c344fdbf4a5d3bf6,04d5fc3bd443007507b8d2e2ea870060397833a500615e3e35ce6358bbe17cdf,2
pytorch,4,105,46.9412,1,1,0,c5ef909be6cda03f0f87a7354355468944e7f8840d5d2d83c344fdbf4a5d3bf6,04d5fc3bd443007507b8d2e2ea870060397833a500615e3e35ce6358bbe17cdf,2
pytorch,4,106,48.2419,1,1,0,c5ef909be6cda03f0f87a7354355468944e7f8840d5d2d83c344fdbf4a5d3bf6,04d5fc3bd443007507b8d2e2ea870060397833a500615e3e35ce6358bbe17cdf,2
pytorch,4,107,48.7581,1,1,0,c5ef909be6cda03f0f87a7354355468944e7f8840d5d2d83c344fdbf4a5d3bf6,04d5fc3bd443007507b8d2e2ea870060397833a500615e3e35ce6358bbe17cdf,2
pytorch,4,108,52.7181,1,1,0,c5ef909be6cda03f0f87a7354355468944e7f8840d5d2d83c344fdbf4a5d3bf6,04d5fc3bd443007507b8d2e2ea870060397833a500615e3e35ce6358bbe17cdf,2
pytorch,4,109,50.2346,1,1,0,c5ef909be6cda03f0f87a7354355468944e7f8840d5d2d83c344fdbf4a5d3bf6,04d5fc3bd443007507b8d2e2ea870060397833a500615e3e35ce6358bbe17cdf,2
pytorch,4,110,48.6009,1,1,0,c5ef909be6cda03f0f87a7354355468944e7f8840d5d2d83c344fdbf4a5d3bf6,04d5fc3bd443007507b8d2e2ea870060397833a500615e3e35ce6358bbe17cdf,2
pytorch,4,111,47.6493,1,1,0,c5ef909be6cda03f0f87a7354355468944e7f8840d5d2d83c344fdbf4a5d3bf6,04d5fc3bd443007507b8d2e2ea870060397833a500615e3e35ce6358bbe17cdf,2
pytorch,4,112,52.6308,1,1,0,c5ef909be6cda03f0f87a7354355468944e7f8840d5d2d83c344fdbf4a5d3bf6,04d5fc3bd443007507b8d2e2ea870060397833a500615e3e35ce6358bbe17cdf,2
pytorch,4,113,47.7795,1,1,0,c5ef909be6cda03f0f87a7354355468944e7f8840d5d2d83c344fdbf4a5d3bf6,04d5fc3bd443007507b8d2e2ea870060397833a500615e3e35ce6358bbe17cdf,2
pytorch,4,114,53.3007,1,1,0,c5ef909be6cda03f0f87a7354355468944e7f8840d5d2d83c344fdbf4a5d3bf6,04d5fc3bd443007507b8d2e2ea870060397833a500615e3e35ce6358bbe17cdf,2
pytorch,4,115,48.0906,1,1,0,c5ef909be6cda03f0f87a7354355468944e7f8840d5d2d83c344fdbf4a5d3bf6,04d5fc3bd443007507b8d2e2ea870060397833a500615e3e35ce6358bbe17cdf,2
pytorch,4,116,52.1344,1,1,0,c5ef909be6cda03f0f87a7354355468944e7f8840d5d2d83c344fdbf4a5d3bf6,04d5fc3bd443007507b8d2e2ea870060397833a500615e3e35ce6358bbe17cdf,2
pytorch,4,117,48.9951,1,1,0,c5ef909be6cda03f0f87a7354355468944e7f8840d5d2d83c344fdbf4a5d3bf6,04d5fc3bd443007507b8d2e2ea870060397833a500615e3e35ce6358bbe17cdf,2
pytorch,4,118,49.1938,1,1,0,c5ef909be6cda03f0f87a7354355468944e7f8840d5d2d83c344fdbf4a5d3bf6,04d5fc3bd443007507b8d2e2ea870060397833a500615e3e35ce6358bbe17cdf,2
pytorch,4,119,48.6128,1,1,0,c5ef909be6cda03f0f87a7354355468944e7f8840d5d2d83c344fdbf4a5d3bf6,04d5fc3bd443007507b8d2e2ea870060397833a500615e3e35ce6358bbe17cdf,2
pytorch,4,120,49.9954,1,1,0,c5ef909be6cda03f0f87a7354355468944e7f8840d5d2d83c344fdbf4a5d3bf6,04d5fc3bd443007507b8d2e2ea870060397833a500615e3e35ce6358bbe17cdf,2
pytorch,4,121,48.8008,1,1,0,c5ef909be6cda03f0f87a7354355468944e7f8840d5d2d83c344fdbf4a5d3bf6,04d5fc3bd443007507b8d2e2ea870060397833a500615e3e35ce6358bbe17cdf,2
pytorch,4,122,50.9057,1,1,0,c5ef909be6cda03f0f87a7354355468944e7f8840d5d2d83c344fdbf4a5d3bf6,04d5fc3bd443007507b8d2e2ea870060397833a500615e3e35ce6358bbe17cdf,2
pytorch,4,123,48.3321,1,1,0,c5ef909be6cda03f0f87a7354355468944e7f8840d5d2d83c344fdbf4a5d3bf6,04d5fc3bd443007507b8d2e2ea870060397833a500615e3e35ce6358bbe17cdf,2
pytorch,4,124,49.7051,1,1,0,c5ef909be6cda03f0f87a7354355468944e7f8840d5d2d83c344fdbf4a5d3bf6,04d5fc3bd443007507b8d2e2ea870060397833a500615e3e35ce6358bbe17cdf,2
pytorch,4,125,43.7355,1,1,0,c5ef909be6cda03f0f87a7354355468944e7f8840d5d2d83c344fdbf4a5d3bf6,04d5fc3bd443007507b8d2e2ea870060397833a500615e3e35ce6358bbe17cdf,2
pytorch,4,126,49.6518,1,1,0,c5ef909be6cda03f0f87a7354355468944e7f8840d5d2d83c344fdbf4a5d3bf6,04d5fc3bd443007507b8d2e2ea870060397833a500615e3e35ce6358bbe17cdf,2
pytorch,4,127,47.4873,1,1,0,c5ef909be6cda03f0f87a7354355468944e7f8840d5d2d83c344fdbf4a5d3bf6,04d5fc3bd443007507b8d2e2ea870060397833a500615e3e35ce6358bbe17cdf,2
pytorch,4,128,46.2674,1,1,0,c5ef909be6cda03f0f87a7354355468944e7f8840d5d2d83c344fdbf4a5d3bf6,04d5fc3bd443007507b8d2e2ea870060397833a500615e3e35ce6358bbe17cdf,2
pytorch,4,129,49.2341,1,1,0,c5ef909be6cda03f0f87a7354355468944e7f8840d5d2d83c344fdbf4a5d3bf6,04d5fc3bd443007507b8d2e2ea870060397833a500615e3e35ce6358bbe17cdf,2
pytorch,4,130,49.1561,1,1,0,c5ef909be6cda03f0f87a7354355468944e7f8840d5d2d83c344fdbf4a5d3bf6,04d5fc3bd443007507b8d2e2ea870060397833a500615e3e35ce6358bbe17cdf,2
pytorch,4,131,49.2993,1,1,0,c5ef909be6cda03f0f87a7354355468944e7f8840d5d2d83c344fdbf4a5d3bf6,04d5fc3bd443007507b8d2e2ea870060397833a500615e3e35ce6358bbe17cdf,2
pytorch,4,132,44.5778,1,1,0,c5ef909be6cda03f0f87a7354355468944e7f8840d5d2d83c344fdbf4a5d3bf6,04d5fc3bd443007507b8d2e2ea870060397833a500615e3e35ce6358bbe17cdf,2
pytorch,4,133,47.3672,1,1,0,c5ef909be6cda03f0f87a7354355468944e7f8840d5d2d83c344fdbf4a5d3bf6,04d5fc3bd443007507b8d2e2ea870060397833a500615e3e35ce6358bbe17cdf,2
pytorch,4,134,46.8266,1,1,0,c5ef909be6cda03f0f87a7354355468944e7f8840d5d2d83c344fdbf4a5d3bf6,04d5fc3bd443007507b8d2e2ea870060397833a500615e3e35ce6358bbe17cdf,2
pytorch,4,135,48.7562,1,1,0,c5ef909be6cda03f0f87a7354355468944e7f8840d5d2d83c344fdbf4a5d3bf6,04d5fc3bd443007507b8d2e2ea870060397833a500615e3e35ce6358bbe17cdf,2
pytorch,4,136,46.0957,1,1,0,c5ef909be6cda03f0f87a7354355468944e7f8840d5d2d83c344fdbf4a5d3bf6,04d5fc3bd443007507b8d2e2ea870060397833a500615e3e35ce6358bbe17cdf,2
pytorch,4,137,49.5583,1,1,0,c5ef909be6cda03f0f87a7354355468944e7f8840d5d2d83c344fdbf4a5d3bf6,04d5fc3bd443007507b8d2e2ea870060397833a500615e3e35ce6358bbe17cdf,2
pytorch,4,138,49.4616,1,1,0,c5ef909be6cda03f0f87a7354355468944e7f8840d5d2d83c344fdbf4a5d3bf6,04d5fc3bd443007507b8d2e2ea870060397833a500615e3e35ce6358bbe17cdf,2
pytorch,4,139,50.462,1,1,0,c5ef909be6cda03f0f87a7354355468944e7f8840d5d2d83c344fdbf4a5d3bf6,04d5fc3bd443007507b8d2e2ea870060397833a500615e3e35ce6358bbe17cdf,2
pytorch,4,140,47.6609,1,1,0,c5ef909be6cda03f0f87a7354355468944e7f8840d5d2d83c344fdbf4a5d3bf6,04d5fc3bd443007507b8d2e2ea870060397833a500615e3e35ce6358bbe17cdf,2
pytorch,4,141,51.0298,1,1,0,c5ef909be6cda03f0f87a7354355468944e7f8840d5d2d83c344fdbf4a5d3bf6,04d5fc3bd443007507b8d2e2ea870060397833a500615e3e35ce6358bbe17cdf,2
pytorch,4,142,46.1955,1,1,0,c5ef909be6cda03f0f87a7354355468944e7f8840d5d2d83c344fdbf4a5d3bf6,04d5fc3bd443007507b8d2e2ea870060397833a500615e3e35ce6358bbe17cdf,2
pytorch,4,143,48.7781,1,1,0,c5ef909be6cda03f0f87a7354355468944e7f8840d5d2d83c344fdbf4a5d3bf6,04d5fc3bd443007507b8d2e2ea870060397833a500615e3e35ce6358bbe17cdf,2
pytorch,4,144,46.8578,1,1,0,c5ef909be6cda03f0f87a7354355468944e7f8840d5d2d83c344fdbf4a5d3bf6,04d5fc3bd443007507b8d2e2ea870060397833a500615e3e35ce6358bbe17cdf,2
pytorch,4,145,49.7106,1,1,0,c5ef909be6cda03f0f87a7354355468944e7f8840d5d2d83c344fdbf4a5d3bf6,04d5fc3bd443007507b8d2e2ea870060397833a500615e3e35ce6358bbe17cdf,2
pytorch,4,146,48.8056,1,1,0,c5ef909be6cda03f0f87a7354355468944e7f8840d5d2d83c344fdbf4a5d3bf6,04d5fc3bd443007507b8d2e2ea870060397833a500615e3e35ce6358bbe17cdf,2
pytorch,4,147,50.685,1,1,0,c5ef909be6cda03f0f87a7354355468944e7f8840d5d2d83c344fdbf4a5d3bf6,04d5fc3bd443007507b8d2e2ea870060397833a500615e3e35ce6358bbe17cdf,2
pytorch,4,148,46.7657,1,1,0,c5ef909be6cda03f0f87a7354355468944e7f8840d5d2d83c344fdbf4a5d3bf6,04d5fc3bd443007507b8d2e2ea870060397833a500615e3e35ce6358bbe17cdf,2
pytorch,4,149,48.106,1,1,0,c5ef909be6cda03f0f87a7354355468944e7f8840d5d2d83c344fdbf4a5d3bf6,04d5fc3bd443007507b8d2e2ea870060397833a500615e3e35ce6358bbe17cdf,2
pytorch,4,150,53.6204,1,1,0,c5ef909be6cda03f0f87a7354355468944e7f8840d5d2d83c344fdbf4a5d3bf6,04d5fc3bd443007507b8d2e2ea870060397833a500615e3e35ce6358bbe17cdf,2
pytorch,4,151,49.3982,1,1,0,c5ef909be6cda03f0f87a7354355468944e7f8840d5d2d83c344fdbf4a5d3bf6,04d5fc3bd443007507b8d2e2ea870060397833a500615e3e35ce6358bbe17cdf,2
pytorch,4,152,48.6059,1,1,0,c5ef909be6cda03f0f87a7354355468944e7f8840d5d2d83c344fdbf4a5d3bf6,04d5fc3bd443007507b8d2e2ea870060397833a500615e3e35ce6358bbe17cdf,2
pytorch,4,153,46.7385,1,1,0,c5ef909be6cda03f0f87a7354355468944e7f8840d5d2d83c344fdbf4a5d3bf6,04d5fc3bd443007507b8d2e2ea870060397833a500615e3e35ce6358bbe17cdf,2
pytorch,4,154,52.4869,1,1,0,c5ef909be6cda03f0f87a7354355468944e7f8840d5d2d83c344fdbf4a5d3bf6,04d5fc3bd443007507b8d2e2ea870060397833a500615e3e35ce6358bbe17cdf,2
pytorch,4,155,50.4678,1,1,0,c5ef909be6cda03f0f87a7354355468944e7f8840d5d2d83c344fdbf4a5d3bf6,04d5fc3bd443007507b8d2e2ea870060397833a500615e3e35ce6358bbe17cdf,2
pytorch,4,156,52.9593,1,1,0,c5ef909be6cda03f0f87a7354355468944e7f8840d5d2d83c344fdbf4a5d3bf6,04d5fc3bd443007507b8d2e2ea870060397833a500615e3e35ce6358bbe17cdf,2
pytorch,4,157,47.1624,1,1,0,c5ef909be6cda03f0f87a7354355468944e7f8840d5d2d83c344fdbf4a5d3bf6,04d5fc3bd443007507b8d2e2ea870060397833a500615e3e35ce6358bbe17cdf,2
pytorch,4,158,53.7254,1,1,0,c5ef909be6cda03f0f87a7354355468944e7f8840d5d2d83c344fdbf4a5d3bf6,04d5fc3bd443007507b8d2e2ea870060397833a500615e3e35ce6358bbe17cdf,2
pytorch,4,159,50.4855,1,1,0,c5ef909be6cda03f0f87a7354355468944e7f8840d5d2d83c344fdbf4a5d3bf6,04d5fc3bd443007507b8d2e2ea870060397833a500615e3e35ce6358bbe17cdf,2
pytorch,4,160,49.3483,1,1,0,c5ef909be6cda03f0f87a7354355468944e7f8840d5d2d83c344fdbf4a5d3bf6,04d5fc3bd443007507b8d2e2ea870060397833a500615e3e35ce6358bbe17cdf,2
pytorch,4,161,59.6735,1,1,0,c5ef909be6cda03f0f87a7354355468944e7f8840d5d2d83c344fdbf4a5d3bf6,04d5fc3bd443007507b8d2e2ea870060397833a500615e3e35ce6358bbe17cdf,2
pytorch,4,162,51.8012,1,1,0,c5ef909be6cda03f0f87a7354355468944e7f8840d5d2d83c344fdbf4a5d3bf6,04d5fc3bd443007507b8d2e2ea870060397833a500615e3e35ce6358bbe17cdf,2
pytorch,4,163,51.4012,1,1,0,c5ef909be6cda03f0f87a7354355468944e7f8840d5d2d83c344fdbf4a5d3bf6,04d5fc3bd443007507b8d2e2ea870060397833a500615e3e35ce6358bbe17cdf,2
pytorch,4,164,51.7604,1,1,0,c5ef909be6cda03f0f87a7354355468944e7f8840d5d2d83c344fdbf4a5d3bf6,04d5fc3bd443007507b8d2e2ea870060397833a500615e3e35ce6358bbe17cdf,2
pytorch,4,165,55.5459,1,1,0,c5ef909be6cda03f0f87a7354355468944e7f8840d5d2d83c344fdbf4a5d3bf6,04d5fc3bd443007507b8d2e2ea870060397833a500615e3e35ce6358bbe17cdf,2
pytorch,4,166,47.7497,1,1,0,c5ef909be6cda03f0f87a7354355468944e7f8840d5d2d83c344fdbf4a5d3bf6,04d5fc3bd443007507b8d2e2ea870060397833a500615e3e35ce6358bbe17cdf,2
pytorch,4,167,58.6532,1,1,0,c5ef909be6cda03f0f87a7354355468944e7f8840d5d2d83c344fdbf4a5d3bf6,04d5fc3bd443007507b8d2e2ea870060397833a500615e3e35ce6358bbe17cdf,2
pytorch,4,168,51.0162,1,1,0,c5ef909be6cda03f0f87a7354355468944e7f8840d5d2d83c344fdbf4a5d3bf6,04d5fc3bd443007507b8d2e2ea870060397833a500615e3e35ce6358bbe17cdf,2
pytorch,4,169,53.4442,1,1,0,c5ef909be6cda03f0f87a7354355468944e7f8840d5d2d83c344fdbf4a5d3bf6,04d5fc3bd443007507b8d2e2ea870060397833a500615e3e35ce6358bbe17cdf,2
pytorch,4,170,52.4965,1,1,0,c5ef909be6cda03f0f87a7354355468944e7f8840d5d2d83c344fdbf4a5d3bf6,04d5fc3bd443007507b8d2e2ea870060397833a500615e3e35ce6358bbe17cdf,2
pytorch,4,171,52.5324,1,1,0,c5ef909be6cda03f0f87a7354355468944e7f8840d5d2d83c344fdbf4a5d3bf6,04d5fc3bd443007507b8d2e2ea870060397833a500615e3e35ce6358bbe17cdf,2
pytorch,4,172,49.002,1,1,0,c5ef909be6cda03f0f87a7354355468944e7f8840d5d2d83c344fdbf4a5d3bf6,04d5fc3bd443007507b8d2e2ea870060397833a500615e3e35ce6358bbe17cdf,2
pytorch,4,173,53.8348,1,1,0,c5ef909be6cda03f0f87a7354355468944e7f8840d5d2d83c344fdbf4a5d3bf6,04d5fc3bd443007507b8d2e2ea870060397833a500615e3e35ce6358bbe17cdf,2
pytorch,4,174,48.2352,1,1,0,c5ef909be6cda03f0f87a7354355468944e7f8840d5d2d83c344fdbf4a5d3bf6,04d5fc3bd443007507b8d2e2ea870060397833a500615e3e35ce6358bbe17cdf,2
pytorch,4,175,52.6985,1,1,0,c5ef909be6cda03f0f87a7354355468944e7f8840d5d2d83c344fdbf4a5d3bf6,04d5fc3bd443007507b8d2e2ea870060397833a500615e3e35ce6358bbe17cdf,2
pytorch,4,176,49.756,1,1,0,c5ef909be6cda03f0f87a7354355468944e7f8840d5d2d83c344fdbf4a5d3bf6,04d5fc3bd443007507b8d2e2ea870060397833a500615e3e35ce6358bbe17cdf,2
pytorch,4,177,51.2809,1,1,0,c5ef909be6cda03f0f87a7354355468944e7f8840d5d2d83c344fdbf4a5d3bf6,04d5fc3bd443007507b8d2e2ea870060397833a500615e3e35ce6358bbe17cdf,2
pytorch,4,178,48.4093,1,1,0,c5ef909be6cda03f0f87a7354355468944e7f8840d5d2d83c344fdbf4a5d3bf6,04d5fc3bd443007507b8d2e2ea870060397833a500615e3e35ce6358bbe17cdf,2
pytorch,4,179,54.3357,1,1,0,c5ef909be6cda03f0f87a7354355468944e7f8840d5d2d83c344fdbf4a5d3bf6,04d5fc3bd443007507b8d2e2ea870060397833a500615e3e35ce6358bbe17cdf,2
pytorch,4,180,48.972,1,1,0,c5ef909be6cda03f0f87a7354355468944e7f8840d5d2d83c344fdbf4a5d3bf6,04d5fc3bd443007507b8d2e2ea870060397833a500615e3e35ce6358bbe17cdf,2
pytorch,4,181,52.6053,1,1,0,c5ef909be6cda03f0f87a7354355468944e7f8840d5d2d83c344fdbf4a5d3bf6,04d5fc3bd443007507b8d2e2ea870060397833a500615e3e35ce6358bbe17cdf,2
pytorch,4,182,50.273,1,1,0,c5ef909be6cda03f0f87a7354355468944e7f8840d5d2d83c344fdbf4a5d3bf6,04d5fc3bd443007507b8d2e2ea870060397833a500615e3e35ce6358bbe17cdf,2
pytorch,4,183,55.45,1,1,0,c5ef909be6cda03f0f87a7354355468944e7f8840d5d2d83c344fdbf4a5d3bf6,04d5fc3bd443007507b8d2e2ea870060397833a500615e3e35ce6358bbe17cdf,2
pytorch,4,184,48.9566,1,1,0,c5ef909be6cda03f0f87a7354355468944e7f8840d5d2d83c344fdbf4a5d3bf6,04d5fc3bd443007507b8d2e2ea870060397833a500615e3e35ce6358bbe17cdf,2
pytorch,4,185,50.0167,1,1,0,c5ef909be6cda03f0f87a7354355468944e7f8840d5d2d83c344fdbf4a5d3bf6,04d5fc3bd443007507b8d2e2ea870060397833a500615e3e35ce6358bbe17cdf,2
pytorch,4,186,49.3215,1,1,0,c5ef909be6cda03f0f87a7354355468944e7f8840d5d2d83c344fdbf4a5d3bf6,04d5fc3bd443007507b8d2e2ea870060397833a500615e3e35ce6358bbe17cdf,2
pytorch,4,187,53.36,1,1,0,c5ef909be6cda03f0f87a7354355468944e7f8840d5d2d83c344fdbf4a5d3bf6,04d5fc3bd443007507b8d2e2ea870060397833a500615e3e35ce6358bbe17cdf,2
pytorch,4,188,49.8782,1,1,0,c5ef909be6cda03f0f87a7354355468944e7f8840d5d2d83c344fdbf4a5d3bf6,04d5fc3bd443007507b8d2e2ea870060397833a500615e3e35ce6358bbe17cdf,2
pytorch,4,189,50.095,1,1,0,c5ef909be6cda03f0f87a7354355468944e7f8840d5d2d83c344fdbf4a5d3bf6,04d5fc3bd443007507b8d2e2ea870060397833a500615e3e35ce6358bbe17cdf,2
pytorch,4,190,48.0274,1,1,0,c5ef909be6cda03f0f87a7354355468944e7f8840d5d2d83c344fdbf4a5d3bf6,04d5fc3bd443007507b8d2e2ea870060397833a500615e3e35ce6358bbe17cdf,2
pytorch,4,191,50.8324,1,1,0,c5ef909be6cda03f0f87a7354355468944e7f8840d5d2d83c344fdbf4a5d3bf6,04d5fc3bd443007507b8d2e2ea870060397833a500615e3e35ce6358bbe17cdf,2
pytorch,4,192,52.8656,1,1,0,c5ef909be6cda03f0f87a7354355468944e7f8840d5d2d83c344fdbf4a5d3bf6,04d5fc3bd443007507b8d2e2ea870060397833a500615e3e35ce6358bbe17cdf,2
pytorch,4,193,53.4928,1,1,0,c5ef909be6cda03f0f87a7354355468944e7f8840d5d2d83c344fdbf4a5d3bf6,04d5fc3bd443007507b8d2e2ea870060397833a500615e3e35ce6358bbe17cdf,2
pytorch,4,194,46.3297,1,1,0,c5ef909be6cda03f0f87a7354355468944e7f8840d5d2d83c344fdbf4a5d3bf6,04d5fc3bd443007507b8d2e2ea870060397833a500615e3e35ce6358bbe17cdf,2
pytorch,4,195,50.2598,1,1,0,c5ef909be6cda03f0f87a7354355468944e7f8840d5d2d83c344fdbf4a5d3bf6,04d5fc3bd443007507b8d2e2ea870060397833a500615e3e35ce6358bbe17cdf,2
pytorch,4,196,49.3514,1,1,0,c5ef909be6cda03f0f87a7354355468944e7f8840d5d2d83c344fdbf4a5d3bf6,04d5fc3bd443007507b8d2e2ea870060397833a500615e3e35ce6358bbe17cdf,2
pytorch,4,197,53.2066,1,1,0,c5ef909be6cda03f0f87a7354355468944e7f8840d5d2d83c344fdbf4a5d3bf6,04d5fc3bd443007507b8d2e2ea870060397833a500615e3e35ce6358bbe17cdf,2
pytorch,4,198,45.3854,1,1,0,c5ef909be6cda03f0f87a7354355468944e7f8840d5d2d83c344fdbf4a5d3bf6,04d5fc3bd443007507b8d2e2ea870060397833a500615e3e35ce6358bbe17cdf,2
pytorch,4,199,51.4138,1,1,0,c5ef909be6cda03f0f87a7354355468944e7f8840d5d2d83c344fdbf4a5d3bf6,04d5fc3bd443007507b8d2e2ea870060397833a500615e3e35ce6358bbe17cdf,2
pytorch,4,200,47.1145,1,1,0,c5ef909be6cda03f0f87a7354355468944e7f8840d5d2d83c344fdbf4a5d3bf6,04d5fc3bd443007507b8d2e2ea870060397833a500615e3e35ce6358bbe17cdf,2
pytorch,4,201,48.3986,1,1,0,c5ef909be6cda03f0f87a7354355468944e7f8840d5d2d83c344fdbf4a5d3bf6,04d5fc3bd443007507b8d2e2ea870060397833a500615e3e35ce6358bbe17cdf,2
pytorch,4,202,50.8498,1,1,0,c5ef909be6cda03f0f87a7354355468944e7f8840d5d2d83c344fdbf4a5d3bf6,04d5fc3bd443007507b8d2e2ea870060397833a500615e3e35ce6358bbe17cdf,2
pytorch,4,203,48.4926,1,1,0,c5ef909be6cda03f0f87a7354355468944e7f8840d5d2d83c344fdbf4a5d3bf6,04d5fc3bd443007507b8d2e2ea870060397833a500615e3e35ce6358bbe17cdf,2
pytorch,4,204,49.9002,1,1,0,c5ef909be6cda03f0f87a7354355468944e7f8840d5d2d83c344fdbf4a5d3bf6,04d5fc3bd443007507b8d2e2ea870060397833a500615e3e35ce6358bbe17cdf,2
pytorch,4,205,47.5829,1,1,0,c5ef909be6cda03f0f87a7354355468944e7f8840d5d2d83c344fdbf4a5d3bf6,04d5fc3bd443007507b8d2e2ea870060397833a500615e3e35ce6358bbe17cdf,2
pytorch,4,206,49.8205,1,1,0,c5ef909be6cda03f0f87a7354355468944e7f8840d5d2d83c344fdbf4a5d3bf6,04d5fc3bd443007507b8d2e2ea870060397833a500615e3e35ce6358bbe17cdf,2
pytorch,4,207,50.2008,1,1,0,c5ef909be6cda03f0f87a7354355468944e7f8840d5d2d83c344fdbf4a5d3bf6,04d5fc3bd443007507b8d2e2ea870060397833a500615e3e35ce6358bbe17cdf,2
pytorch,4,208,52.9424,1,1,0,c5ef909be6cda03f0f87a7354355468944e7f8840d5d2d83c344fdbf4a5d3bf6,04d5fc3bd443007507b8d2e2ea870060397833a500615e3e35ce6358bbe17cdf,2
pytorch,4,209,46.5484,1,1,0,c5ef909be6cda03f0f87a7354355468944e7f8840d5d2d83c344fdbf4a5d3bf6,04d5fc3bd443007507b8d2e2ea870060397833a500615e3e35ce6358bbe17cdf,2
pytorch,4,210,51.7322,1,1,0,c5ef909be6cda03f0f87a7354355468944e7f8840d5d2d83c344fdbf4a5d3bf6,04d5fc3bd443007507b8d2e2ea870060397833a500615e3e35ce6358bbe17cdf,2
pytorch,4,211,45.9574,1,1,0,c5ef909be6cda03f0f87a7354355468944e7f8840d5d2d83c344fdbf4a5d3bf6,04d5fc3bd443007507b8d2e2ea870060397833a500615e3e35ce6358bbe17cdf,2
pytorch,4,212,50.1915,1,1,0,c5ef909be6cda03f0f87a7354355468944e7f8840d5d2d83c344fdbf4a5d3bf6,04d5fc3bd443007507b8d2e2ea870060397833a500615e3e35ce6358bbe17cdf,2
pytorch,4,213,46.3449,1,1,0,c5ef909be6cda03f0f87a7354355468944e7f8840d5d2d83c344fdbf4a5d3bf6,04d5fc3bd443007507b8d2e2ea870060397833a500615e3e35ce6358bbe17cdf,2
pytorch,4,214,47.2073,1,1,0,c5ef909be6cda03f0f87a7354355468944e7f8840d5d2d83c344fdbf4a5d3bf6,04d5fc3bd443007507b8d2e2ea870060397833a500615e3e35ce6358bbe17cdf,2
pytorch,4,215,47.1546,1,1,0,c5ef909be6cda03f0f87a7354355468944e7f8840d5d2d83c344fdbf4a5d3bf6,04d5fc3bd443007507b8d2e2ea870060397833a500615e3e35ce6358bbe17cdf,2
pytorch,4,216,50.8824,1,1,0,c5ef909be6cda03f0f87a7354355468944e7f8840d5d2d83c344fdbf4a5d3bf6,04d5fc3bd443007507b8d2e2ea870060397833a500615e3e35ce6358bbe17cdf,2
pytorch,4,217,46.362,1,1,0,c5ef909be6cda03f0f87a7354355468944e7f8840d5d2d83c344fdbf4a5d3bf6,04d5fc3bd443007507b8d2e2ea870060397833a500615e3e35ce6358bbe17cdf,2
pytorch,4,218,51.8735,1,1,0,c5ef909be6cda03f0f87a7354355468944e7f8840d5d2d83c344fdbf4a5d3bf6,04d5fc3bd443007507b8d2e2ea870060397833a500615e3e35ce6358bbe17cdf,2
pytorch,4,219,46.4725,1,1,0,c5ef909be6cda03f0f87a7354355468944e7f8840d5d2d83c344fdbf4a5d3bf6,04d5fc3bd443007507b8d2e2ea870060397833a500615e3e35ce6358bbe17cdf,2
pytorch,4,220,50.6901,1,1,0,c5ef909be6cda03f0f87a7354355468944e7f8840d5d2d83c344fdbf4a5d3bf6,04d5fc3bd443007507b8d2e2ea870060397833a500615e3e35ce6358bbe17cdf,2
pytorch,4,221,48.3514,1,1,0,c5ef909be6cda03f0f87a7354355468944e7f8840d5d2d83c344fdbf4a5d3bf6,04d5fc3bd443007507b8d2e2ea870060397833a500615e3e35ce6358bbe17cdf,2
pytorch,4,222,48.759,1,1,0,c5ef909be6cda03f0f87a7354355468944e7f8840d5d2d83c344fdbf4a5d3bf6,04d5fc3bd443007507b8d2e2ea870060397833a500615e3e35ce6358bbe17cdf,2
pytorch,4,223,48.1474,1,1,0,c5ef909be6cda03f0f87a7354355468944e7f8840d5d2d83c344fdbf4a5d3bf6,04d5fc3bd443007507b8d2e2ea870060397833a500615e3e35ce6358bbe17cdf,2
pytorch,4,224,43.9406,1,1,0,c5ef909be6cda03f0f87a7354355468944e7f8840d5d2d83c344fdbf4a5d3bf6,04d5fc3bd443007507b8d2e2ea870060397833a500615e3e35ce6358bbe17cdf,2
pytorch,4,225,49.772,1,1,0,c5ef909be6cda03f0f87a7354355468944e7f8840d5d2d83c344fdbf4a5d3bf6,04d5fc3bd443007507b8d2e2ea870060397833a500615e3e35ce6358bbe17cdf,2
pytorch,4,226,46.5936,1,1,0,c5ef909be6cda03f0f87a7354355468944e7f8840d5d2d83c344fdbf4a5d3bf6,04d5fc3bd443007507b8d2e2ea870060397833a500615e3e35ce6358bbe17cdf,2
pytorch,4,227,47.8971,1,1,0,c5ef909be6cda03f0f87a7354355468944e7f8840d5d2d83c344fdbf4a5d3bf6,04d5fc3bd443007507b8d2e2ea870060397833a500615e3e35ce6358bbe17cdf,2
pytorch,4,228,46.7351,1,1,0,c5ef909be6cda03f0f87a7354355468944e7f8840d5d2d83c344fdbf4a5d3bf6,04d5fc3bd443007507b8d2e2ea870060397833a500615e3e35ce6358bbe17cdf,2
pytorch,4,229,47.6352,1,1,0,c5ef909be6cda03f0f87a7354355468944e7f8840d5d2d83c344fdbf4a5d3bf6,04d5fc3bd443007507b8d2e2ea870060397833a500615e3e35ce6358bbe17cdf,2
pytorch,4,230,46.6979,1,1,0,c5ef909be6cda03f0f87a7354355468944e7f8840d5d2d83c344fdbf4a5d3bf6,04d5fc3bd443007507b8d2e2ea870060397833a500615e3e35ce6358bbe17cdf,2
pytorch,4,231,52.2088,1,1,0,c5ef909be6cda03f0f87a7354355468944e7f8840d5d2d83c344fdbf4a5d3bf6,04d5fc3bd443007507b8d2e2ea870060397833a500615e3e35ce6358bbe17cdf,2
pytorch,4,232,46.1048,1,1,0,c5ef909be6cda03f0f87a7354355468944e7f8840d5d2d83c344fdbf4a5d3bf6,04d5fc3bd443007507b8d2e2ea870060397833a500615e3e35ce6358bbe17cdf,2
pytorch,4,233,49.2969,1,1,0,c5ef909be6cda03f0f87a7354355468944e7f8840d5d2d83c344fdbf4a5d3bf6,04d5fc3bd443007507b8d2e2ea870060397833a500615e3e35ce6358bbe17cdf,2
pytorch,4,234,44.7103,1,1,0,c5ef909be6cda03f0f87a7354355468944e7f8840d5d2d83c344fdbf4a5d3bf6,04d5fc3bd443007507b8d2e2ea870060397833a500615e3e35ce6358bbe17cdf,2
pytorch,4,235,48.2905,1,1,0,c5ef909be6cda03f0f87a7354355468944e7f8840d5d2d83c344fdbf4a5d3bf6,04d5fc3bd443007507b8d2e2ea870060397833a500615e3e35ce6358bbe17cdf,2
pytorch,4,236,45.4168,1,1,0,c5ef909be6cda03f0f87a7354355468944e7f8840d5d2d83c344fdbf4a5d3bf6,04d5fc3bd443007507b8d2e2ea870060397833a500615e3e35ce6358bbe17cdf,2
pytorch,4,237,46.8636,1,1,0,c5ef909be6cda03f0f87a7354355468944e7f8840d5d2d83c344fdbf4a5d3bf6,04d5fc3bd443007507b8d2e2ea870060397833a500615e3e35ce6358bbe17cdf,2
pytorch,4,238,51.2072,1,1,0,c5ef909be6cda03f0f87a7354355468944e7f8840d5d2d83c344fdbf4a5d3bf6,04d5fc3bd443007507b8d2e2ea870060397833a500615e3e35ce6358bbe17cdf,2
pytorch,4,239,44.8971,1,1,0,c5ef909be6cda03f0f87a7354355468944e7f8840d5d2d83c344fdbf4a5d3bf6,04d5fc3bd443007507b8d2e2ea870060397833a500615e3e35ce6358bbe17cdf,2
pytorch,4,240,51.1816,1,1,0,c5ef909be6cda03f0f87a7354355468944e7f8840d5d2d83c344fdbf4a5d3bf6,04d5fc3bd443007507b8d2e2ea870060397833a500615e3e35ce6358bbe17cdf,2
pytorch,4,241,45.7009,1,1,0,c5ef909be6cda03f0f87a7354355468944e7f8840d5d2d83c344fdbf4a5d3bf6,04d5fc3bd443007507b8d2e2ea870060397833a500615e3e35ce6358bbe17cdf,2
pytorch,4,242,49.4161,1,1,0,c5ef909be6cda03f0f87a7354355468944e7f8840d5d2d83c344fdbf4a5d3bf6,04d5fc3bd443007507b8d2e2ea870060397833a500615e3e35ce6358bbe17cdf,2
pytorch,4,243,45.0329,1,1,0,c5ef909be6cda03f0f87a7354355468944e7f8840d5d2d83c344fdbf4a5d3bf6,04d5fc3bd443007507b8d2e2ea870060397833a500615e3e35ce6358bbe17cdf,2
pytorch,4,244,49.5411,1,1,0,c5ef909be6cda03f0f87a7354355468944e7f8840d5d2d83c344fdbf4a5d3bf6,04d5fc3bd443007507b8d2e2ea870060397833a500615e3e35ce6358bbe17cdf,2
pytorch,4,245,48.9654,1,1,0,c5ef909be6cda03f0f87a7354355468944e7f8840d5d2d83c344fdbf4a5d3bf6,04d5fc3bd443007507b8d2e2ea870060397833a500615e3e35ce6358bbe17cdf,2
pytorch,4,246,44.9426,1,1,0,c5ef909be6cda03f0f87a7354355468944e7f8840d5d2d83c344fdbf4a5d3bf6,04d5fc3bd443007507b8d2e2ea870060397833a500615e3e35ce6358bbe17cdf,2
pytorch,4,247,46.4684,1,1,0,c5ef909be6cda03f0f87a7354355468944e7f8840d5d2d83c344fdbf4a5d3bf6,04d5fc3bd443007507b8d2e2ea870060397833a500615e3e35ce6358bbe17cdf,2
pytorch,4,248,53.1566,1,1,0,c5ef909be6cda03f0f87a7354355468944e7f8840d5d2d83c344fdbf4a5d3bf6,04d5fc3bd443007507b8d2e2ea870060397833a500615e3e35ce6358bbe17cdf,2
pytorch,4,249,46.1562,1,1,0,c5ef909be6cda03f0f87a7354355468944e7f8840d5d2d83c344fdbf4a5d3bf6,04d5fc3bd443007507b8d2e2ea870060397833a500615e3e35ce6358bbe17cdf,2
pytorch,4,250,49.3792,1,1,0,c5ef909be6cda03f0f87a7354355468944e7f8840d5d2d83c344fdbf4a5d3bf6,04d5fc3bd443007507b8d2e2ea870060397833a500615e3e35ce6358bbe17cdf,2
pytorch,4,251,47.8438,1,1,0,c5ef909be6cda03f0f87a7354355468944e7f8840d5d2d83c344fdbf4a5d3bf6,04d5fc3bd443007507b8d2e2ea870060397833a500615e3e35ce6358bbe17cdf,2
pytorch,4,252,51.0308,1,1,0,c5ef909be6cda03f0f87a7354355468944e7f8840d5d2d83c344fdbf4a5d3bf6,04d5fc3bd443007507b8d2e2ea870060397833a500615e3e35ce6358bbe17cdf,2
pytorch,4,253,46.5557,1,1,0,c5ef909be6cda03f0f87a7354355468944e7f8840d5d2d83c344fdbf4a5d3bf6,04d5fc3bd443007507b8d2e2ea870060397833a500615e3e35ce6358bbe17cdf,2
pytorch,4,254,44.2008,1,1,0,c5ef909be6cda03f0f87a7354355468944e7f8840d5d2d83c344fdbf4a5d3bf6,04d5fc3bd443007507b8d2e2ea870060397833a500615e3e35ce6358bbe17cdf,2
pytorch,4,255,50.2717,1,1,0,c5ef909be6cda03f0f87a7354355468944e7f8840d5d2d83c344fdbf4a5d3bf6,04d5fc3bd443007507b8d2e2ea870060397833a500615e3e35ce6358bbe17cdf,2
pytorch,4,256,44.9302,1,1,0,c5ef909be6cda03f0f87a7354355468944e7f8840d5d2d83c344fdbf4a5d3bf6,04d5fc3bd443007507b8d2e2ea870060397833a500615e3e35ce6358bbe17cdf,2
pytorch,4,257,50.5444,1,1,0,c5ef909be6cda03f0f87a7354355468944e7f8840d5d2d83c344fdbf4a5d3bf6,04d5fc3bd443007507b8d2e2ea870060397833a500615e3e35ce6358bbe17cdf,2
pytorch,4,258,45.9351,1,1,0,c5ef909be6cda03f0f87a7354355468944e7f8840d5d2d83c344fdbf4a5d3bf6,04d5fc3bd443007507b8d2e2ea870060397833a500615e3e35ce6358bbe17cdf,2
pytorch,4,259,47.675,1,1,0,c5ef909be6cda03f0f87a7354355468944e7f8840d5d2d83c344fdbf4a5d3bf6,04d5fc3bd443007507b8d2e2ea870060397833a500615e3e35ce6358bbe17cdf,2
pytorch,4,260,46.1201,1,1,0,c5ef909be6cda03f0f87a7354355468944e7f8840d5d2d83c344fdbf4a5d3bf6,04d5fc3bd443007507b8d2e2ea870060397833a500615e3e35ce6358bbe17cdf,2
pytorch,4,261,46.9296,1,1,0,c5ef909be6cda03f0f87a7354355468944e7f8840d5d2d83c344fdbf4a5d3bf6,04d5fc3bd443007507b8d2e2ea870060397833a500615e3e35ce6358bbe17cdf,2
pytorch,4,262,46.2652,1,1,0,c5ef909be6cda03f0f87a7354355468944e7f8840d5d2d83c344fdbf4a5d3bf6,04d5fc3bd443007507b8d2e2ea870060397833a500615e3e35ce6358bbe17cdf,2
pytorch,4,263,50.2177,1,1,0,c5ef909be6cda03f0f87a7354355468944e7f8840d5d2d83c344fdbf4a5d3bf6,04d5fc3bd443007507b8d2e2ea870060397833a500615e3e35ce6358bbe17cdf,2
pytorch,4,264,45.6789,1,1,0,c5ef909be6cda03f0f87a7354355468944e7f8840d5d2d83c344fdbf4a5d3bf6,04d5fc3bd443007507b8d2e2ea870060397833a500615e3e35ce6358bbe17cdf,2
pytorch,4,265,48.3925,1,1,0,c5ef909be6cda03f0f87a7354355468944e7f8840d5d2d83c344fdbf4a5d3bf6,04d5fc3bd443007507b8d2e2ea870060397833a500615e3e35ce6358bbe17cdf,2
pytorch,4,266,47.9549,1,1,0,c5ef909be6cda03f0f87a7354355468944e7f8840d5d2d83c344fdbf4a5d3bf6,04d5fc3bd443007507b8d2e2ea870060397833a500615e3e35ce6358bbe17cdf,2
pytorch,4,267,46.0717,1,1,0,c5ef909be6cda03f0f87a7354355468944e7f8840d5d2d83c344fdbf4a5d3bf6,04d5fc3bd443007507b8d2e2ea870060397833a500615e3e35ce6358bbe17cdf,2
pytorch,4,268,45.0877,1,1,0,c5ef909be6cda03f0f87a7354355468944e7f8840d5d2d83c344fdbf4a5d3bf6,04d5fc3bd443007507b8d2e2ea870060397833a500615e3e35ce6358bbe17cdf,2
pytorch,4,269,45.3733,1,1,0,c5ef909be6cda03f0f87a7354355468944e7f8840d5d2d83c344fdbf4a5d3bf6,04d5fc3bd443007507b8d2e2ea870060397833a500615e3e35ce6358bbe17cdf,2
pytorch,4,270,51.2078,1,1,0,c5ef909be6cda03f0f87a7354355468944e7f8840d5d2d83c344fdbf4a5d3bf6,04d5fc3bd443007507b8d2e2ea870060397833a500615e3e35ce6358bbe17cdf,2
pytorch,4,271,45.4759,1,1,0,c5ef909be6cda03f0f87a7354355468944e7f8840d5d2d83c344fdbf4a5d3bf6,04d5fc3bd443007507b8d2e2ea870060397833a500615e3e35ce6358bbe17cdf,2
pytorch,4,272,46.1656,1,1,0,c5ef909be6cda03f0f87a7354355468944e7f8840d5d2d83c344fdbf4a5d3bf6,04d5fc3bd443007507b8d2e2ea870060397833a500615e3e35ce6358bbe17cdf,2
pytorch,4,273,45.7433,1,1,0,c5ef909be6cda03f0f87a7354355468944e7f8840d5d2d83c344fdbf4a5d3bf6,04d5fc3bd443007507b8d2e2ea870060397833a500615e3e35ce6358bbe17cdf,2
pytorch,4,274,49.1125,1,1,0,c5ef909be6cda03f0f87a7354355468944e7f8840d5d2d83c344fdbf4a5d3bf6,04d5fc3bd443007507b8d2e2ea870060397833a500615e3e35ce6358bbe17cdf,2
pytorch,4,275,48.3947,1,1,0,c5ef909be6cda03f0f87a7354355468944e7f8840d5d2d83c344fdbf4a5d3bf6,04d5fc3bd443007507b8d2e2ea870060397833a500615e3e35ce6358bbe17cdf,2
pytorch,4,276,49.6241,1,1,0,c5ef909be6cda03f0f87a7354355468944e7f8840d5d2d83c344fdbf4a5d3bf6,04d5fc3bd443007507b8d2e2ea870060397833a500615e3e35ce6358bbe17cdf,2
pytorch,4,277,46.3928,1,1,0,c5ef909be6cda03f0f87a7354355468944e7f8840d5d2d83c344fdbf4a5d3bf6,04d5fc3bd443007507b8d2e2ea870060397833a500615e3e35ce6358bbe17cdf,2
pytorch,4,278,51.0993,1,1,0,c5ef909be6cda03f0f87a7354355468944e7f8840d5d2d83c344fdbf4a5d3bf6,04d5fc3bd443007507b8d2e2ea870060397833a500615e3e35ce6358bbe17cdf,2
pytorch,4,279,42.7173,1,1,0,c5ef909be6cda03f0f87a7354355468944e7f8840d5d2d83c344fdbf4a5d3bf6,04d5fc3bd443007507b8d2e2ea870060397833a500615e3e35ce6358bbe17cdf,2
pytorch,4,280,48.1065,1,1,0,c5ef909be6cda03f0f87a7354355468944e7f8840d5d2d83c344fdbf4a5d3bf6,04d5fc3bd443007507b8d2e2ea870060397833a500615e3e35ce6358bbe17cdf,2
pytorch,4,281,46.8436,1,1,0,c5ef909be6cda03f0f87a7354355468944e7f8840d5d2d83c344fdbf4a5d3bf6,04d5fc3bd443007507b8d2e2ea870060397833a500615e3e35ce6358bbe17cdf,2
pytorch,4,282,45.7816,1,1,0,c5ef909be6cda03f0f87a7354355468944e7f8840d5d2d83c344fdbf4a5d3bf6,04d5fc3bd443007507b8d2e2ea870060397833a500615e3e35ce6358bbe17cdf,2
pytorch,4,283,49.6994,1,1,0,c5ef909be6cda03f0f87a7354355468944e7f8840d5d2d83c344fdbf4a5d3bf6,04d5fc3bd443007507b8d2e2ea870060397833a500615e3e35ce6358bbe17cdf,2
pytorch,4,284,45.9833,1,1,0,c5ef909be6cda03f0f87a7354355468944e7f8840d5d2d83c344fdbf4a5d3bf6,04d5fc3bd443007507b8d2e2ea870060397833a500615e3e35ce6358bbe17cdf,2
pytorch,4,285,50.3545,1,1,0,c5ef909be6cda03f0f87a7354355468944e7f8840d5d2d83c344fdbf4a5d3bf6,04d5fc3bd443007507b8d2e2ea870060397833a500615e3e35ce6358bbe17cdf,2
pytorch,4,286,45.1032,1,1,0,c5ef909be6cda03f0f87a7354355468944e7f8840d5d2d83c344fdbf4a5d3bf6,04d5fc3bd443007507b8d2e2ea870060397833a500615e3e35ce6358bbe17cdf,2
pytorch,4,287,47.79,1,1,0,c5ef909be6cda03f0f87a7354355468944e7f8840d5d2d83c344fdbf4a5d3bf6,04d5fc3bd443007507b8d2e2ea870060397833a500615e3e35ce6358bbe17cdf,2
pytorch,4,288,47.842,1,1,0,c5ef909be6cda03f0f87a7354355468944e7f8840d5d2d83c344fdbf4a5d3bf6,04d5fc3bd443007507b8d2e2ea870060397833a500615e3e35ce6358bbe17cdf,2
pytorch,4,289,48.9378,1,1,0,c5ef909be6cda03f0f87a7354355468944e7f8840d5d2d83c344fdbf4a5d3bf6,04d5fc3bd443007507b8d2e2ea870060397833a500615e3e35ce6358bbe17cdf,2
pytorch,4,290,47.3871,1,1,0,c5ef909be6cda03f0f87a7354355468944e7f8840d5d2d83c344fdbf4a5d3bf6,04d5fc3bd443007507b8d2e2ea870060397833a500615e3e35ce6358bbe17cdf,2
pytorch,4,291,48.8888,1,1,0,c5ef909be6cda03f0f87a7354355468944e7f8840d5d2d83c344fdbf4a5d3bf6,04d5fc3bd443007507b8d2e2ea870060397833a500615e3e35ce6358bbe17cdf,2
pytorch,4,292,44.9887,1,1,0,c5ef909be6cda03f0f87a7354355468944e7f8840d5d2d83c344fdbf4a5d3bf6,04d5fc3bd443007507b8d2e2ea870060397833a500615e3e35ce6358bbe17cdf,2
pytorch,4,293,51.7005,1,1,0,c5ef909be6cda03f0f87a7354355468944e7f8840d5d2d83c344fdbf4a5d3bf6,04d5fc3bd443007507b8d2e2ea870060397833a500615e3e35ce6358bbe17cdf,2
pytorch,4,294,44.4579,1,1,0,c5ef909be6cda03f0f87a7354355468944e7f8840d5d2d83c344fdbf4a5d3bf6,04d5fc3bd443007507b8d2e2ea870060397833a500615e3e35ce6358bbe17cdf,2
pytorch,4,295,48.8355,1,1,0,c5ef909be6cda03f0f87a7354355468944e7f8840d5d2d83c344fdbf4a5d3bf6,04d5fc3bd443007507b8d2e2ea870060397833a500615e3e35ce6358bbe17cdf,2
pytorch,4,296,49.8166,1,1,0,c5ef909be6cda03f0f87a7354355468944e7f8840d5d2d83c344fdbf4a5d3bf6,04d5fc3bd443007507b8d2e2ea870060397833a500615e3e35ce6358bbe17cdf,2
pytorch,4,297,47.4437,1,1,0,c5ef909be6cda03f0f87a7354355468944e7f8840d5d2d83c344fdbf4a5d3bf6,04d5fc3bd443007507b8d2e2ea870060397833a500615e3e35ce6358bbe17cdf,2
pytorch,4,298,49.0386,1,1,0,c5ef909be6cda03f0f87a7354355468944e7f8840d5d2d83c344fdbf4a5d3bf6,04d5fc3bd443007507b8d2e2ea870060397833a500615e3e35ce6358bbe17cdf,2
pytorch,4,299,46.3724,1,1,0,c5ef909be6cda03f0f87a7354355468944e7f8840d5d2d83c344fdbf4a5d3bf6,04d5fc3bd443007507b8d2e2ea870060397833a500615e3e35ce6358bbe17cdf,2
pytorch,2,0,44.388,1,1,0,c5ef909be6cda03f0f87a7354355468944e7f8840d5d2d83c344fdbf4a5d3bf6,04d5fc3bd443007507b8d2e2ea870060397833a500615e3e35ce6358bbe17cdf,3
pytorch,2,1,48.9635,1,1,0,c5ef909be6cda03f0f87a7354355468944e7f8840d5d2d83c344fdbf4a5d3bf6,04d5fc3bd443007507b8d2e2ea870060397833a500615e3e35ce6358bbe17cdf,3
pytorch,2,2,46.5858,1,1,0,c5ef909be6cda03f0f87a7354355468944e7f8840d5d2d83c344fdbf4a5d3bf6,04d5fc3bd443007507b8d2e2ea870060397833a500615e3e35ce6358bbe17cdf,3
pytorch,2,3,45.4289,1,1,0,c5ef909be6cda03f0f87a7354355468944e7f8840d5d2d83c344fdbf4a5d3bf6,04d5fc3bd443007507b8d2e2ea870060397833a500615e3e35ce6358bbe17cdf,3
pytorch,2,4,48.3573,1,1,0,c5ef909be6cda03f0f87a7354355468944e7f8840d5d2d83c344fdbf4a5d3bf6,04d5fc3bd443007507b8d2e2ea870060397833a500615e3e35ce6358bbe17cdf,3
pytorch,2,5,48.8401,1,1,0,c5ef909be6cda03f0f87a7354355468944e7f8840d5d2d83c344fdbf4a5d3bf6,04d5fc3bd443007507b8d2e2ea870060397833a500615e3e35ce6358bbe17cdf,3
pytorch,2,6,49.7647,1,1,0,c5ef909be6cda03f0f87a7354355468944e7f8840d5d2d83c344fdbf4a5d3bf6,04d5fc3bd443007507b8d2e2ea870060397833a500615e3e35ce6358bbe17cdf,3
pytorch,2,7,48.9972,1,1,0,c5ef909be6cda03f0f87a7354355468944e7f8840d5d2d83c344fdbf4a5d3bf6,04d5fc3bd443007507b8d2e2ea870060397833a500615e3e35ce6358bbe17cdf,3
pytorch,2,8,48.2661,1,1,0,c5ef909be6cda03f0f87a7354355468944e7f8840d5d2d83c344fdbf4a5d3bf6,04d5fc3bd443007507b8d2e2ea870060397833a500615e3e35ce6358bbe17cdf,3
pytorch,2,9,44.1914,1,1,0,c5ef909be6cda03f0f87a7354355468944e7f8840d5d2d83c344fdbf4a5d3bf6,04d5fc3bd443007507b8d2e2ea870060397833a500615e3e35ce6358bbe17cdf,3
pytorch,2,10,45.1499,1,1,0,c5ef909be6cda03f0f87a7354355468944e7f8840d5d2d83c344fdbf4a5d3bf6,04d5fc3bd443007507b8d2e2ea870060397833a500615e3e35ce6358bbe17cdf,3
pytorch,2,11,50.3584,1,1,0,c5ef909be6cda03f0f87a7354355468944e7f8840d5d2d83c344fdbf4a5d3bf6,04d5fc3bd443007507b8d2e2ea870060397833a500615e3e35ce6358bbe17cdf,3
pytorch,2,12,47.6241,1,1,0,c5ef909be6cda03f0f87a7354355468944e7f8840d5d2d83c344fdbf4a5d3bf6,04d5fc3bd443007507b8d2e2ea870060397833a500615e3e35ce6358bbe17cdf,3
pytorch,2,13,47.4343,1,1,0,c5ef909be6cda03f0f87a7354355468944e7f8840d5d2d83c344fdbf4a5d3bf6,04d5fc3bd443007507b8d2e2ea870060397833a500615e3e35ce6358bbe17cdf,3
pytorch,2,14,49.3648,1,1,0,c5ef909be6cda03f0f87a7354355468944e7f8840d5d2d83c344fdbf4a5d3bf6,04d5fc3bd443007507b8d2e2ea870060397833a500615e3e35ce6358bbe17cdf,3
pytorch,2,15,44.3731,1,1,0,c5ef909be6cda03f0f87a7354355468944e7f8840d5d2d83c344fdbf4a5d3bf6,04d5fc3bd443007507b8d2e2ea870060397833a500615e3e35ce6358bbe17cdf,3
pytorch,2,16,47.8794,1,1,0,c5ef909be6cda03f0f87a7354355468944e7f8840d5d2d83c344fdbf4a5d3bf6,04d5fc3bd443007507b8d2e2ea870060397833a500615e3e35ce6358bbe17cdf,3
pytorch,2,17,57.2387,1,1,0,c5ef909be6cda03f0f87a7354355468944e7f8840d5d2d83c344fdbf4a5d3bf6,04d5fc3bd443007507b8d2e2ea870060397833a500615e3e35ce6358bbe17cdf,3
pytorch,2,18,48.4708,1,1,0,c5ef909be6cda03f0f87a7354355468944e7f8840d5d2d83c344fdbf4a5d3bf6,04d5fc3bd443007507b8d2e2ea870060397833a500615e3e35ce6358bbe17cdf,3
pytorch,2,19,46.3777,1,1,0,c5ef909be6cda03f0f87a7354355468944e7f8840d5d2d83c344fdbf4a5d3bf6,04d5fc3bd443007507b8d2e2ea870060397833a500615e3e35ce6358bbe17cdf,3
pytorch,2,20,44.0556,1,1,0,c5ef909be6cda03f0f87a7354355468944e7f8840d5d2d83c344fdbf4a5d3bf6,04d5fc3bd443007507b8d2e2ea870060397833a500615e3e35ce6358bbe17cdf,3
pytorch,2,21,46.5125,1,1,0,c5ef909be6cda03f0f87a7354355468944e7f8840d5d2d83c344fdbf4a5d3bf6,04d5fc3bd443007507b8d2e2ea870060397833a500615e3e35ce6358bbe17cdf,3
pytorch,2,22,44.9542,1,1,0,c5ef909be6cda03f0f87a7354355468944e7f8840d5d2d83c344fdbf4a5d3bf6,04d5fc3bd443007507b8d2e2ea870060397833a500615e3e35ce6358bbe17cdf,3
pytorch,2,23,49.142,1,1,0,c5ef909be6cda03f0f87a7354355468944e7f8840d5d2d83c344fdbf4a5d3bf6,04d5fc3bd443007507b8d2e2ea870060397833a500615e3e35ce6358bbe17cdf,3
pytorch,2,24,47.3343,1,1,0,c5ef909be6cda03f0f87a7354355468944e7f8840d5d2d83c344fdbf4a5d3bf6,04d5fc3bd443007507b8d2e2ea870060397833a500615e3e35ce6358bbe17cdf,3
pytorch,2,25,45.6761,1,1,0,c5ef909be6cda03f0f87a7354355468944e7f8840d5d2d83c344fdbf4a5d3bf6,04d5fc3bd443007507b8d2e2ea870060397833a500615e3e35ce6358bbe17cdf,3
pytorch,2,26,47.6872,1,1,0,c5ef909be6cda03f0f87a7354355468944e7f8840d5d2d83c344fdbf4a5d3bf6,04d5fc3bd443007507b8d2e2ea870060397833a500615e3e35ce6358bbe17cdf,3
pytorch,2,27,50.2131,1,1,0,c5ef909be6cda03f0f87a7354355468944e7f8840d5d2d83c344fdbf4a5d3bf6,04d5fc3bd443007507b8d2e2ea870060397833a500615e3e35ce6358bbe17cdf,3
pytorch,2,28,47.7373,1,1,0,c5ef909be6cda03f0f87a7354355468944e7f8840d5d2d83c344fdbf4a5d3bf6,04d5fc3bd443007507b8d2e2ea870060397833a500615e3e35ce6358bbe17cdf,3
pytorch,2,29,47.6351,1,1,0,c5ef909be6cda03f0f87a7354355468944e7f8840d5d2d83c344fdbf4a5d3bf6,04d5fc3bd443007507b8d2e2ea870060397833a500615e3e35ce6358bbe17cdf,3
pytorch,2,30,46.5513,1,1,0,c5ef909be6cda03f0f87a7354355468944e7f8840d5d2d83c344fdbf4a5d3bf6,04d5fc3bd443007507b8d2e2ea870060397833a500615e3e35ce6358bbe17cdf,3
pytorch,2,31,50.3773,1,1,0,c5ef909be6cda03f0f87a7354355468944e7f8840d5d2d83c344fdbf4a5d3bf6,04d5fc3bd443007507b8d2e2ea870060397833a500615e3e35ce6358bbe17cdf,3
pytorch,2,32,47.1032,1,1,0,c5ef909be6cda03f0f87a7354355468944e7f8840d5d2d83c344fdbf4a5d3bf6,04d5fc3bd443007507b8d2e2ea870060397833a500615e3e35ce6358bbe17cdf,3
pytorch,2,33,45.6958,1,1,0,c5ef909be6cda03f0f87a7354355468944e7f8840d5d2d83c344fdbf4a5d3bf6,04d5fc3bd443007507b8d2e2ea870060397833a500615e3e35ce6358bbe17cdf,3
pytorch,2,34,50.1115,1,1,0,c5ef909be6cda03f0f87a7354355468944e7f8840d5d2d83c344fdbf4a5d3bf6,04d5fc3bd443007507b8d2e2ea870060397833a500615e3e35ce6358bbe17cdf,3
pytorch,2,35,48.488,1,1,0,c5ef909be6cda03f0f87a7354355468944e7f8840d5d2d83c344fdbf4a5d3bf6,04d5fc3bd443007507b8d2e2ea870060397833a500615e3e35ce6358bbe17cdf,3
pytorch,2,36,56.0802,1,1,0,c5ef909be6cda03f0f87a7354355468944e7f8840d5d2d83c344fdbf4a5d3bf6,04d5fc3bd443007507b8d2e2ea870060397833a500615e3e35ce6358bbe17cdf,3
pytorch,2,37,55.0287,1,1,0,c5ef909be6cda03f0f87a7354355468944e7f8840d5d2d83c344fdbf4a5d3bf6,04d5fc3bd443007507b8d2e2ea870060397833a500615e3e35ce6358bbe17cdf,3
pytorch,2,38,62.502,1,1,0,c5ef909be6cda03f0f87a7354355468944e7f8840d5d2d83c344fdbf4a5d3bf6,04d5fc3bd443007507b8d2e2ea870060397833a500615e3e35ce6358bbe17cdf,3
pytorch,2,39,59.4386,1,1,0,c5ef909be6cda03f0f87a7354355468944e7f8840d5d2d83c344fdbf4a5d3bf6,04d5fc3bd443007507b8d2e2ea870060397833a500615e3e35ce6358bbe17cdf,3
pytorch,2,40,57.3048,1,1,0,c5ef909be6cda03f0f87a7354355468944e7f8840d5d2d83c344fdbf4a5d3bf6,04d5fc3bd443007507b8d2e2ea870060397833a500615e3e35ce6358bbe17cdf,3
pytorch,2,41,70.9748,1,1,0,c5ef909be6cda03f0f87a7354355468944e7f8840d5d2d83c344fdbf4a5d3bf6,04d5fc3bd443007507b8d2e2ea870060397833a500615e3e35ce6358bbe17cdf,3
pytorch,2,42,63.2994,1,1,0,c5ef909be6cda03f0f87a7354355468944e7f8840d5d2d83c344fdbf4a5d3bf6,04d5fc3bd443007507b8d2e2ea870060397833a500615e3e35ce6358bbe17cdf,3
pytorch,2,43,55.5009,1,1,0,c5ef909be6cda03f0f87a7354355468944e7f8840d5d2d83c344fdbf4a5d3bf6,04d5fc3bd443007507b8d2e2ea870060397833a500615e3e35ce6358bbe17cdf,3
pytorch,2,44,52.9798,1,1,0,c5ef909be6cda03f0f87a7354355468944e7f8840d5d2d83c344fdbf4a5d3bf6,04d5fc3bd443007507b8d2e2ea870060397833a500615e3e35ce6358bbe17cdf,3
pytorch,2,45,55.8877,1,1,0,c5ef909be6cda03f0f87a7354355468944e7f8840d5d2d83c344fdbf4a5d3bf6,04d5fc3bd443007507b8d2e2ea870060397833a500615e3e35ce6358bbe17cdf,3
pytorch,2,46,56.7258,1,1,0,c5ef909be6cda03f0f87a7354355468944e7f8840d5d2d83c344fdbf4a5d3bf6,04d5fc3bd443007507b8d2e2ea870060397833a500615e3e35ce6358bbe17cdf,3
pytorch,2,47,50.2076,1,1,0,c5ef909be6cda03f0f87a7354355468944e7f8840d5d2d83c344fdbf4a5d3bf6,04d5fc3bd443007507b8d2e2ea870060397833a500615e3e35ce6358bbe17cdf,3
pytorch,2,48,54.1765,1,1,0,c5ef909be6cda03f0f87a7354355468944e7f8840d5d2d83c344fdbf4a5d3bf6,04d5fc3bd443007507b8d2e2ea870060397833a500615e3e35ce6358bbe17cdf,3
pytorch,2,49,49.2342,1,1,0,c5ef909be6cda03f0f87a7354355468944e7f8840d5d2d83c344fdbf4a5d3bf6,04d5fc3bd443007507b8d2e2ea870060397833a500615e3e35ce6358bbe17cdf,3
pytorch,2,50,52.2482,1,1,0,c5ef909be6cda03f0f87a7354355468944e7f8840d5d2d83c344fdbf4a5d3bf6,04d5fc3bd443007507b8d2e2ea870060397833a500615e3e35ce6358bbe17cdf,3
pytorch,2,51,58.8611,1,1,0,c5ef909be6cda03f0f87a7354355468944e7f8840d5d2d83c344fdbf4a5d3bf6,04d5fc3bd443007507b8d2e2ea870060397833a500615e3e35ce6358bbe17cdf,3
pytorch,2,52,52.4805,1,1,0,c5ef909be6cda03f0f87a7354355468944e7f8840d5d2d83c344fdbf4a5d3bf6,04d5fc3bd443007507b8d2e2ea870060397833a500615e3e35ce6358bbe17cdf,3
pytorch,2,53,50.8272,1,1,0,c5ef909be6cda03f0f87a7354355468944e7f8840d5d2d83c344fdbf4a5d3bf6,04d5fc3bd443007507b8d2e2ea870060397833a500615e3e35ce6358bbe17cdf,3
pytorch,2,54,54.2412,1,1,0,c5ef909be6cda03f0f87a7354355468944e7f8840d5d2d83c344fdbf4a5d3bf6,04d5fc3bd443007507b8d2e2ea870060397833a500615e3e35ce6358bbe17cdf,3
pytorch,2,55,58.2551,1,1,0,c5ef909be6cda03f0f87a7354355468944e7f8840d5d2d83c344fdbf4a5d3bf6,04d5fc3bd443007507b8d2e2ea870060397833a500615e3e35ce6358bbe17cdf,3
pytorch,2,56,53.7034,1,1,0,c5ef909be6cda03f0f87a7354355468944e7f8840d5d2d83c344fdbf4a5d3bf6,04d5fc3bd443007507b8d2e2ea870060397833a500615e3e35ce6358bbe17cdf,3
pytorch,2,57,50.2293,1,1,0,c5ef909be6cda03f0f87a7354355468944e7f8840d5d2d83c344fdbf4a5d3bf6,04d5fc3bd443007507b8d2e2ea870060397833a500615e3e35ce6358bbe17cdf,3
pytorch,2,58,51.0219,1,1,0,c5ef909be6cda03f0f87a7354355468944e7f8840d5d2d83c344fdbf4a5d3bf6,04d5fc3bd443007507b8d2e2ea870060397833a500615e3e35ce6358bbe17cdf,3
pytorch,2,59,49.9921,1,1,0,c5ef909be6cda03f0f87a7354355468944e7f8840d5d2d83c344fdbf4a5d3bf6,04d5fc3bd443007507b8d2e2ea870060397833a500615e3e35ce6358bbe17cdf,3
pytorch,2,60,50.6617,1,1,0,c5ef909be6cda03f0f87a7354355468944e7f8840d5d2d83c344fdbf4a5d3bf6,04d5fc3bd443007507b8d2e2ea870060397833a500615e3e35ce6358bbe17cdf,3
pytorch,2,61,49.8734,1,1,0,c5ef909be6cda03f0f87a7354355468944e7f8840d5d2d83c344fdbf4a5d3bf6,04d5fc3bd443007507b8d2e2ea870060397833a500615e3e35ce6358bbe17cdf,3
pytorch,2,62,52.8085,1,1,0,c5ef909be6cda03f0f87a7354355468944e7f8840d5d2d83c344fdbf4a5d3bf6,04d5fc3bd443007507b8d2e2ea870060397833a500615e3e35ce6358bbe17cdf,3
pytorch,2,63,60.2707,1,1,0,c5ef909be6cda03f0f87a7354355468944e7f8840d5d2d83c344fdbf4a5d3bf6,04d5fc3bd443007507b8d2e2ea870060397833a500615e3e35ce6358bbe17cdf,3
pytorch,2,64,55.7243,1,1,0,c5ef909be6cda03f0f87a7354355468944e7f8840d5d2d83c344fdbf4a5d3bf6,04d5fc3bd443007507b8d2e2ea870060397833a500615e3e35ce6358bbe17cdf,3
pytorch,2,65,55.6712,1,1,0,c5ef909be6cda03f0f87a7354355468944e7f8840d5d2d83c344fdbf4a5d3bf6,04d5fc3bd443007507b8d2e2ea870060397833a500615e3e35ce6358bbe17cdf,3
pytorch,2,66,49.2074,1,1,0,c5ef909be6cda03f0f87a7354355468944e7f8840d5d2d83c344fdbf4a5d3bf6,04d5fc3bd443007507b8d2e2ea870060397833a500615e3e35ce6358bbe17cdf,3
pytorch,2,67,59.2735,1,1,0,c5ef909be6cda03f0f87a7354355468944e7f8840d5d2d83c344fdbf4a5d3bf6,04d5fc3bd443007507b8d2e2ea870060397833a500615e3e35ce6358bbe17cdf,3
pytorch,2,68,53.2561,1,1,0,c5ef909be6cda03f0f87a7354355468944e7f8840d5d2d83c344fdbf4a5d3bf6,04d5fc3bd443007507b8d2e2ea870060397833a500615e3e35ce6358bbe17cdf,3
pytorch,2,69,58.7405,1,1,0,c5ef909be6cda03f0f87a7354355468944e7f8840d5d2d83c344fdbf4a5d3bf6,04d5fc3bd443007507b8d2e2ea870060397833a500615e3e35ce6358bbe17cdf,3
pytorch,2,70,53.3911,1,1,0,c5ef909be6cda03f0f87a7354355468944e7f8840d5d2d83c344fdbf4a5d3bf6,04d5fc3bd443007507b8d2e2ea870060397833a500615e3e35ce6358bbe17cdf,3
pytorch,2,71,57.1674,1,1,0,c5ef909be6cda03f0f87a7354355468944e7f8840d5d2d83c344fdbf4a5d3bf6,04d5fc3bd443007507b8d2e2ea870060397833a500615e3e35ce6358bbe17cdf,3
pytorch,2,72,50.0264,1,1,0,c5ef909be6cda03f0f87a7354355468944e7f8840d5d2d83c344fdbf4a5d3bf6,04d5fc3bd443007507b8d2e2ea870060397833a500615e3e35ce6358bbe17cdf,3
pytorch,2,73,56.3965,1,1,0,c5ef909be6cda03f0f87a7354355468944e7f8840d5d2d83c344fdbf4a5d3bf6,04d5fc3bd443007507b8d2e2ea870060397833a500615e3e35ce6358bbe17cdf,3
pytorch,2,74,55.7584,1,1,0,c5ef909be6cda03f0f87a7354355468944e7f8840d5d2d83c344fdbf4a5d3bf6,04d5fc3bd443007507b8d2e2ea870060397833a500615e3e35ce6358bbe17cdf,3
pytorch,2,75,55.1595,1,1,0,c5ef909be6cda03f0f87a7354355468944e7f8840d5d2d83c344fdbf4a5d3bf6,04d5fc3bd443007507b8d2e2ea870060397833a500615e3e35ce6358bbe17cdf,3
pytorch,2,76,59.8714,1,1,0,c5ef909be6cda03f0f87a7354355468944e7f8840d5d2d83c344fdbf4a5d3bf6,04d5fc3bd443007507b8d2e2ea870060397833a500615e3e35ce6358bbe17cdf,3
pytorch,2,77,51.9726,1,1,0,c5ef909be6cda03f0f87a7354355468944e7f8840d5d2d83c344fdbf4a5d3bf6,04d5fc3bd443007507b8d2e2ea870060397833a500615e3e35ce6358bbe17cdf,3
pytorch,2,78,62.9066,1,1,0,c5ef909be6cda03f0f87a7354355468944e7f8840d5d2d83c344fdbf4a5d3bf6,04d5fc3bd443007507b8d2e2ea870060397833a500615e3e35ce6358bbe17cdf,3
pytorch,2,79,62.0018,1,1,0,c5ef909be6cda03f0f87a7354355468944e7f8840d5d2d83c344fdbf4a5d3bf6,04d5fc3bd443007507b8d2e2ea870060397833a500615e3e35ce6358bbe17cdf,3
pytorch,2,80,55.4742,1,1,0,c5ef909be6cda03f0f87a7354355468944e7f8840d5d2d83c344fdbf4a5d3bf6,04d5fc3bd443007507b8d2e2ea870060397833a500615e3e35ce6358bbe17cdf,3
pytorch,2,81,51.451,1,1,0,c5ef909be6cda03f0f87a7354355468944e7f8840d5d2d83c344fdbf4a5d3bf6,04d5fc3bd443007507b8d2e2ea870060397833a500615e3e35ce6358bbe17cdf,3
pytorch,2,82,52.3542,1,1,0,c5ef909be6cda03f0f87a7354355468944e7f8840d5d2d83c344fdbf4a5d3bf6,04d5fc3bd443007507b8d2e2ea870060397833a500615e3e35ce6358bbe17cdf,3
pytorch,2,83,50.4192,1,1,0,c5ef909be6cda03f0f87a7354355468944e7f8840d5d2d83c344fdbf4a5d3bf6,04d5fc3bd443007507b8d2e2ea870060397833a500615e3e35ce6358bbe17cdf,3
pytorch,2,84,55.1604,1,1,0,c5ef909be6cda03f0f87a7354355468944e7f8840d5d2d83c344fdbf4a5d3bf6,04d5fc3bd443007507b8d2e2ea870060397833a500615e3e35ce6358bbe17cdf,3
pytorch,2,85,50.2888,1,1,0,c5ef909be6cda03f0f87a7354355468944e7f8840d5d2d83c344fdbf4a5d3bf6,04d5fc3bd443007507b8d2e2ea870060397833a500615e3e35ce6358bbe17cdf,3
pytorch,2,86,50.1088,1,1,0,c5ef909be6cda03f0f87a7354355468944e7f8840d5d2d83c344fdbf4a5d3bf6,04d5fc3bd443007507b8d2e2ea870060397833a500615e3e35ce6358bbe17cdf,3
pytorch,2,87,55.5042,1,1,0,c5ef909be6cda03f0f87a7354355468944e7f8840d5d2d83c344fdbf4a5d3bf6,04d5fc3bd443007507b8d2e2ea870060397833a500615e3e35ce6358bbe17cdf,3
pytorch,2,88,52.95,1,1,0,c5ef909be6cda03f0f87a7354355468944e7f8840d5d2d83c344fdbf4a5d3bf6,04d5fc3bd443007507b8d2e2ea870060397833a500615e3e35ce6358bbe17cdf,3
pytorch,2,89,46.7115,1,1,0,c5ef909be6cda03f0f87a7354355468944e7f8840d5d2d83c344fdbf4a5d3bf6,04d5fc3bd443007507b8d2e2ea870060397833a500615e3e35ce6358bbe17cdf,3
pytorch,2,90,49.6447,1,1,0,c5ef909be6cda03f0f87a7354355468944e7f8840d5d2d83c344fdbf4a5d3bf6,04d5fc3bd443007507b8d2e2ea870060397833a500615e3e35ce6358bbe17cdf,3
pytorch,2,91,48.1021,1,1,0,c5ef909be6cda03f0f87a7354355468944e7f8840d5d2d83c344fdbf4a5d3bf6,04d5fc3bd443007507b8d2e2ea870060397833a500615e3e35ce6358bbe17cdf,3
pytorch,2,92,49.0493,1,1,0,c5ef909be6cda03f0f87a7354355468944e7f8840d5d2d83c344fdbf4a5d3bf6,04d5fc3bd443007507b8d2e2ea870060397833a500615e3e35ce6358bbe17cdf,3
pytorch,2,93,50.0645,1,1,0,c5ef909be6cda03f0f87a7354355468944e7f8840d5d2d83c344fdbf4a5d3bf6,04d5fc3bd443007507b8d2e2ea870060397833a500615e3e35ce6358bbe17cdf,3
pytorch,2,94,55.1417,1,1,0,c5ef909be6cda03f0f87a7354355468944e7f8840d5d2d83c344fdbf4a5d3bf6,04d5fc3bd443007507b8d2e2ea870060397833a500615e3e35ce6358bbe17cdf,3
pytorch,2,95,52.9393,1,1,0,c5ef909be6cda03f0f87a7354355468944e7f8840d5d2d83c344fdbf4a5d3bf6,04d5fc3bd443007507b8d2e2ea870060397833a500615e3e35ce6358bbe17cdf,3
pytorch,2,96,49.4949,1,1,0,c5ef909be6cda03f0f87a7354355468944e7f8840d5d2d83c344fdbf4a5d3bf6,04d5fc3bd443007507b8d2e2ea870060397833a500615e3e35ce6358bbe17cdf,3
pytorch,2,97,51.3439,1,1,0,c5ef909be6cda03f0f87a7354355468944e7f8840d5d2d83c344fdbf4a5d3bf6,04d5fc3bd443007507b8d2e2ea870060397833a500615e3e35ce6358bbe17cdf,3
pytorch,2,98,49.6513,1,1,0,c5ef909be6cda03f0f87a7354355468944e7f8840d5d2d83c344fdbf4a5d3bf6,04d5fc3bd443007507b8d2e2ea870060397833a500615e3e35ce6358bbe17cdf,3
pytorch,2,99,46.9512,1,1,0,c5ef909be6cda03f0f87a7354355468944e7f8840d5d2d83c344fdbf4a5d3bf6,04d5fc3bd443007507b8d2e2ea870060397833a500615e3e35ce6358bbe17cdf,3
pytorch,2,100,51.7868,1,1,0,c5ef909be6cda03f0f87a7354355468944e7f8840d5d2d83c344fdbf4a5d3bf6,04d5fc3bd443007507b8d2e2ea870060397833a500615e3e35ce6358bbe17cdf,3
pytorch,2,101,46.7754,1,1,0,c5ef909be6cda03f0f87a7354355468944e7f8840d5d2d83c344fdbf4a5d3bf6,04d5fc3bd443007507b8d2e2ea870060397833a500615e3e35ce6358bbe17cdf,3
pytorch,2,102,50.3961,1,1,0,c5ef909be6cda03f0f87a7354355468944e7f8840d5d2d83c344fdbf4a5d3bf6,04d5fc3bd443007507b8d2e2ea870060397833a500615e3e35ce6358bbe17cdf,3
pytorch,2,103,49.1733,1,1,0,c5ef909be6cda03f0f87a7354355468944e7f8840d5d2d83c344fdbf4a5d3bf6,04d5fc3bd443007507b8d2e2ea870060397833a500615e3e35ce6358bbe17cdf,3
pytorch,2,104,51.1387,1,1,0,c5ef909be6cda03f0f87a7354355468944e7f8840d5d2d83c344fdbf4a5d3bf6,04d5fc3bd443007507b8d2e2ea870060397833a500615e3e35ce6358bbe17cdf,3
pytorch,2,105,53.3656,1,1,0,c5ef909be6cda03f0f87a7354355468944e7f8840d5d2d83c344fdbf4a5d3bf6,04d5fc3bd443007507b8d2e2ea870060397833a500615e3e35ce6358bbe17cdf,3
pytorch,2,106,55.1246,1,1,0,c5ef909be6cda03f0f87a7354355468944e7f8840d5d2d83c344fdbf4a5d3bf6,04d5fc3bd443007507b8d2e2ea870060397833a500615e3e35ce6358bbe17cdf,3
pytorch,2,107,50.2425,1,1,0,c5ef909be6cda03f0f87a7354355468944e7f8840d5d2d83c344fdbf4a5d3bf6,04d5fc3bd443007507b8d2e2ea870060397833a500615e3e35ce6358bbe17cdf,3
pytorch,2,108,53.1921,1,1,0,c5ef909be6cda03f0f87a7354355468944e7f8840d5d2d83c344fdbf4a5d3bf6,04d5fc3bd443007507b8d2e2ea870060397833a500615e3e35ce6358bbe17cdf,3
pytorch,2,109,50.8511,1,1,0,c5ef909be6cda03f0f87a7354355468944e7f8840d5d2d83c344fdbf4a5d3bf6,04d5fc3bd443007507b8d2e2ea870060397833a500615e3e35ce6358bbe17cdf,3
pytorch,2,110,54.4127,1,1,0,c5ef909be6cda03f0f87a7354355468944e7f8840d5d2d83c344fdbf4a5d3bf6,04d5fc3bd443007507b8d2e2ea870060397833a500615e3e35ce6358bbe17cdf,3
pytorch,2,111,48.7518,1,1,0,c5ef909be6cda03f0f87a7354355468944e7f8840d5d2d83c344fdbf4a5d3bf6,04d5fc3bd443007507b8d2e2ea870060397833a500615e3e35ce6358bbe17cdf,3
pytorch,2,112,51.8754,1,1,0,c5ef909be6cda03f0f87a7354355468944e7f8840d5d2d83c344fdbf4a5d3bf6,04d5fc3bd443007507b8d2e2ea870060397833a500615e3e35ce6358bbe17cdf,3
pytorch,2,113,48.6919,1,1,0,c5ef909be6cda03f0f87a7354355468944e7f8840d5d2d83c344fdbf4a5d3bf6,04d5fc3bd443007507b8d2e2ea870060397833a500615e3e35ce6358bbe17cdf,3
pytorch,2,114,54.3018,1,1,0,c5ef909be6cda03f0f87a7354355468944e7f8840d5d2d83c344fdbf4a5d3bf6,04d5fc3bd443007507b8d2e2ea870060397833a500615e3e35ce6358bbe17cdf,3
pytorch,2,115,48.254,1,1,0,c5ef909be6cda03f0f87a7354355468944e7f8840d5d2d83c344fdbf4a5d3bf6,04d5fc3bd443007507b8d2e2ea870060397833a500615e3e35ce6358bbe17cdf,3
pytorch,2,116,50.8577,1,1,0,c5ef909be6cda03f0f87a7354355468944e7f8840d5d2d83c344fdbf4a5d3bf6,04d5fc3bd443007507b8d2e2ea870060397833a500615e3e35ce6358bbe17cdf,3
pytorch,2,117,49.7935,1,1,0,c5ef909be6cda03f0f87a7354355468944e7f8840d5d2d83c344fdbf4a5d3bf6,04d5fc3bd443007507b8d2e2ea870060397833a500615e3e35ce6358bbe17cdf,3
pytorch,2,118,59.1094,1,1,0,c5ef909be6cda03f0f87a7354355468944e7f8840d5d2d83c344fdbf4a5d3bf6,04d5fc3bd443007507b8d2e2ea870060397833a500615e3e35ce6358bbe17cdf,3
pytorch,2,119,50.1669,1,1,0,c5ef909be6cda03f0f87a7354355468944e7f8840d5d2d83c344fdbf4a5d3bf6,04d5fc3bd443007507b8d2e2ea870060397833a500615e3e35ce6358bbe17cdf,3
pytorch,2,120,53.0634,1,1,0,c5ef909be6cda03f0f87a7354355468944e7f8840d5d2d83c344fdbf4a5d3bf6,04d5fc3bd443007507b8d2e2ea870060397833a500615e3e35ce6358bbe17cdf,3
pytorch,2,121,49.4704,1,1,0,c5ef909be6cda03f0f87a7354355468944e7f8840d5d2d83c344fdbf4a5d3bf6,04d5fc3bd443007507b8d2e2ea870060397833a500615e3e35ce6358bbe17cdf,3
pytorch,2,122,49.915,1,1,0,c5ef909be6cda03f0f87a7354355468944e7f8840d5d2d83c344fdbf4a5d3bf6,04d5fc3bd443007507b8d2e2ea870060397833a500615e3e35ce6358bbe17cdf,3
pytorch,2,123,48.6154,1,1,0,c5ef909be6cda03f0f87a7354355468944e7f8840d5d2d83c344fdbf4a5d3bf6,04d5fc3bd443007507b8d2e2ea870060397833a500615e3e35ce6358bbe17cdf,3
pytorch,2,124,52.7322,1,1,0,c5ef909be6cda03f0f87a7354355468944e7f8840d5d2d83c344fdbf4a5d3bf6,04d5fc3bd443007507b8d2e2ea870060397833a500615e3e35ce6358bbe17cdf,3
pytorch,2,125,49.1425,1,1,0,c5ef909be6cda03f0f87a7354355468944e7f8840d5d2d83c344fdbf4a5d3bf6,04d5fc3bd443007507b8d2e2ea870060397833a500615e3e35ce6358bbe17cdf,3
pytorch,2,126,49.8534,1,1,0,c5ef909be6cda03f0f87a7354355468944e7f8840d5d2d83c344fdbf4a5d3bf6,04d5fc3bd443007507b8d2e2ea870060397833a500615e3e35ce6358bbe17cdf,3
pytorch,2,127,48.5303,1,1,0,c5ef909be6cda03f0f87a7354355468944e7f8840d5d2d83c344fdbf4a5d3bf6,04d5fc3bd443007507b8d2e2ea870060397833a500615e3e35ce6358bbe17cdf,3
pytorch,2,128,55.0327,1,1,0,c5ef909be6cda03f0f87a7354355468944e7f8840d5d2d83c344fdbf4a5d3bf6,04d5fc3bd443007507b8d2e2ea870060397833a500615e3e35ce6358bbe17cdf,3
pytorch,2,129,49.2503,1,1,0,c5ef909be6cda03f0f87a7354355468944e7f8840d5d2d83c344fdbf4a5d3bf6,04d5fc3bd443007507b8d2e2ea870060397833a500615e3e35ce6358bbe17cdf,3
pytorch,2,130,51.9832,1,1,0,c5ef909be6cda03f0f87a7354355468944e7f8840d5d2d83c344fdbf4a5d3bf6,04d5fc3bd443007507b8d2e2ea870060397833a500615e3e35ce6358bbe17cdf,3
pytorch,2,131,54.9476,1,1,0,c5ef909be6cda03f0f87a7354355468944e7f8840d5d2d83c344fdbf4a5d3bf6,04d5fc3bd443007507b8d2e2ea870060397833a500615e3e35ce6358bbe17cdf,3
pytorch,2,132,56.2481,1,1,0,c5ef909be6cda03f0f87a7354355468944e7f8840d5d2d83c344fdbf4a5d3bf6,04d5fc3bd443007507b8d2e2ea870060397833a500615e3e35ce6358bbe17cdf,3
pytorch,2,133,48.379,1,1,0,c5ef909be6cda03f0f87a7354355468944e7f8840d5d2d83c344fdbf4a5d3bf6,04d5fc3bd443007507b8d2e2ea870060397833a500615e3e35ce6358bbe17cdf,3
pytorch,2,134,52.9157,1,1,0,c5ef909be6cda03f0f87a7354355468944e7f8840d5d2d83c344fdbf4a5d3bf6,04d5fc3bd443007507b8d2e2ea870060397833a500615e3e35ce6358bbe17cdf,3
pytorch,2,135,47.4562,1,1,0,c5ef909be6cda03f0f87a7354355468944e7f8840d5d2d83c344fdbf4a5d3bf6,04d5fc3bd443007507b8d2e2ea870060397833a500615e3e35ce6358bbe17cdf,3
pytorch,2,136,51.2453,1,1,0,c5ef909be6cda03f0f87a7354355468944e7f8840d5d2d83c344fdbf4a5d3bf6,04d5fc3bd443007507b8d2e2ea870060397833a500615e3e35ce6358bbe17cdf,3
pytorch,2,137,49.2915,1,1,0,c5ef909be6cda03f0f87a7354355468944e7f8840d5d2d83c344fdbf4a5d3bf6,04d5fc3bd443007507b8d2e2ea870060397833a500615e3e35ce6358bbe17cdf,3
pytorch,2,138,50.9233,1,1,0,c5ef909be6cda03f0f87a7354355468944e7f8840d5d2d83c344fdbf4a5d3bf6,04d5fc3bd443007507b8d2e2ea870060397833a500615e3e35ce6358bbe17cdf,3
pytorch,2,139,48.5384,1,1,0,c5ef909be6cda03f0f87a7354355468944e7f8840d5d2d83c344fdbf4a5d3bf6,04d5fc3bd443007507b8d2e2ea870060397833a500615e3e35ce6358bbe17cdf,3
pytorch,2,140,52.0295,1,1,0,c5ef909be6cda03f0f87a7354355468944e7f8840d5d2d83c344fdbf4a5d3bf6,04d5fc3bd443007507b8d2e2ea870060397833a500615e3e35ce6358bbe17cdf,3
pytorch,2,141,48.8546,1,1,0,c5ef909be6cda03f0f87a7354355468944e7f8840d5d2d83c344fdbf4a5d3bf6,04d5fc3bd443007507b8d2e2ea870060397833a500615e3e35ce6358bbe17cdf,3
pytorch,2,142,55.707,1,1,0,c5ef909be6cda03f0f87a7354355468944e7f8840d5d2d83c344fdbf4a5d3bf6,04d5fc3bd443007507b8d2e2ea870060397833a500615e3e35ce6358bbe17cdf,3
pytorch,2,143,51.1335,1,1,0,c5ef909be6cda03f0f87a7354355468944e7f8840d5d2d83c344fdbf4a5d3bf6,04d5fc3bd443007507b8d2e2ea870060397833a500615e3e35ce6358bbe17cdf,3
pytorch,2,144,52.2023,1,1,0,c5ef909be6cda03f0f87a7354355468944e7f8840d5d2d83c344fdbf4a5d3bf6,04d5fc3bd443007507b8d2e2ea870060397833a500615e3e35ce6358bbe17cdf,3
pytorch,2,145,49.7012,1,1,0,c5ef909be6cda03f0f87a7354355468944e7f8840d5d2d83c344fdbf4a5d3bf6,04d5fc3bd443007507b8d2e2ea870060397833a500615e3e35ce6358bbe17cdf,3
pytorch,2,146,52.8715,1,1,0,c5ef909be6cda03f0f87a7354355468944e7f8840d5d2d83c344fdbf4a5d3bf6,04d5fc3bd443007507b8d2e2ea870060397833a500615e3e35ce6358bbe17cdf,3
pytorch,2,147,54.6733,1,1,0,c5ef909be6cda03f0f87a7354355468944e7f8840d5d2d83c344fdbf4a5d3bf6,04d5fc3bd443007507b8d2e2ea870060397833a500615e3e35ce6358bbe17cdf,3
pytorch,2,148,52.4365,1,1,0,c5ef909be6cda03f0f87a7354355468944e7f8840d5d2d83c344fdbf4a5d3bf6,04d5fc3bd443007507b8d2e2ea870060397833a500615e3e35ce6358bbe17cdf,3
pytorch,2,149,50.7025,1,1,0,c5ef909be6cda03f0f87a7354355468944e7f8840d5d2d83c344fdbf4a5d3bf6,04d5fc3bd443007507b8d2e2ea870060397833a500615e3e35ce6358bbe17cdf,3
pytorch,2,150,52.2026,1,1,0,c5ef909be6cda03f0f87a7354355468944e7f8840d5d2d83c344fdbf4a5d3bf6,04d5fc3bd443007507b8d2e2ea870060397833a500615e3e35ce6358bbe17cdf,3
pytorch,2,151,49.2113,1,1,0,c5ef909be6cda03f0f87a7354355468944e7f8840d5d2d83c344fdbf4a5d3bf6,04d5fc3bd443007507b8d2e2ea870060397833a500615e3e35ce6358bbe17cdf,3
pytorch,2,152,55.0217,1,1,0,c5ef909be6cda03f0f87a7354355468944e7f8840d5d2d83c344fdbf4a5d3bf6,04d5fc3bd443007507b8d2e2ea870060397833a500615e3e35ce6358bbe17cdf,3
pytorch,2,153,54.7944,1,1,0,c5ef909be6cda03f0f87a7354355468944e7f8840d5d2d83c344fdbf4a5d3bf6,04d5fc3bd443007507b8d2e2ea870060397833a500615e3e35ce6358bbe17cdf,3
pytorch,2,154,55.4475,1,1,0,c5ef909be6cda03f0f87a7354355468944e7f8840d5d2d83c344fdbf4a5d3bf6,04d5fc3bd443007507b8d2e2ea870060397833a500615e3e35ce6358bbe17cdf,3
pytorch,2,155,55.5871,1,1,0,c5ef909be6cda03f0f87a7354355468944e7f8840d5d2d83c344fdbf4a5d3bf6,04d5fc3bd443007507b8d2e2ea870060397833a500615e3e35ce6358bbe17cdf,3
pytorch,2,156,56.1891,1,1,0,c5ef909be6cda03f0f87a7354355468944e7f8840d5d2d83c344fdbf4a5d3bf6,04d5fc3bd443007507b8d2e2ea870060397833a500615e3e35ce6358bbe17cdf,3
pytorch,2,157,52.2387,1,1,0,c5ef909be6cda03f0f87a7354355468944e7f8840d5d2d83c344fdbf4a5d3bf6,04d5fc3bd443007507b8d2e2ea870060397833a500615e3e35ce6358bbe17cdf,3
pytorch,2,158,49.5664,1,1,0,c5ef909be6cda03f0f87a7354355468944e7f8840d5d2d83c344fdbf4a5d3bf6,04d5fc3bd443007507b8d2e2ea870060397833a500615e3e35ce6358bbe17cdf,3
pytorch,2,159,52.4441,1,1,0,c5ef909be6cda03f0f87a7354355468944e7f8840d5d2d83c344fdbf4a5d3bf6,04d5fc3bd443007507b8d2e2ea870060397833a500615e3e35ce6358bbe17cdf,3
pytorch,2,160,47.4669,1,1,0,c5ef909be6cda03f0f87a7354355468944e7f8840d5d2d83c344fdbf4a5d3bf6,04d5fc3bd443007507b8d2e2ea870060397833a500615e3e35ce6358bbe17cdf,3
pytorch,2,161,50.7427,1,1,0,c5ef909be6cda03f0f87a7354355468944e7f8840d5d2d83c344fdbf4a5d3bf6,04d5fc3bd443007507b8d2e2ea870060397833a500615e3e35ce6358bbe17cdf,3
pytorch,2,162,47.5322,1,1,0,c5ef909be6cda03f0f87a7354355468944e7f8840d5d2d83c344fdbf4a5d3bf6,04d5fc3bd443007507b8d2e2ea870060397833a500615e3e35ce6358bbe17cdf,3
pytorch,2,163,53.8533,1,1,0,c5ef909be6cda03f0f87a7354355468944e7f8840d5d2d83c344fdbf4a5d3bf6,04d5fc3bd443007507b8d2e2ea870060397833a500615e3e35ce6358bbe17cdf,3
pytorch,2,164,46.6944,1,1,0,c5ef909be6cda03f0f87a7354355468944e7f8840d5d2d83c344fdbf4a5d3bf6,04d5fc3bd443007507b8d2e2ea870060397833a500615e3e35ce6358bbe17cdf,3
pytorch,2,165,54.8273,1,1,0,c5ef909be6cda03f0f87a7354355468944e7f8840d5d2d83c344fdbf4a5d3bf6,04d5fc3bd443007507b8d2e2ea870060397833a500615e3e35ce6358bbe17cdf,3
pytorch,2,166,46.798,1,1,0,c5ef909be6cda03f0f87a7354355468944e7f8840d5d2d83c344fdbf4a5d3bf6,04d5fc3bd443007507b8d2e2ea870060397833a500615e3e35ce6358bbe17cdf,3
pytorch,2,167,52.9887,1,1,0,c5ef909be6cda03f0f87a7354355468944e7f8840d5d2d83c344fdbf4a5d3bf6,04d5fc3bd443007507b8d2e2ea870060397833a500615e3e35ce6358bbe17cdf,3
pytorch,2,168,52.2298,1,1,0,c5ef909be6cda03f0f87a7354355468944e7f8840d5d2d83c344fdbf4a5d3bf6,04d5fc3bd443007507b8d2e2ea870060397833a500615e3e35ce6358bbe17cdf,3
pytorch,2,169,50.2937,1,1,0,c5ef909be6cda03f0f87a7354355468944e7f8840d5d2d83c344fdbf4a5d3bf6,04d5fc3bd443007507b8d2e2ea870060397833a500615e3e35ce6358bbe17cdf,3
pytorch,2,170,49.6547,1,1,0,c5ef909be6cda03f0f87a7354355468944e7f8840d5d2d83c344fdbf4a5d3bf6,04d5fc3bd443007507b8d2e2ea870060397833a500615e3e35ce6358bbe17cdf,3
pytorch,2,171,52.4078,1,1,0,c5ef909be6cda03f0f87a7354355468944e7f8840d5d2d83c344fdbf4a5d3bf6,04d5fc3bd443007507b8d2e2ea870060397833a500615e3e35ce6358bbe17cdf,3
pytorch,2,172,48.1951,1,1,0,c5ef909be6cda03f0f87a7354355468944e7f8840d5d2d83c344fdbf4a5d3bf6,04d5fc3bd443007507b8d2e2ea870060397833a500615e3e35ce6358bbe17cdf,3
pytorch,2,173,47.1327,1,1,0,c5ef909be6cda03f0f87a7354355468944e7f8840d5d2d83c344fdbf4a5d3bf6,04d5fc3bd443007507b8d2e2ea870060397833a500615e3e35ce6358bbe17cdf,3
pytorch,2,174,50.1278,1,1,0,c5ef909be6cda03f0f87a7354355468944e7f8840d5d2d83c344fdbf4a5d3bf6,04d5fc3bd443007507b8d2e2ea870060397833a500615e3e35ce6358bbe17cdf,3
pytorch,2,175,48.3529,1,1,0,c5ef909be6cda03f0f87a7354355468944e7f8840d5d2d83c344fdbf4a5d3bf6,04d5fc3bd443007507b8d2e2ea870060397833a500615e3e35ce6358bbe17cdf,3
pytorch,2,176,51.7157,1,1,0,c5ef909be6cda03f0f87a7354355468944e7f8840d5d2d83c344fdbf4a5d3bf6,04d5fc3bd443007507b8d2e2ea870060397833a500615e3e35ce6358bbe17cdf,3
pytorch,2,177,49.5687,1,1,0,c5ef909be6cda03f0f87a7354355468944e7f8840d5d2d83c344fdbf4a5d3bf6,04d5fc3bd443007507b8d2e2ea870060397833a500615e3e35ce6358bbe17cdf,3
pytorch,2,178,57.6438,1,1,0,c5ef909be6cda03f0f87a7354355468944e7f8840d5d2d83c344fdbf4a5d3bf6,04d5fc3bd443007507b8d2e2ea870060397833a500615e3e35ce6358bbe17cdf,3
pytorch,2,179,49.7475,1,1,0,c5ef909be6cda03f0f87a7354355468944e7f8840d5d2d83c344fdbf4a5d3bf6,04d5fc3bd443007507b8d2e2ea870060397833a500615e3e35ce6358bbe17cdf,3
pytorch,2,180,55.2014,1,1,0,c5ef909be6cda03f0f87a7354355468944e7f8840d5d2d83c344fdbf4a5d3bf6,04d5fc3bd443007507b8d2e2ea870060397833a500615e3e35ce6358bbe17cdf,3
pytorch,2,181,52.689,1,1,0,c5ef909be6cda03f0f87a7354355468944e7f8840d5d2d83c344fdbf4a5d3bf6,04d5fc3bd443007507b8d2e2ea870060397833a500615e3e35ce6358bbe17cdf,3
pytorch,2,182,49.3293,1,1,0,c5ef909be6cda03f0f87a7354355468944e7f8840d5d2d83c344fdbf4a5d3bf6,04d5fc3bd443007507b8d2e2ea870060397833a500615e3e35ce6358bbe17cdf,3
pytorch,2,183,51.514,1,1,0,c5ef909be6cda03f0f87a7354355468944e7f8840d5d2d83c344fdbf4a5d3bf6,04d5fc3bd443007507b8d2e2ea870060397833a500615e3e35ce6358bbe17cdf,3
pytorch,2,184,51.2795,1,1,0,c5ef909be6cda03f0f87a7354355468944e7f8840d5d2d83c344fdbf4a5d3bf6,04d5fc3bd443007507b8d2e2ea870060397833a500615e3e35ce6358bbe17cdf,3
pytorch,2,185,49.0537,1,1,0,c5ef909be6cda03f0f87a7354355468944e7f8840d5d2d83c344fdbf4a5d3bf6,04d5fc3bd443007507b8d2e2ea870060397833a500615e3e35ce6358bbe17cdf,3
pytorch,2,186,46.7376,1,1,0,c5ef909be6cda03f0f87a7354355468944e7f8840d5d2d83c344fdbf4a5d3bf6,04d5fc3bd443007507b8d2e2ea870060397833a500615e3e35ce6358bbe17cdf,3
pytorch,2,187,47.8691,1,1,0,c5ef909be6cda03f0f87a7354355468944e7f8840d5d2d83c344fdbf4a5d3bf6,04d5fc3bd443007507b8d2e2ea870060397833a500615e3e35ce6358bbe17cdf,3
pytorch,2,188,49.4241,1,1,0,c5ef909be6cda03f0f87a7354355468944e7f8840d5d2d83c344fdbf4a5d3bf6,04d5fc3bd443007507b8d2e2ea870060397833a500615e3e35ce6358bbe17cdf,3
pytorch,2,189,49.0014,1,1,0,c5ef909be6cda03f0f87a7354355468944e7f8840d5d2d83c344fdbf4a5d3bf6,04d5fc3bd443007507b8d2e2ea870060397833a500615e3e35ce6358bbe17cdf,3
pytorch,2,190,52.8416,1,1,0,c5ef909be6cda03f0f87a7354355468944e7f8840d5d2d83c344fdbf4a5d3bf6,04d5fc3bd443007507b8d2e2ea870060397833a500615e3e35ce6358bbe17cdf,3
pytorch,2,191,47.7153,1,1,0,c5ef909be6cda03f0f87a7354355468944e7f8840d5d2d83c344fdbf4a5d3bf6,04d5fc3bd443007507b8d2e2ea870060397833a500615e3e35ce6358bbe17cdf,3
pytorch,2,192,53.6402,1,1,0,c5ef909be6cda03f0f87a7354355468944e7f8840d5d2d83c344fdbf4a5d3bf6,04d5fc3bd443007507b8d2e2ea870060397833a500615e3e35ce6358bbe17cdf,3
pytorch,2,193,48.9184,1,1,0,c5ef909be6cda03f0f87a7354355468944e7f8840d5d2d83c344fdbf4a5d3bf6,04d5fc3bd443007507b8d2e2ea870060397833a500615e3e35ce6358bbe17cdf,3
pytorch,2,194,52.202,1,1,0,c5ef909be6cda03f0f87a7354355468944e7f8840d5d2d83c344fdbf4a5d3bf6,04d5fc3bd443007507b8d2e2ea870060397833a500615e3e35ce6358bbe17cdf,3
pytorch,2,195,51.9316,1,1,0,c5ef909be6cda03f0f87a7354355468944e7f8840d5d2d83c344fdbf4a5d3bf6,04d5fc3bd443007507b8d2e2ea870060397833a500615e3e35ce6358bbe17cdf,3
pytorch,2,196,49.4562,1,1,0,c5ef909be6cda03f0f87a7354355468944e7f8840d5d2d83c344fdbf4a5d3bf6,04d5fc3bd443007507b8d2e2ea870060397833a500615e3e35ce6358bbe17cdf,3
pytorch,2,197,49.4666,1,1,0,c5ef909be6cda03f0f87a7354355468944e7f8840d5d2d83c344fdbf4a5d3bf6,04d5fc3bd443007507b8d2e2ea870060397833a500615e3e35ce6358bbe17cdf,3
pytorch,2,198,49.4351,1,1,0,c5ef909be6cda03f0f87a7354355468944e7f8840d5d2d83c344fdbf4a5d3bf6,04d5fc3bd443007507b8d2e2ea870060397833a500615e3e35ce6358bbe17cdf,3
pytorch,2,199,49.1381,1,1,0,c5ef909be6cda03f0f87a7354355468944e7f8840d5d2d83c344fdbf4a5d3bf6,04d5fc3bd443007507b8d2e2ea870060397833a500615e3e35ce6358bbe17cdf,3
pytorch,2,200,53.3932,1,1,0,c5ef909be6cda03f0f87a7354355468944e7f8840d5d2d83c344fdbf4a5d3bf6,04d5fc3bd443007507b8d2e2ea870060397833a500615e3e35ce6358bbe17cdf,3
pytorch,2,201,51.9222,1,1,0,c5ef909be6cda03f0f87a7354355468944e7f8840d5d2d83c344fdbf4a5d3bf6,04d5fc3bd443007507b8d2e2ea870060397833a500615e3e35ce6358bbe17cdf,3
pytorch,2,202,52.8907,1,1,0,c5ef909be6cda03f0f87a7354355468944e7f8840d5d2d83c344fdbf4a5d3bf6,04d5fc3bd443007507b8d2e2ea870060397833a500615e3e35ce6358bbe17cdf,3
pytorch,2,203,48.3514,1,1,0,c5ef909be6cda03f0f87a7354355468944e7f8840d5d2d83c344fdbf4a5d3bf6,04d5fc3bd443007507b8d2e2ea870060397833a500615e3e35ce6358bbe17cdf,3
pytorch,2,204,57.212,1,1,0,c5ef909be6cda03f0f87a7354355468944e7f8840d5d2d83c344fdbf4a5d3bf6,04d5fc3bd443007507b8d2e2ea870060397833a500615e3e35ce6358bbe17cdf,3
pytorch,2,205,49.5912,1,1,0,c5ef909be6cda03f0f87a7354355468944e7f8840d5d2d83c344fdbf4a5d3bf6,04d5fc3bd443007507b8d2e2ea870060397833a500615e3e35ce6358bbe17cdf,3
pytorch,2,206,54.2531,1,1,0,c5ef909be6cda03f0f87a7354355468944e7f8840d5d2d83c344fdbf4a5d3bf6,04d5fc3bd443007507b8d2e2ea870060397833a500615e3e35ce6358bbe17cdf,3
pytorch,2,207,54.289,1,1,0,c5ef909be6cda03f0f87a7354355468944e7f8840d5d2d83c344fdbf4a5d3bf6,04d5fc3bd443007507b8d2e2ea870060397833a500615e3e35ce6358bbe17cdf,3
pytorch,2,208,51.5074,1,1,0,c5ef909be6cda03f0f87a7354355468944e7f8840d5d2d83c344fdbf4a5d3bf6,04d5fc3bd443007507b8d2e2ea870060397833a500615e3e35ce6358bbe17cdf,3
pytorch,2,209,56.3199,1,1,0,c5ef909be6cda03f0f87a7354355468944e7f8840d5d2d83c344fdbf4a5d3bf6,04d5fc3bd443007507b8d2e2ea870060397833a500615e3e35ce6358bbe17cdf,3
pytorch,2,210,48.0887,1,1,0,c5ef909be6cda03f0f87a7354355468944e7f8840d5d2d83c344fdbf4a5d3bf6,04d5fc3bd443007507b8d2e2ea870060397833a500615e3e35ce6358bbe17cdf,3
pytorch,2,211,48.5608,1,1,0,c5ef909be6cda03f0f87a7354355468944e7f8840d5d2d83c344fdbf4a5d3bf6,04d5fc3bd443007507b8d2e2ea870060397833a500615e3e35ce6358bbe17cdf,3
pytorch,2,212,56.4885,1,1,0,c5ef909be6cda03f0f87a7354355468944e7f8840d5d2d83c344fdbf4a5d3bf6,04d5fc3bd443007507b8d2e2ea870060397833a500615e3e35ce6358bbe17cdf,3
pytorch,2,213,56.0864,1,1,0,c5ef909be6cda03f0f87a7354355468944e7f8840d5d2d83c344fdbf4a5d3bf6,04d5fc3bd443007507b8d2e2ea870060397833a500615e3e35ce6358bbe17cdf,3
pytorch,2,214,48.0036,1,1,0,c5ef909be6cda03f0f87a7354355468944e7f8840d5d2d83c344fdbf4a5d3bf6,04d5fc3bd443007507b8d2e2ea870060397833a500615e3e35ce6358bbe17cdf,3
pytorch,2,215,55.1501,1,1,0,c5ef909be6cda03f0f87a7354355468944e7f8840d5d2d83c344fdbf4a5d3bf6,04d5fc3bd443007507b8d2e2ea870060397833a500615e3e35ce6358bbe17cdf,3
pytorch,2,216,49.5815,1,1,0,c5ef909be6cda03f0f87a7354355468944e7f8840d5d2d83c344fdbf4a5d3bf6,04d5fc3bd443007507b8d2e2ea870060397833a500615e3e35ce6358bbe17cdf,3
pytorch,2,217,58.3709,1,1,0,c5ef909be6cda03f0f87a7354355468944e7f8840d5d2d83c344fdbf4a5d3bf6,04d5fc3bd443007507b8d2e2ea870060397833a500615e3e35ce6358bbe17cdf,3
pytorch,2,218,51.9397,1,1,0,c5ef909be6cda03f0f87a7354355468944e7f8840d5d2d83c344fdbf4a5d3bf6,04d5fc3bd443007507b8d2e2ea870060397833a500615e3e35ce6358bbe17cdf,3
pytorch,2,219,55.3107,1,1,0,c5ef909be6cda03f0f87a7354355468944e7f8840d5d2d83c344fdbf4a5d3bf6,04d5fc3bd443007507b8d2e2ea870060397833a500615e3e35ce6358bbe17cdf,3
pytorch,2,220,48.8388,1,1,0,c5ef909be6cda03f0f87a7354355468944e7f8840d5d2d83c344fdbf4a5d3bf6,04d5fc3bd443007507b8d2e2ea870060397833a500615e3e35ce6358bbe17cdf,3
pytorch,2,221,56.057,1,1,0,c5ef909be6cda03f0f87a7354355468944e7f8840d5d2d83c344fdbf4a5d3bf6,04d5fc3bd443007507b8d2e2ea870060397833a500615e3e35ce6358bbe17cdf,3
pytorch,2,222,47.1286,1,1,0,c5ef909be6cda03f0f87a7354355468944e7f8840d5d2d83c344fdbf4a5d3bf6,04d5fc3bd443007507b8d2e2ea870060397833a500615e3e35ce6358bbe17cdf,3
pytorch,2,223,48.5399,1,1,0,c5ef909be6cda03f0f87a7354355468944e7f8840d5d2d83c344fdbf4a5d3bf6,04d5fc3bd443007507b8d2e2ea870060397833a500615e3e35ce6358bbe17cdf,3
pytorch,2,224,46.6312,1,1,0,c5ef909be6cda03f0f87a7354355468944e7f8840d5d2d83c344fdbf4a5d3bf6,04d5fc3bd443007507b8d2e2ea870060397833a500615e3e35ce6358bbe17cdf,3
pytorch,2,225,48.8825,1,1,0,c5ef909be6cda03f0f87a7354355468944e7f8840d5d2d83c344fdbf4a5d3bf6,04d5fc3bd443007507b8d2e2ea870060397833a500615e3e35ce6358bbe17cdf,3
pytorch,2,226,50.7386,1,1,0,c5ef909be6cda03f0f87a7354355468944e7f8840d5d2d83c344fdbf4a5d3bf6,04d5fc3bd443007507b8d2e2ea870060397833a500615e3e35ce6358bbe17cdf,3
pytorch,2,227,49.6498,1,1,0,c5ef909be6cda03f0f87a7354355468944e7f8840d5d2d83c344fdbf4a5d3bf6,04d5fc3bd443007507b8d2e2ea870060397833a500615e3e35ce6358bbe17cdf,3
pytorch,2,228,47.5034,1,1,0,c5ef909be6cda03f0f87a7354355468944e7f8840d5d2d83c344fdbf4a5d3bf6,04d5fc3bd443007507b8d2e2ea870060397833a500615e3e35ce6358bbe17cdf,3
pytorch,2,229,46.167,1,1,0,c5ef909be6cda03f0f87a7354355468944e7f8840d5d2d83c344fdbf4a5d3bf6,04d5fc3bd443007507b8d2e2ea870060397833a500615e3e35ce6358bbe17cdf,3
pytorch,2,230,49.8375,1,1,0,c5ef909be6cda03f0f87a7354355468944e7f8840d5d2d83c344fdbf4a5d3bf6,04d5fc3bd443007507b8d2e2ea870060397833a500615e3e35ce6358bbe17cdf,3
pytorch,2,231,47.1615,1,1,0,c5ef909be6cda03f0f87a7354355468944e7f8840d5d2d83c344fdbf4a5d3bf6,04d5fc3bd443007507b8d2e2ea870060397833a500615e3e35ce6358bbe17cdf,3
pytorch,2,232,48.8929,1,1,0,c5ef909be6cda03f0f87a7354355468944e7f8840d5d2d83c344fdbf4a5d3bf6,04d5fc3bd443007507b8d2e2ea870060397833a500615e3e35ce6358bbe17cdf,3
pytorch,2,233,45.0959,1,1,0,c5ef909be6cda03f0f87a7354355468944e7f8840d5d2d83c344fdbf4a5d3bf6,04d5fc3bd443007507b8d2e2ea870060397833a500615e3e35ce6358bbe17cdf,3
pytorch,2,234,48.6273,1,1,0,c5ef909be6cda03f0f87a7354355468944e7f8840d5d2d83c344fdbf4a5d3bf6,04d5fc3bd443007507b8d2e2ea870060397833a500615e3e35ce6358bbe17cdf,3
pytorch,2,235,47.5473,1,1,0,c5ef909be6cda03f0f87a7354355468944e7f8840d5d2d83c344fdbf4a5d3bf6,04d5fc3bd443007507b8d2e2ea870060397833a500615e3e35ce6358bbe17cdf,3
pytorch,2,236,50.0203,1,1,0,c5ef909be6cda03f0f87a7354355468944e7f8840d5d2d83c344fdbf4a5d3bf6,04d5fc3bd443007507b8d2e2ea870060397833a500615e3e35ce6358bbe17cdf,3
pytorch,2,237,46.875,1,1,0,c5ef909be6cda03f0f87a7354355468944e7f8840d5d2d83c344fdbf4a5d3bf6,04d5fc3bd443007507b8d2e2ea870060397833a500615e3e35ce6358bbe17cdf,3
pytorch,2,238,50.3334,1,1,0,c5ef909be6cda03f0f87a7354355468944e7f8840d5d2d83c344fdbf4a5d3bf6,04d5fc3bd443007507b8d2e2ea870060397833a500615e3e35ce6358bbe17cdf,3
pytorch,2,239,49.2244,1,1,0,c5ef909be6cda03f0f87a7354355468944e7f8840d5d2d83c344fdbf4a5d3bf6,04d5fc3bd443007507b8d2e2ea870060397833a500615e3e35ce6358bbe17cdf,3
pytorch,2,240,51.6459,1,1,0,c5ef909be6cda03f0f87a7354355468944e7f8840d5d2d83c344fdbf4a5d3bf6,04d5fc3bd443007507b8d2e2ea870060397833a500615e3e35ce6358bbe17cdf,3
pytorch,2,241,47.162,1,1,0,c5ef909be6cda03f0f87a7354355468944e7f8840d5d2d83c344fdbf4a5d3bf6,04d5fc3bd443007507b8d2e2ea870060397833a500615e3e35ce6358bbe17cdf,3
pytorch,2,242,50.1174,1,1,0,c5ef909be6cda03f0f87a7354355468944e7f8840d5d2d83c344fdbf4a5d3bf6,04d5fc3bd443007507b8d2e2ea870060397833a500615e3e35ce6358bbe17cdf,3
pytorch,2,243,47.2174,1,1,0,c5ef909be6cda03f0f87a7354355468944e7f8840d5d2d83c344fdbf4a5d3bf6,04d5fc3bd443007507b8d2e2ea870060397833a500615e3e35ce6358bbe17cdf,3
pytorch,2,244,47.144,1,1,0,c5ef909be6cda03f0f87a7354355468944e7f8840d5d2d83c344fdbf4a5d3bf6,04d5fc3bd443007507b8d2e2ea870060397833a500615e3e35ce6358bbe17cdf,3
pytorch,2,245,45.5874,1,1,0,c5ef909be6cda03f0f87a7354355468944e7f8840d5d2d83c344fdbf4a5d3bf6,04d5fc3bd443007507b8d2e2ea870060397833a500615e3e35ce6358bbe17cdf,3
pytorch,2,246,52.3312,1,1,0,c5ef909be6cda03f0f87a7354355468944e7f8840d5d2d83c344fdbf4a5d3bf6,04d5fc3bd443007507b8d2e2ea870060397833a500615e3e35ce6358bbe17cdf,3
pytorch,2,247,46.12,1,1,0,c5ef909be6cda03f0f87a7354355468944e7f8840d5d2d83c344fdbf4a5d3bf6,04d5fc3bd443007507b8d2e2ea870060397833a500615e3e35ce6358bbe17cdf,3
pytorch,2,248,47.3702,1,1,0,c5ef909be6cda03f0f87a7354355468944e7f8840d5d2d83c344fdbf4a5d3bf6,04d5fc3bd443007507b8d2e2ea870060397833a500615e3e35ce6358bbe17cdf,3
pytorch,2,249,51.1351,1,1,0,c5ef909be6cda03f0f87a7354355468944e7f8840d5d2d83c344fdbf4a5d3bf6,04d5fc3bd443007507b8d2e2ea870060397833a500615e3e35ce6358bbe17cdf,3
pytorch,2,250,48.8902,1,1,0,c5ef909be6cda03f0f87a7354355468944e7f8840d5d2d83c344fdbf4a5d3bf6,04d5fc3bd443007507b8d2e2ea870060397833a500615e3e35ce6358bbe17cdf,3
pytorch,2,251,52.6716,1,1,0,c5ef909be6cda03f0f87a7354355468944e7f8840d5d2d83c344fdbf4a5d3bf6,04d5fc3bd443007507b8d2e2ea870060397833a500615e3e35ce6358bbe17cdf,3
pytorch,2,252,48.2723,1,1,0,c5ef909be6cda03f0f87a7354355468944e7f8840d5d2d83c344fdbf4a5d3bf6,04d5fc3bd443007507b8d2e2ea870060397833a500615e3e35ce6358bbe17cdf,3
pytorch,2,253,49.9452,1,1,0,c5ef909be6cda03f0f87a7354355468944e7f8840d5d2d83c344fdbf4a5d3bf6,04d5fc3bd443007507b8d2e2ea870060397833a500615e3e35ce6358bbe17cdf,3
pytorch,2,254,47.2343,1,1,0,c5ef909be6cda03f0f87a7354355468944e7f8840d5d2d83c344fdbf4a5d3bf6,04d5fc3bd443007507b8d2e2ea870060397833a500615e3e35ce6358bbe17cdf,3
pytorch,2,255,48.999,1,1,0,c5ef909be6cda03f0f87a7354355468944e7f8840d5d2d83c344fdbf4a5d3bf6,04d5fc3bd443007507b8d2e2ea870060397833a500615e3e35ce6358bbe17cdf,3
pytorch,2,256,45.0625,1,1,0,c5ef909be6cda03f0f87a7354355468944e7f8840d5d2d83c344fdbf4a5d3bf6,04d5fc3bd443007507b8d2e2ea870060397833a500615e3e35ce6358bbe17cdf,3
pytorch,2,257,46.39,1,1,0,c5ef909be6cda03f0f87a7354355468944e7f8840d5d2d83c344fdbf4a5d3bf6,04d5fc3bd443007507b8d2e2ea870060397833a500615e3e35ce6358bbe17cdf,3
pytorch,2,258,46.3231,1,1,0,c5ef909be6cda03f0f87a7354355468944e7f8840d5d2d83c344fdbf4a5d3bf6,04d5fc3bd443007507b8d2e2ea870060397833a500615e3e35ce6358bbe17cdf,3
pytorch,2,259,49.7707,1,1,0,c5ef909be6cda03f0f87a7354355468944e7f8840d5d2d83c344fdbf4a5d3bf6,04d5fc3bd443007507b8d2e2ea870060397833a500615e3e35ce6358bbe17cdf,3
pytorch,2,260,46.1704,1,1,0,c5ef909be6cda03f0f87a7354355468944e7f8840d5d2d83c344fdbf4a5d3bf6,04d5fc3bd443007507b8d2e2ea870060397833a500615e3e35ce6358bbe17cdf,3
pytorch,2,261,48.3261,1,1,0,c5ef909be6cda03f0f87a7354355468944e7f8840d5d2d83c344fdbf4a5d3bf6,04d5fc3bd443007507b8d2e2ea870060397833a500615e3e35ce6358bbe17cdf,3
pytorch,2,262,44.6664,1,1,0,c5ef909be6cda03f0f87a7354355468944e7f8840d5d2d83c344fdbf4a5d3bf6,04d5fc3bd443007507b8d2e2ea870060397833a500615e3e35ce6358bbe17cdf,3
pytorch,2,263,50.5624,1,1,0,c5ef909be6cda03f0f87a7354355468944e7f8840d5d2d83c344fdbf4a5d3bf6,04d5fc3bd443007507b8d2e2ea870060397833a500615e3e35ce6358bbe17cdf,3
pytorch,2,264,46.733,1,1,0,c5ef909be6cda03f0f87a7354355468944e7f8840d5d2d83c344fdbf4a5d3bf6,04d5fc3bd443007507b8d2e2ea870060397833a500615e3e35ce6358bbe17cdf,3
pytorch,2,265,46.7909,1,1,0,c5ef909be6cda03f0f87a7354355468944e7f8840d5d2d83c344fdbf4a5d3bf6,04d5fc3bd443007507b8d2e2ea870060397833a500615e3e35ce6358bbe17cdf,3
pytorch,2,266,49.2358,1,1,0,c5ef909be6cda03f0f87a7354355468944e7f8840d5d2d83c344fdbf4a5d3bf6,04d5fc3bd443007507b8d2e2ea870060397833a500615e3e35ce6358bbe17cdf,3
pytorch,2,267,44.8578,1,1,0,c5ef909be6cda03f0f87a7354355468944e7f8840d5d2d83c344fdbf4a5d3bf6,04d5fc3bd443007507b8d2e2ea870060397833a500615e3e35ce6358bbe17cdf,3
pytorch,2,268,46.5788,1,1,0,c5ef909be6cda03f0f87a7354355468944e7f8840d5d2d83c344fdbf4a5d3bf6,04d5fc3bd443007507b8d2e2ea870060397833a500615e3e35ce6358bbe17cdf,3
pytorch,2,269,47.8674,1,1,0,c5ef909be6cda03f0f87a7354355468944e7f8840d5d2d83c344fdbf4a5d3bf6,04d5fc3bd443007507b8d2e2ea870060397833a500615e3e35ce6358bbe17cdf,3
pytorch,2,270,48.845,1,1,0,c5ef909be6cda03f0f87a7354355468944e7f8840d5d2d83c344fdbf4a5d3bf6,04d5fc3bd443007507b8d2e2ea870060397833a500615e3e35ce6358bbe17cdf,3
pytorch,2,271,48.5634,1,1,0,c5ef909be6cda03f0f87a7354355468944e7f8840d5d2d83c344fdbf4a5d3bf6,04d5fc3bd443007507b8d2e2ea870060397833a500615e3e35ce6358bbe17cdf,3
pytorch,2,272,48.0965,1,1,0,c5ef909be6cda03f0f87a7354355468944e7f8840d5d2d83c344fdbf4a5d3bf6,04d5fc3bd443007507b8d2e2ea870060397833a500615e3e35ce6358bbe17cdf,3
pytorch,2,273,46.0789,1,1,0,c5ef909be6cda03f0f87a7354355468944e7f8840d5d2d83c344fdbf4a5d3bf6,04d5fc3bd443007507b8d2e2ea870060397833a500615e3e35ce6358bbe17cdf,3
pytorch,2,274,48.799,1,1,0,c5ef909be6cda03f0f87a7354355468944e7f8840d5d2d83c344fdbf4a5d3bf6,04d5fc3bd443007507b8d2e2ea870060397833a500615e3e35ce6358bbe17cdf,3
pytorch,2,275,45.3465,1,1,0,c5ef909be6cda03f0f87a7354355468944e7f8840d5d2d83c344fdbf4a5d3bf6,04d5fc3bd443007507b8d2e2ea870060397833a500615e3e35ce6358bbe17cdf,3
pytorch,2,276,49.353,1,1,0,c5ef909be6cda03f0f87a7354355468944e7f8840d5d2d83c344fdbf4a5d3bf6,04d5fc3bd443007507b8d2e2ea870060397833a500615e3e35ce6358bbe17cdf,3
pytorch,2,277,45.9228,1,1,0,c5ef909be6cda03f0f87a7354355468944e7f8840d5d2d83c344fdbf4a5d3bf6,04d5fc3bd443007507b8d2e2ea870060397833a500615e3e35ce6358bbe17cdf,3
pytorch,2,278,49.2677,1,1,0,c5ef909be6cda03f0f87a7354355468944e7f8840d5d2d83c344fdbf4a5d3bf6,04d5fc3bd443007507b8d2e2ea870060397833a500615e3e35ce6358bbe17cdf,3
pytorch,2,279,49.986,1,1,0,c5ef909be6cda03f0f87a7354355468944e7f8840d5d2d83c344fdbf4a5d3bf6,04d5fc3bd443007507b8d2e2ea870060397833a500615e3e35ce6358bbe17cdf,3
pytorch,2,280,50.345,1,1,0,c5ef909be6cda03f0f87a7354355468944e7f8840d5d2d83c344fdbf4a5d3bf6,04d5fc3bd443007507b8d2e2ea870060397833a500615e3e35ce6358bbe17cdf,3
pytorch,2,281,47.3327,1,1,0,c5ef909be6cda03f0f87a7354355468944e7f8840d5d2d83c344fdbf4a5d3bf6,04d5fc3bd443007507b8d2e2ea870060397833a500615e3e35ce6358bbe17cdf,3
pytorch,2,282,45.6603,1,1,0,c5ef909be6cda03f0f87a7354355468944e7f8840d5d2d83c344fdbf4a5d3bf6,04d5fc3bd443007507b8d2e2ea870060397833a500615e3e35ce6358bbe17cdf,3
pytorch,2,283,46.5,1,1,0,c5ef909be6cda03f0f87a7354355468944e7f8840d5d2d83c344fdbf4a5d3bf6,04d5fc3bd443007507b8d2e2ea870060397833a500615e3e35ce6358bbe17cdf,3
pytorch,2,284,46.1523,1,1,0,c5ef909be6cda03f0f87a7354355468944e7f8840d5d2d83c344fdbf4a5d3bf6,04d5fc3bd443007507b8d2e2ea870060397833a500615e3e35ce6358bbe17cdf,3
pytorch,2,285,47.6181,1,1,0,c5ef909be6cda03f0f87a7354355468944e7f8840d5d2d83c344fdbf4a5d3bf6,04d5fc3bd443007507b8d2e2ea870060397833a500615e3e35ce6358bbe17cdf,3
pytorch,2,286,45.2515,1,1,0,c5ef909be6cda03f0f87a7354355468944e7f8840d5d2d83c344fdbf4a5d3bf6,04d5fc3bd443007507b8d2e2ea870060397833a500615e3e35ce6358bbe17cdf,3
pytorch,2,287,47.7413,1,1,0,c5ef909be6cda03f0f87a7354355468944e7f8840d5d2d83c344fdbf4a5d3bf6,04d5fc3bd443007507b8d2e2ea870060397833a500615e3e35ce6358bbe17cdf,3
pytorch,2,288,43.3849,1,1,0,c5ef909be6cda03f0f87a7354355468944e7f8840d5d2d83c344fdbf4a5d3bf6,04d5fc3bd443007507b8d2e2ea870060397833a500615e3e35ce6358bbe17cdf,3
pytorch,2,289,48.261,1,1,0,c5ef909be6cda03f0f87a7354355468944e7f8840d5d2d83c344fdbf4a5d3bf6,04d5fc3bd443007507b8d2e2ea870060397833a500615e3e35ce6358bbe17cdf,3
pytorch,2,290,44.8555,1,1,0,c5ef909be6cda03f0f87a7354355468944e7f8840d5d2d83c344fdbf4a5d3bf6,04d5fc3bd443007507b8d2e2ea870060397833a500615e3e35ce6358bbe17cdf,3
pytorch,2,291,44.0705,1,1,0,c5ef909be6cda03f0f87a7354355468944e7f8840d5d2d83c344fdbf4a5d3bf6,04d5fc3bd443007507b8d2e2ea870060397833a500615e3e35ce6358bbe17cdf,3
pytorch,2,292,47.8952,1,1,0,c5ef909be6cda03f0f87a7354355468944e7f8840d5d2d83c344fdbf4a5d3bf6,04d5fc3bd443007507b8d2e2ea870060397833a500615e3e35ce6358bbe17cdf,3
pytorch,2,293,44.7496,1,1,0,c5ef909be6cda03f0f87a7354355468944e7f8840d5d2d83c344fdbf4a5d3bf6,04d5fc3bd443007507b8d2e2ea870060397833a500615e3e35ce6358bbe17cdf,3
pytorch,2,294,50.0204,1,1,0,c5ef909be6cda03f0f87a7354355468944e7f8840d5d2d83c344fdbf4a5d3bf6,04d5fc3bd443007507b8d2e2ea870060397833a500615e3e35ce6358bbe17cdf,3
pytorch,2,295,44.8442,1,1,0,c5ef909be6cda03f0f87a7354355468944e7f8840d5d2d83c344fdbf4a5d3bf6,04d5fc3bd443007507b8d2e2ea870060397833a500615e3e35ce6358bbe17cdf,3
pytorch,2,296,47.3467,1,1,0,c5ef909be6cda03f0f87a7354355468944e7f8840d5d2d83c344fdbf4a5d3bf6,04d5fc3bd443007507b8d2e2ea870060397833a500615e3e35ce6358bbe17cdf,3
pytorch,2,297,45.1112,1,1,0,c5ef909be6cda03f0f87a7354355468944e7f8840d5d2d83c344fdbf4a5d3bf6,04d5fc3bd443007507b8d2e2ea870060397833a500615e3e35ce6358bbe17cdf,3
pytorch,2,298,48.977,1,1,0,c5ef909be6cda03f0f87a7354355468944e7f8840d5d2d83c344fdbf4a5d3bf6,04d5fc3bd443007507b8d2e2ea870060397833a500615e3e35ce6358bbe17cdf,3
pytorch,2,299,46.3675,1,1,0,c5ef909be6cda03f0f87a7354355468944e7f8840d5d2d83c344fdbf4a5d3bf6,04d5fc3bd443007507b8d2e2ea870060397833a500615e3e35ce6358bbe17cdf,3
ort_python,3,0,29.0227,1,1,0,c5ef909be6cda03f0f87a7354355468944e7f8840d5d2d83c344fdbf4a5d3bf6,04d5fc3bd443007507b8d2e2ea870060397833a500615e3e35ce6358bbe17cdf,4
ort_python,3,1,29.4843,1,1,0,c5ef909be6cda03f0f87a7354355468944e7f8840d5d2d83c344fdbf4a5d3bf6,04d5fc3bd443007507b8d2e2ea870060397833a500615e3e35ce6358bbe17cdf,4
ort_python,3,2,32.1868,1,1,0,c5ef909be6cda03f0f87a7354355468944e7f8840d5d2d83c344fdbf4a5d3bf6,04d5fc3bd443007507b8d2e2ea870060397833a500615e3e35ce6358bbe17cdf,4
ort_python,3,3,28.5342,1,1,0,c5ef909be6cda03f0f87a7354355468944e7f8840d5d2d83c344fdbf4a5d3bf6,04d5fc3bd443007507b8d2e2ea870060397833a500615e3e35ce6358bbe17cdf,4
ort_python,3,4,29.279,1,1,0,c5ef909be6cda03f0f87a7354355468944e7f8840d5d2d83c344fdbf4a5d3bf6,04d5fc3bd443007507b8d2e2ea870060397833a500615e3e35ce6358bbe17cdf,4
ort_python,3,5,29.2843,1,1,0,c5ef909be6cda03f0f87a7354355468944e7f8840d5d2d83c344fdbf4a5d3bf6,04d5fc3bd443007507b8d2e2ea870060397833a500615e3e35ce6358bbe17cdf,4
ort_python,3,6,32.3156,1,1,0,c5ef909be6cda03f0f87a7354355468944e7f8840d5d2d83c344fdbf4a5d3bf6,04d5fc3bd443007507b8d2e2ea870060397833a500615e3e35ce6358bbe17cdf,4
ort_python,3,7,29.2196,1,1,0,c5ef909be6cda03f0f87a7354355468944e7f8840d5d2d83c344fdbf4a5d3bf6,04d5fc3bd443007507b8d2e2ea870060397833a500615e3e35ce6358bbe17cdf,4
ort_python,3,8,30.3572,1,1,0,c5ef909be6cda03f0f87a7354355468944e7f8840d5d2d83c344fdbf4a5d3bf6,04d5fc3bd443007507b8d2e2ea870060397833a500615e3e35ce6358bbe17cdf,4
ort_python,3,9,30.1248,1,1,0,c5ef909be6cda03f0f87a7354355468944e7f8840d5d2d83c344fdbf4a5d3bf6,04d5fc3bd443007507b8d2e2ea870060397833a500615e3e35ce6358bbe17cdf,4
ort_python,3,10,28.7009,1,1,0,c5ef909be6cda03f0f87a7354355468944e7f8840d5d2d83c344fdbf4a5d3bf6,04d5fc3bd443007507b8d2e2ea870060397833a500615e3e35ce6358bbe17cdf,4
ort_python,3,11,28.938,1,1,0,c5ef909be6cda03f0f87a7354355468944e7f8840d5d2d83c344fdbf4a5d3bf6,04d5fc3bd443007507b8d2e2ea870060397833a500615e3e35ce6358bbe17cdf,4
ort_python,3,12,30.1524,1,1,0,c5ef909be6cda03f0f87a7354355468944e7f8840d5d2d83c344fdbf4a5d3bf6,04d5fc3bd443007507b8d2e2ea870060397833a500615e3e35ce6358bbe17cdf,4
ort_python,3,13,31.0732,1,1,0,c5ef909be6cda03f0f87a7354355468944e7f8840d5d2d83c344fdbf4a5d3bf6,04d5fc3bd443007507b8d2e2ea870060397833a500615e3e35ce6358bbe17cdf,4
ort_python,3,14,28.9626,1,1,0,c5ef909be6cda03f0f87a7354355468944e7f8840d5d2d83c344fdbf4a5d3bf6,04d5fc3bd443007507b8d2e2ea870060397833a500615e3e35ce6358bbe17cdf,4
ort_python,3,15,28.9164,1,1,0,c5ef909be6cda03f0f87a7354355468944e7f8840d5d2d83c344fdbf4a5d3bf6,04d5fc3bd443007507b8d2e2ea870060397833a500615e3e35ce6358bbe17cdf,4
ort_python,3,16,30.7401,1,1,0,c5ef909be6cda03f0f87a7354355468944e7f8840d5d2d83c344fdbf4a5d3bf6,04d5fc3bd443007507b8d2e2ea870060397833a500615e3e35ce6358bbe17cdf,4
ort_python,3,17,34.6277,1,1,0,c5ef909be6cda03f0f87a7354355468944e7f8840d5d2d83c344fdbf4a5d3bf6,04d5fc3bd443007507b8d2e2ea870060397833a500615e3e35ce6358bbe17cdf,4
ort_python,3,18,28.74,1,1,0,c5ef909be6cda03f0f87a7354355468944e7f8840d5d2d83c344fdbf4a5d3bf6,04d5fc3bd443007507b8d2e2ea870060397833a500615e3e35ce6358bbe17cdf,4
ort_python,3,19,29.7282,1,1,0,c5ef909be6cda03f0f87a7354355468944e7f8840d5d2d83c344fdbf4a5d3bf6,04d5fc3bd443007507b8d2e2ea870060397833a500615e3e35ce6358bbe17cdf,4
ort_python,3,20,28.9346,1,1,0,c5ef909be6cda03f0f87a7354355468944e7f8840d5d2d83c344fdbf4a5d3bf6,04d5fc3bd443007507b8d2e2ea870060397833a500615e3e35ce6358bbe17cdf,4
ort_python,3,21,29.3,1,1,0,c5ef909be6cda03f0f87a7354355468944e7f8840d5d2d83c344fdbf4a5d3bf6,04d5fc3bd443007507b8d2e2ea870060397833a500615e3e35ce6358bbe17cdf,4
ort_python,3,22,30.6373,1,1,0,c5ef909be6cda03f0f87a7354355468944e7f8840d5d2d83c344fdbf4a5d3bf6,04d5fc3bd443007507b8d2e2ea870060397833a500615e3e35ce6358bbe17cdf,4
ort_python,3,23,32.2105,1,1,0,c5ef909be6cda03f0f87a7354355468944e7f8840d5d2d83c344fdbf4a5d3bf6,04d5fc3bd443007507b8d2e2ea870060397833a500615e3e35ce6358bbe17cdf,4
ort_python,3,24,27.7672,1,1,0,c5ef909be6cda03f0f87a7354355468944e7f8840d5d2d83c344fdbf4a5d3bf6,04d5fc3bd443007507b8d2e2ea870060397833a500615e3e35ce6358bbe17cdf,4
ort_python,3,25,30.374,1,1,0,c5ef909be6cda03f0f87a7354355468944e7f8840d5d2d83c344fdbf4a5d3bf6,04d5fc3bd443007507b8d2e2ea870060397833a500615e3e35ce6358bbe17cdf,4
ort_python,3,26,31.7659,1,1,0,c5ef909be6cda03f0f87a7354355468944e7f8840d5d2d83c344fdbf4a5d3bf6,04d5fc3bd443007507b8d2e2ea870060397833a500615e3e35ce6358bbe17cdf,4
ort_python,3,27,29.3339,1,1,0,c5ef909be6cda03f0f87a7354355468944e7f8840d5d2d83c344fdbf4a5d3bf6,04d5fc3bd443007507b8d2e2ea870060397833a500615e3e35ce6358bbe17cdf,4
ort_python,3,28,29.4213,1,1,0,c5ef909be6cda03f0f87a7354355468944e7f8840d5d2d83c344fdbf4a5d3bf6,04d5fc3bd443007507b8d2e2ea870060397833a500615e3e35ce6358bbe17cdf,4
ort_python,3,29,31.1888,1,1,0,c5ef909be6cda03f0f87a7354355468944e7f8840d5d2d83c344fdbf4a5d3bf6,04d5fc3bd443007507b8d2e2ea870060397833a500615e3e35ce6358bbe17cdf,4
ort_python,3,30,32.2533,1,1,0,c5ef909be6cda03f0f87a7354355468944e7f8840d5d2d83c344fdbf4a5d3bf6,04d5fc3bd443007507b8d2e2ea870060397833a500615e3e35ce6358bbe17cdf,4
ort_python,3,31,28.5053,1,1,0,c5ef909be6cda03f0f87a7354355468944e7f8840d5d2d83c344fdbf4a5d3bf6,04d5fc3bd443007507b8d2e2ea870060397833a500615e3e35ce6358bbe17cdf,4
ort_python,3,32,28.7374,1,1,0,c5ef909be6cda03f0f87a7354355468944e7f8840d5d2d83c344fdbf4a5d3bf6,04d5fc3bd443007507b8d2e2ea870060397833a500615e3e35ce6358bbe17cdf,4
ort_python,3,33,30.5041,1,1,0,c5ef909be6cda03f0f87a7354355468944e7f8840d5d2d83c344fdbf4a5d3bf6,04d5fc3bd443007507b8d2e2ea870060397833a500615e3e35ce6358bbe17cdf,4
ort_python,3,34,28.2304,1,1,0,c5ef909be6cda03f0f87a7354355468944e7f8840d5d2d83c344fdbf4a5d3bf6,04d5fc3bd443007507b8d2e2ea870060397833a500615e3e35ce6358bbe17cdf,4
ort_python,3,35,28.9595,1,1,0,c5ef909be6cda03f0f87a7354355468944e7f8840d5d2d83c344fdbf4a5d3bf6,04d5fc3bd443007507b8d2e2ea870060397833a500615e3e35ce6358bbe17cdf,4
ort_python,3,36,30.6979,1,1,0,c5ef909be6cda03f0f87a7354355468944e7f8840d5d2d83c344fdbf4a5d3bf6,04d5fc3bd443007507b8d2e2ea870060397833a500615e3e35ce6358bbe17cdf,4
ort_python,3,37,29.37,1,1,0,c5ef909be6cda03f0f87a7354355468944e7f8840d5d2d83c344fdbf4a5d3bf6,04d5fc3bd443007507b8d2e2ea870060397833a500615e3e35ce6358bbe17cdf,4
ort_python,3,38,29.0909,1,1,0,c5ef909be6cda03f0f87a7354355468944e7f8840d5d2d83c344fdbf4a5d3bf6,04d5fc3bd443007507b8d2e2ea870060397833a500615e3e35ce6358bbe17cdf,4
ort_python,3,39,28.5492,1,1,0,c5ef909be6cda03f0f87a7354355468944e7f8840d5d2d83c344fdbf4a5d3bf6,04d5fc3bd443007507b8d2e2ea870060397833a500615e3e35ce6358bbe17cdf,4
ort_python,3,40,31.0012,1,1,0,c5ef909be6cda03f0f87a7354355468944e7f8840d5d2d83c344fdbf4a5d3bf6,04d5fc3bd443007507b8d2e2ea870060397833a500615e3e35ce6358bbe17cdf,4
ort_python,3,41,29.6882,1,1,0,c5ef909be6cda03f0f87a7354355468944e7f8840d5d2d83c344fdbf4a5d3bf6,04d5fc3bd443007507b8d2e2ea870060397833a500615e3e35ce6358bbe17cdf,4
ort_python,3,42,28.6858,1,1,0,c5ef909be6cda03f0f87a7354355468944e7f8840d5d2d83c344fdbf4a5d3bf6,04d5fc3bd443007507b8d2e2ea870060397833a500615e3e35ce6358bbe17cdf,4
ort_python,3,43,30.9868,1,1,0,c5ef909be6cda03f0f87a7354355468944e7f8840d5d2d83c344fdbf4a5d3bf6,04d5fc3bd443007507b8d2e2ea870060397833a500615e3e35ce6358bbe17cdf,4
ort_python,3,44,28.4691,1,1,0,c5ef909be6cda03f0f87a7354355468944e7f8840d5d2d83c344fdbf4a5d3bf6,04d5fc3bd443007507b8d2e2ea870060397833a500615e3e35ce6358bbe17cdf,4
ort_python,3,45,29.2092,1,1,0,c5ef909be6cda03f0f87a7354355468944e7f8840d5d2d83c344fdbf4a5d3bf6,04d5fc3bd443007507b8d2e2ea870060397833a500615e3e35ce6358bbe17cdf,4
ort_python,3,46,28.9093,1,1,0,c5ef909be6cda03f0f87a7354355468944e7f8840d5d2d83c344fdbf4a5d3bf6,04d5fc3bd443007507b8d2e2ea870060397833a500615e3e35ce6358bbe17cdf,4
ort_python,3,47,29.9965,1,1,0,c5ef909be6cda03f0f87a7354355468944e7f8840d5d2d83c344fdbf4a5d3bf6,04d5fc3bd443007507b8d2e2ea870060397833a500615e3e35ce6358bbe17cdf,4
ort_python,3,48,29.832,1,1,0,c5ef909be6cda03f0f87a7354355468944e7f8840d5d2d83c344fdbf4a5d3bf6,04d5fc3bd443007507b8d2e2ea870060397833a500615e3e35ce6358bbe17cdf,4
ort_python,3,49,28.7037,1,1,0,c5ef909be6cda03f0f87a7354355468944e7f8840d5d2d83c344fdbf4a5d3bf6,04d5fc3bd443007507b8d2e2ea870060397833a500615e3e35ce6358bbe17cdf,4
ort_python,3,50,31.8852,1,1,0,c5ef909be6cda03f0f87a7354355468944e7f8840d5d2d83c344fdbf4a5d3bf6,04d5fc3bd443007507b8d2e2ea870060397833a500615e3e35ce6358bbe17cdf,4
ort_python,3,51,28.9892,1,1,0,c5ef909be6cda03f0f87a7354355468944e7f8840d5d2d83c344fdbf4a5d3bf6,04d5fc3bd443007507b8d2e2ea870060397833a500615e3e35ce6358bbe17cdf,4
ort_python,3,52,28.2115,1,1,0,c5ef909be6cda03f0f87a7354355468944e7f8840d5d2d83c344fdbf4a5d3bf6,04d5fc3bd443007507b8d2e2ea870060397833a500615e3e35ce6358bbe17cdf,4
ort_python,3,53,29.4429,1,1,0,c5ef909be6cda03f0f87a7354355468944e7f8840d5d2d83c344fdbf4a5d3bf6,04d5fc3bd443007507b8d2e2ea870060397833a500615e3e35ce6358bbe17cdf,4
ort_python,3,54,32.0108,1,1,0,c5ef909be6cda03f0f87a7354355468944e7f8840d5d2d83c344fdbf4a5d3bf6,04d5fc3bd443007507b8d2e2ea870060397833a500615e3e35ce6358bbe17cdf,4
ort_python,3,55,29.3483,1,1,0,c5ef909be6cda03f0f87a7354355468944e7f8840d5d2d83c344fdbf4a5d3bf6,04d5fc3bd443007507b8d2e2ea870060397833a500615e3e35ce6358bbe17cdf,4
ort_python,3,56,28.2351,1,1,0,c5ef909be6cda03f0f87a7354355468944e7f8840d5d2d83c344fdbf4a5d3bf6,04d5fc3bd443007507b8d2e2ea870060397833a500615e3e35ce6358bbe17cdf,4
ort_python,3,57,32.5588,1,1,0,c5ef909be6cda03f0f87a7354355468944e7f8840d5d2d83c344fdbf4a5d3bf6,04d5fc3bd443007507b8d2e2ea870060397833a500615e3e35ce6358bbe17cdf,4
ort_python,3,58,30.4636,1,1,0,c5ef909be6cda03f0f87a7354355468944e7f8840d5d2d83c344fdbf4a5d3bf6,04d5fc3bd443007507b8d2e2ea870060397833a500615e3e35ce6358bbe17cdf,4
ort_python,3,59,32.5949,1,1,0,c5ef909be6cda03f0f87a7354355468944e7f8840d5d2d83c344fdbf4a5d3bf6,04d5fc3bd443007507b8d2e2ea870060397833a500615e3e35ce6358bbe17cdf,4
ort_python,3,60,29.1626,1,1,0,c5ef909be6cda03f0f87a7354355468944e7f8840d5d2d83c344fdbf4a5d3bf6,04d5fc3bd443007507b8d2e2ea870060397833a500615e3e35ce6358bbe17cdf,4
ort_python,3,61,31.3559,1,1,0,c5ef909be6cda03f0f87a7354355468944e7f8840d5d2d83c344fdbf4a5d3bf6,04d5fc3bd443007507b8d2e2ea870060397833a500615e3e35ce6358bbe17cdf,4
ort_python,3,62,29.1054,1,1,0,c5ef909be6cda03f0f87a7354355468944e7f8840d5d2d83c344fdbf4a5d3bf6,04d5fc3bd443007507b8d2e2ea870060397833a500615e3e35ce6358bbe17cdf,4
ort_python,3,63,32.0887,1,1,0,c5ef909be6cda03f0f87a7354355468944e7f8840d5d2d83c344fdbf4a5d3bf6,04d5fc3bd443007507b8d2e2ea870060397833a500615e3e35ce6358bbe17cdf,4
ort_python,3,64,29.63,1,1,0,c5ef909be6cda03f0f87a7354355468944e7f8840d5d2d83c344fdbf4a5d3bf6,04d5fc3bd443007507b8d2e2ea870060397833a500615e3e35ce6358bbe17cdf,4
ort_python,3,65,30.4384,1,1,0,c5ef909be6cda03f0f87a7354355468944e7f8840d5d2d83c344fdbf4a5d3bf6,04d5fc3bd443007507b8d2e2ea870060397833a500615e3e35ce6358bbe17cdf,4
ort_python,3,66,31.1351,1,1,0,c5ef909be6cda03f0f87a7354355468944e7f8840d5d2d83c344fdbf4a5d3bf6,04d5fc3bd443007507b8d2e2ea870060397833a500615e3e35ce6358bbe17cdf,4
ort_python,3,67,31.0812,1,1,0,c5ef909be6cda03f0f87a7354355468944e7f8840d5d2d83c344fdbf4a5d3bf6,04d5fc3bd443007507b8d2e2ea870060397833a500615e3e35ce6358bbe17cdf,4
ort_python,3,68,28.8245,1,1,0,c5ef909be6cda03f0f87a7354355468944e7f8840d5d2d83c344fdbf4a5d3bf6,04d5fc3bd443007507b8d2e2ea870060397833a500615e3e35ce6358bbe17cdf,4
ort_python,3,69,29.1236,1,1,0,c5ef909be6cda03f0f87a7354355468944e7f8840d5d2d83c344fdbf4a5d3bf6,04d5fc3bd443007507b8d2e2ea870060397833a500615e3e35ce6358bbe17cdf,4
ort_python,3,70,28.613,1,1,0,c5ef909be6cda03f0f87a7354355468944e7f8840d5d2d83c344fdbf4a5d3bf6,04d5fc3bd443007507b8d2e2ea870060397833a500615e3e35ce6358bbe17cdf,4
ort_python,3,71,32.0346,1,1,0,c5ef909be6cda03f0f87a7354355468944e7f8840d5d2d83c344fdbf4a5d3bf6,04d5fc3bd443007507b8d2e2ea870060397833a500615e3e35ce6358bbe17cdf,4
ort_python,3,72,29.2025,1,1,0,c5ef909be6cda03f0f87a7354355468944e7f8840d5d2d83c344fdbf4a5d3bf6,04d5fc3bd443007507b8d2e2ea870060397833a500615e3e35ce6358bbe17cdf,4
ort_python,3,73,28.3251,1,1,0,c5ef909be6cda03f0f87a7354355468944e7f8840d5d2d83c344fdbf4a5d3bf6,04d5fc3bd443007507b8d2e2ea870060397833a500615e3e35ce6358bbe17cdf,4
ort_python,3,74,30.5193,1,1,0,c5ef909be6cda03f0f87a7354355468944e7f8840d5d2d83c344fdbf4a5d3bf6,04d5fc3bd443007507b8d2e2ea870060397833a500615e3e35ce6358bbe17cdf,4
ort_python,3,75,28.4704,1,1,0,c5ef909be6cda03f0f87a7354355468944e7f8840d5d2d83c344fdbf4a5d3bf6,04d5fc3bd443007507b8d2e2ea870060397833a500615e3e35ce6358bbe17cdf,4
ort_python,3,76,30.6916,1,1,0,c5ef909be6cda03f0f87a7354355468944e7f8840d5d2d83c344fdbf4a5d3bf6,04d5fc3bd443007507b8d2e2ea870060397833a500615e3e35ce6358bbe17cdf,4
ort_python,3,77,29.5445,1,1,0,c5ef909be6cda03f0f87a7354355468944e7f8840d5d2d83c344fdbf4a5d3bf6,04d5fc3bd443007507b8d2e2ea870060397833a500615e3e35ce6358bbe17cdf,4
ort_python,3,78,29.8596,1,1,0,c5ef909be6cda03f0f87a7354355468944e7f8840d5d2d83c344fdbf4a5d3bf6,04d5fc3bd443007507b8d2e2ea870060397833a500615e3e35ce6358bbe17cdf,4
ort_python,3,79,29.8938,1,1,0,c5ef909be6cda03f0f87a7354355468944e7f8840d5d2d83c344fdbf4a5d3bf6,04d5fc3bd443007507b8d2e2ea870060397833a500615e3e35ce6358bbe17cdf,4
ort_python,3,80,28.8546,1,1,0,c5ef909be6cda03f0f87a7354355468944e7f8840d5d2d83c344fdbf4a5d3bf6,04d5fc3bd443007507b8d2e2ea870060397833a500615e3e35ce6358bbe17cdf,4
ort_python,3,81,30.9142,1,1,0,c5ef909be6cda03f0f87a7354355468944e7f8840d5d2d83c344fdbf4a5d3bf6,04d5fc3bd443007507b8d2e2ea870060397833a500615e3e35ce6358bbe17cdf,4
ort_python,3,82,28.2124,1,1,0,c5ef909be6cda03f0f87a7354355468944e7f8840d5d2d83c344fdbf4a5d3bf6,04d5fc3bd443007507b8d2e2ea870060397833a500615e3e35ce6358bbe17cdf,4
ort_python,3,83,28.1647,1,1,0,c5ef909be6cda03f0f87a7354355468944e7f8840d5d2d83c344fdbf4a5d3bf6,04d5fc3bd443007507b8d2e2ea870060397833a500615e3e35ce6358bbe17cdf,4
ort_python,3,84,28.9796,1,1,0,c5ef909be6cda03f0f87a7354355468944e7f8840d5d2d83c344fdbf4a5d3bf6,04d5fc3bd443007507b8d2e2ea870060397833a500615e3e35ce6358bbe17cdf,4
ort_python,3,85,31.2267,1,1,0,c5ef909be6cda03f0f87a7354355468944e7f8840d5d2d83c344fdbf4a5d3bf6,04d5fc3bd443007507b8d2e2ea870060397833a500615e3e35ce6358bbe17cdf,4
ort_python,3,86,28.8347,1,1,0,c5ef909be6cda03f0f87a7354355468944e7f8840d5d2d83c344fdbf4a5d3bf6,04d5fc3bd443007507b8d2e2ea870060397833a500615e3e35ce6358bbe17cdf,4
ort_python,3,87,28.4785,1,1,0,c5ef909be6cda03f0f87a7354355468944e7f8840d5d2d83c344fdbf4a5d3bf6,04d5fc3bd443007507b8d2e2ea870060397833a500615e3e35ce6358bbe17cdf,4
ort_python,3,88,30.3298,1,1,0,c5ef909be6cda03f0f87a7354355468944e7f8840d5d2d83c344fdbf4a5d3bf6,04d5fc3bd443007507b8d2e2ea870060397833a500615e3e35ce6358bbe17cdf,4
ort_python,3,89,29.5457,1,1,0,c5ef909be6cda03f0f87a7354355468944e7f8840d5d2d83c344fdbf4a5d3bf6,04d5fc3bd443007507b8d2e2ea870060397833a500615e3e35ce6358bbe17cdf,4
ort_python,3,90,30.8413,1,1,0,c5ef909be6cda03f0f87a7354355468944e7f8840d5d2d83c344fdbf4a5d3bf6,04d5fc3bd443007507b8d2e2ea870060397833a500615e3e35ce6358bbe17cdf,4
ort_python,3,91,28.2496,1,1,0,c5ef909be6cda03f0f87a7354355468944e7f8840d5d2d83c344fdbf4a5d3bf6,04d5fc3bd443007507b8d2e2ea870060397833a500615e3e35ce6358bbe17cdf,4
ort_python,3,92,30.6658,1,1,0,c5ef909be6cda03f0f87a7354355468944e7f8840d5d2d83c344fdbf4a5d3bf6,04d5fc3bd443007507b8d2e2ea870060397833a500615e3e35ce6358bbe17cdf,4
ort_python,3,93,28.7968,1,1,0,c5ef909be6cda03f0f87a7354355468944e7f8840d5d2d83c344fdbf4a5d3bf6,04d5fc3bd443007507b8d2e2ea870060397833a500615e3e35ce6358bbe17cdf,4
ort_python,3,94,28.096,1,1,0,c5ef909be6cda03f0f87a7354355468944e7f8840d5d2d83c344fdbf4a5d3bf6,04d5fc3bd443007507b8d2e2ea870060397833a500615e3e35ce6358bbe17cdf,4
ort_python,3,95,29.7682,1,1,0,c5ef909be6cda03f0f87a7354355468944e7f8840d5d2d83c344fdbf4a5d3bf6,04d5fc3bd443007507b8d2e2ea870060397833a500615e3e35ce6358bbe17cdf,4
ort_python,3,96,30.1317,1,1,0,c5ef909be6cda03f0f87a7354355468944e7f8840d5d2d83c344fdbf4a5d3bf6,04d5fc3bd443007507b8d2e2ea870060397833a500615e3e35ce6358bbe17cdf,4
ort_python,3,97,29.7087,1,1,0,c5ef909be6cda03f0f87a7354355468944e7f8840d5d2d83c344fdbf4a5d3bf6,04d5fc3bd443007507b8d2e2ea870060397833a500615e3e35ce6358bbe17cdf,4
ort_python,3,98,31.1277,1,1,0,c5ef909be6cda03f0f87a7354355468944e7f8840d5d2d83c344fdbf4a5d3bf6,04d5fc3bd443007507b8d2e2ea870060397833a500615e3e35ce6358bbe17cdf,4
ort_python,3,99,27.7353,1,1,0,c5ef909be6cda03f0f87a7354355468944e7f8840d5d2d83c344fdbf4a5d3bf6,04d5fc3bd443007507b8d2e2ea870060397833a500615e3e35ce6358bbe17cdf,4
ort_python,3,100,28.2542,1,1,0,c5ef909be6cda03f0f87a7354355468944e7f8840d5d2d83c344fdbf4a5d3bf6,04d5fc3bd443007507b8d2e2ea870060397833a500615e3e35ce6358bbe17cdf,4
ort_python,3,101,28.6538,1,1,0,c5ef909be6cda03f0f87a7354355468944e7f8840d5d2d83c344fdbf4a5d3bf6,04d5fc3bd443007507b8d2e2ea870060397833a500615e3e35ce6358bbe17cdf,4
ort_python,3,102,30.4323,1,1,0,c5ef909be6cda03f0f87a7354355468944e7f8840d5d2d83c344fdbf4a5d3bf6,04d5fc3bd443007507b8d2e2ea870060397833a500615e3e35ce6358bbe17cdf,4
ort_python,3,103,28.0935,1,1,0,c5ef909be6cda03f0f87a7354355468944e7f8840d5d2d83c344fdbf4a5d3bf6,04d5fc3bd443007507b8d2e2ea870060397833a500615e3e35ce6358bbe17cdf,4
ort_python,3,104,30.6762,1,1,0,c5ef909be6cda03f0f87a7354355468944e7f8840d5d2d83c344fdbf4a5d3bf6,04d5fc3bd443007507b8d2e2ea870060397833a500615e3e35ce6358bbe17cdf,4
ort_python,3,105,31.6524,1,1,0,c5ef909be6cda03f0f87a7354355468944e7f8840d5d2d83c344fdbf4a5d3bf6,04d5fc3bd443007507b8d2e2ea870060397833a500615e3e35ce6358bbe17cdf,4
ort_python,3,106,29.0955,1,1,0,c5ef909be6cda03f0f87a7354355468944e7f8840d5d2d83c344fdbf4a5d3bf6,04d5fc3bd443007507b8d2e2ea870060397833a500615e3e35ce6358bbe17cdf,4
ort_python,3,107,30.8159,1,1,0,c5ef909be6cda03f0f87a7354355468944e7f8840d5d2d83c344fdbf4a5d3bf6,04d5fc3bd443007507b8d2e2ea870060397833a500615e3e35ce6358bbe17cdf,4
ort_python,3,108,28.1469,1,1,0,c5ef909be6cda03f0f87a7354355468944e7f8840d5d2d83c344fdbf4a5d3bf6,04d5fc3bd443007507b8d2e2ea870060397833a500615e3e35ce6358bbe17cdf,4
ort_python,3,109,30.268,1,1,0,c5ef909be6cda03f0f87a7354355468944e7f8840d5d2d83c344fdbf4a5d3bf6,04d5fc3bd443007507b8d2e2ea870060397833a500615e3e35ce6358bbe17cdf,4
ort_python,3,110,32.3384,1,1,0,c5ef909be6cda03f0f87a7354355468944e7f8840d5d2d83c344fdbf4a5d3bf6,04d5fc3bd443007507b8d2e2ea870060397833a500615e3e35ce6358bbe17cdf,4
ort_python,3,111,29.1612,1,1,0,c5ef909be6cda03f0f87a7354355468944e7f8840d5d2d83c344fdbf4a5d3bf6,04d5fc3bd443007507b8d2e2ea870060397833a500615e3e35ce6358bbe17cdf,4
ort_python,3,112,33.1439,1,1,0,c5ef909be6cda03f0f87a7354355468944e7f8840d5d2d83c344fdbf4a5d3bf6,04d5fc3bd443007507b8d2e2ea870060397833a500615e3e35ce6358bbe17cdf,4
ort_python,3,113,30.8718,1,1,0,c5ef909be6cda03f0f87a7354355468944e7f8840d5d2d83c344fdbf4a5d3bf6,04d5fc3bd443007507b8d2e2ea870060397833a500615e3e35ce6358bbe17cdf,4
ort_python,3,114,31.0866,1,1,0,c5ef909be6cda03f0f87a7354355468944e7f8840d5d2d83c344fdbf4a5d3bf6,04d5fc3bd443007507b8d2e2ea870060397833a500615e3e35ce6358bbe17cdf,4
ort_python,3,115,32.8349,1,1,0,c5ef909be6cda03f0f87a7354355468944e7f8840d5d2d83c344fdbf4a5d3bf6,04d5fc3bd443007507b8d2e2ea870060397833a500615e3e35ce6358bbe17cdf,4
ort_python,3,116,30.8605,1,1,0,c5ef909be6cda03f0f87a7354355468944e7f8840d5d2d83c344fdbf4a5d3bf6,04d5fc3bd443007507b8d2e2ea870060397833a500615e3e35ce6358bbe17cdf,4
ort_python,3,117,30.9093,1,1,0,c5ef909be6cda03f0f87a7354355468944e7f8840d5d2d83c344fdbf4a5d3bf6,04d5fc3bd443007507b8d2e2ea870060397833a500615e3e35ce6358bbe17cdf,4
ort_python,3,118,30.4593,1,1,0,c5ef909be6cda03f0f87a7354355468944e7f8840d5d2d83c344fdbf4a5d3bf6,04d5fc3bd443007507b8d2e2ea870060397833a500615e3e35ce6358bbe17cdf,4
ort_python,3,119,32.481,1,1,0,c5ef909be6cda03f0f87a7354355468944e7f8840d5d2d83c344fdbf4a5d3bf6,04d5fc3bd443007507b8d2e2ea870060397833a500615e3e35ce6358bbe17cdf,4
ort_python,3,120,31.4418,1,1,0,c5ef909be6cda03f0f87a7354355468944e7f8840d5d2d83c344fdbf4a5d3bf6,04d5fc3bd443007507b8d2e2ea870060397833a500615e3e35ce6358bbe17cdf,4
ort_python,3,121,30.3742,1,1,0,c5ef909be6cda03f0f87a7354355468944e7f8840d5d2d83c344fdbf4a5d3bf6,04d5fc3bd443007507b8d2e2ea870060397833a500615e3e35ce6358bbe17cdf,4
ort_python,3,122,34.3926,1,1,0,c5ef909be6cda03f0f87a7354355468944e7f8840d5d2d83c344fdbf4a5d3bf6,04d5fc3bd443007507b8d2e2ea870060397833a500615e3e35ce6358bbe17cdf,4
ort_python,3,123,30.8622,1,1,0,c5ef909be6cda03f0f87a7354355468944e7f8840d5d2d83c344fdbf4a5d3bf6,04d5fc3bd443007507b8d2e2ea870060397833a500615e3e35ce6358bbe17cdf,4
ort_python,3,124,33.962,1,1,0,c5ef909be6cda03f0f87a7354355468944e7f8840d5d2d83c344fdbf4a5d3bf6,04d5fc3bd443007507b8d2e2ea870060397833a500615e3e35ce6358bbe17cdf,4
ort_python,3,125,32.7497,1,1,0,c5ef909be6cda03f0f87a7354355468944e7f8840d5d2d83c344fdbf4a5d3bf6,04d5fc3bd443007507b8d2e2ea870060397833a500615e3e35ce6358bbe17cdf,4
ort_python,3,126,29.2031,1,1,0,c5ef909be6cda03f0f87a7354355468944e7f8840d5d2d83c344fdbf4a5d3bf6,04d5fc3bd443007507b8d2e2ea870060397833a500615e3e35ce6358bbe17cdf,4
ort_python,3,127,32.1905,1,1,0,c5ef909be6cda03f0f87a7354355468944e7f8840d5d2d83c344fdbf4a5d3bf6,04d5fc3bd443007507b8d2e2ea870060397833a500615e3e35ce6358bbe17cdf,4
ort_python,3,128,33.0465,1,1,0,c5ef909be6cda03f0f87a7354355468944e7f8840d5d2d83c344fdbf4a5d3bf6,04d5fc3bd443007507b8d2e2ea870060397833a500615e3e35ce6358bbe17cdf,4
ort_python,3,129,33.1084,1,1,0,c5ef909be6cda03f0f87a7354355468944e7f8840d5d2d83c344fdbf4a5d3bf6,04d5fc3bd443007507b8d2e2ea870060397833a500615e3e35ce6358bbe17cdf,4
ort_python,3,130,31.7517,1,1,0,c5ef909be6cda03f0f87a7354355468944e7f8840d5d2d83c344fdbf4a5d3bf6,04d5fc3bd443007507b8d2e2ea870060397833a500615e3e35ce6358bbe17cdf,4
ort_python,3,131,34.3601,1,1,0,c5ef909be6cda03f0f87a7354355468944e7f8840d5d2d83c344fdbf4a5d3bf6,04d5fc3bd443007507b8d2e2ea870060397833a500615e3e35ce6358bbe17cdf,4
ort_python,3,132,31.3989,1,1,0,c5ef909be6cda03f0f87a7354355468944e7f8840d5d2d83c344fdbf4a5d3bf6,04d5fc3bd443007507b8d2e2ea870060397833a500615e3e35ce6358bbe17cdf,4
ort_python,3,133,31.5573,1,1,0,c5ef909be6cda03f0f87a7354355468944e7f8840d5d2d83c344fdbf4a5d3bf6,04d5fc3bd443007507b8d2e2ea870060397833a500615e3e35ce6358bbe17cdf,4
ort_python,3,134,36.0965,1,1,0,c5ef909be6cda03f0f87a7354355468944e7f8840d5d2d83c344fdbf4a5d3bf6,04d5fc3bd443007507b8d2e2ea870060397833a500615e3e35ce6358bbe17cdf,4
ort_python,3,135,33.1037,1,1,0,c5ef909be6cda03f0f87a7354355468944e7f8840d5d2d83c344fdbf4a5d3bf6,04d5fc3bd443007507b8d2e2ea870060397833a500615e3e35ce6358bbe17cdf,4
ort_python,3,136,32.4611,1,1,0,c5ef909be6cda03f0f87a7354355468944e7f8840d5d2d83c344fdbf4a5d3bf6,04d5fc3bd443007507b8d2e2ea870060397833a500615e3e35ce6358bbe17cdf,4
ort_python,3,137,30.8304,1,1,0,c5ef909be6cda03f0f87a7354355468944e7f8840d5d2d83c344fdbf4a5d3bf6,04d5fc3bd443007507b8d2e2ea870060397833a500615e3e35ce6358bbe17cdf,4
ort_python,3,138,33.7714,1,1,0,c5ef909be6cda03f0f87a7354355468944e7f8840d5d2d83c344fdbf4a5d3bf6,04d5fc3bd443007507b8d2e2ea870060397833a500615e3e35ce6358bbe17cdf,4
ort_python,3,139,31.6948,1,1,0,c5ef909be6cda03f0f87a7354355468944e7f8840d5d2d83c344fdbf4a5d3bf6,04d5fc3bd443007507b8d2e2ea870060397833a500615e3e35ce6358bbe17cdf,4
ort_python,3,140,31.3143,1,1,0,c5ef909be6cda03f0f87a7354355468944e7f8840d5d2d83c344fdbf4a5d3bf6,04d5fc3bd443007507b8d2e2ea870060397833a500615e3e35ce6358bbe17cdf,4
ort_python,3,141,32.3544,1,1,0,c5ef909be6cda03f0f87a7354355468944e7f8840d5d2d83c344fdbf4a5d3bf6,04d5fc3bd443007507b8d2e2ea870060397833a500615e3e35ce6358bbe17cdf,4
ort_python,3,142,31.8901,1,1,0,c5ef909be6cda03f0f87a7354355468944e7f8840d5d2d83c344fdbf4a5d3bf6,04d5fc3bd443007507b8d2e2ea870060397833a500615e3e35ce6358bbe17cdf,4
ort_python,3,143,31.7605,1,1,0,c5ef909be6cda03f0f87a7354355468944e7f8840d5d2d83c344fdbf4a5d3bf6,04d5fc3bd443007507b8d2e2ea870060397833a500615e3e35ce6358bbe17cdf,4
ort_python,3,144,33.2812,1,1,0,c5ef909be6cda03f0f87a7354355468944e7f8840d5d2d83c344fdbf4a5d3bf6,04d5fc3bd443007507b8d2e2ea870060397833a500615e3e35ce6358bbe17cdf,4
ort_python,3,145,31.4182,1,1,0,c5ef909be6cda03f0f87a7354355468944e7f8840d5d2d83c344fdbf4a5d3bf6,04d5fc3bd443007507b8d2e2ea870060397833a500615e3e35ce6358bbe17cdf,4
ort_python,3,146,29.7282,1,1,0,c5ef909be6cda03f0f87a7354355468944e7f8840d5d2d83c344fdbf4a5d3bf6,04d5fc3bd443007507b8d2e2ea870060397833a500615e3e35ce6358bbe17cdf,4
ort_python,3,147,34.726,1,1,0,c5ef909be6cda03f0f87a7354355468944e7f8840d5d2d83c344fdbf4a5d3bf6,04d5fc3bd443007507b8d2e2ea870060397833a500615e3e35ce6358bbe17cdf,4
ort_python,3,148,30.3706,1,1,0,c5ef909be6cda03f0f87a7354355468944e7f8840d5d2d83c344fdbf4a5d3bf6,04d5fc3bd443007507b8d2e2ea870060397833a500615e3e35ce6358bbe17cdf,4
ort_python,3,149,29.3549,1,1,0,c5ef909be6cda03f0f87a7354355468944e7f8840d5d2d83c344fdbf4a5d3bf6,04d5fc3bd443007507b8d2e2ea870060397833a500615e3e35ce6358bbe17cdf,4
ort_python,3,150,37.7494,1,1,0,c5ef909be6cda03f0f87a7354355468944e7f8840d5d2d83c344fdbf4a5d3bf6,04d5fc3bd443007507b8d2e2ea870060397833a500615e3e35ce6358bbe17cdf,4
ort_python,3,151,31.4176,1,1,0,c5ef909be6cda03f0f87a7354355468944e7f8840d5d2d83c344fdbf4a5d3bf6,04d5fc3bd443007507b8d2e2ea870060397833a500615e3e35ce6358bbe17cdf,4
ort_python,3,152,32.1215,1,1,0,c5ef909be6cda03f0f87a7354355468944e7f8840d5d2d83c344fdbf4a5d3bf6,04d5fc3bd443007507b8d2e2ea870060397833a500615e3e35ce6358bbe17cdf,4
ort_python,3,153,39.2679,1,1,0,c5ef909be6cda03f0f87a7354355468944e7f8840d5d2d83c344fdbf4a5d3bf6,04d5fc3bd443007507b8d2e2ea870060397833a500615e3e35ce6358bbe17cdf,4
ort_python,3,154,32.2953,1,1,0,c5ef909be6cda03f0f87a7354355468944e7f8840d5d2d83c344fdbf4a5d3bf6,04d5fc3bd443007507b8d2e2ea870060397833a500615e3e35ce6358bbe17cdf,4
ort_python,3,155,33.493,1,1,0,c5ef909be6cda03f0f87a7354355468944e7f8840d5d2d83c344fdbf4a5d3bf6,04d5fc3bd443007507b8d2e2ea870060397833a500615e3e35ce6358bbe17cdf,4
ort_python,3,156,32.6832,1,1,0,c5ef909be6cda03f0f87a7354355468944e7f8840d5d2d83c344fdbf4a5d3bf6,04d5fc3bd443007507b8d2e2ea870060397833a500615e3e35ce6358bbe17cdf,4
ort_python,3,157,32.7648,1,1,0,c5ef909be6cda03f0f87a7354355468944e7f8840d5d2d83c344fdbf4a5d3bf6,04d5fc3bd443007507b8d2e2ea870060397833a500615e3e35ce6358bbe17cdf,4
ort_python,3,158,33.7574,1,1,0,c5ef909be6cda03f0f87a7354355468944e7f8840d5d2d83c344fdbf4a5d3bf6,04d5fc3bd443007507b8d2e2ea870060397833a500615e3e35ce6358bbe17cdf,4
ort_python,3,159,29.2994,1,1,0,c5ef909be6cda03f0f87a7354355468944e7f8840d5d2d83c344fdbf4a5d3bf6,04d5fc3bd443007507b8d2e2ea870060397833a500615e3e35ce6358bbe17cdf,4
ort_python,3,160,31.6908,1,1,0,c5ef909be6cda03f0f87a7354355468944e7f8840d5d2d83c344fdbf4a5d3bf6,04d5fc3bd443007507b8d2e2ea870060397833a500615e3e35ce6358bbe17cdf,4
ort_python,3,161,29.9381,1,1,0,c5ef909be6cda03f0f87a7354355468944e7f8840d5d2d83c344fdbf4a5d3bf6,04d5fc3bd443007507b8d2e2ea870060397833a500615e3e35ce6358bbe17cdf,4
ort_python,3,162,29.333,1,1,0,c5ef909be6cda03f0f87a7354355468944e7f8840d5d2d83c344fdbf4a5d3bf6,04d5fc3bd443007507b8d2e2ea870060397833a500615e3e35ce6358bbe17cdf,4
ort_python,3,163,31.7269,1,1,0,c5ef909be6cda03f0f87a7354355468944e7f8840d5d2d83c344fdbf4a5d3bf6,04d5fc3bd443007507b8d2e2ea870060397833a500615e3e35ce6358bbe17cdf,4
ort_python,3,164,29.6455,1,1,0,c5ef909be6cda03f0f87a7354355468944e7f8840d5d2d83c344fdbf4a5d3bf6,04d5fc3bd443007507b8d2e2ea870060397833a500615e3e35ce6358bbe17cdf,4
ort_python,3,165,29.4344,1,1,0,c5ef909be6cda03f0f87a7354355468944e7f8840d5d2d83c344fdbf4a5d3bf6,04d5fc3bd443007507b8d2e2ea870060397833a500615e3e35ce6358bbe17cdf,4
ort_python,3,166,32.4665,1,1,0,c5ef909be6cda03f0f87a7354355468944e7f8840d5d2d83c344fdbf4a5d3bf6,04d5fc3bd443007507b8d2e2ea870060397833a500615e3e35ce6358bbe17cdf,4
ort_python,3,167,30.6821,1,1,0,c5ef909be6cda03f0f87a7354355468944e7f8840d5d2d83c344fdbf4a5d3bf6,04d5fc3bd443007507b8d2e2ea870060397833a500615e3e35ce6358bbe17cdf,4
ort_python,3,168,29.1809,1,1,0,c5ef909be6cda03f0f87a7354355468944e7f8840d5d2d83c344fdbf4a5d3bf6,04d5fc3bd443007507b8d2e2ea870060397833a500615e3e35ce6358bbe17cdf,4
ort_python,3,169,28.8654,1,1,0,c5ef909be6cda03f0f87a7354355468944e7f8840d5d2d83c344fdbf4a5d3bf6,04d5fc3bd443007507b8d2e2ea870060397833a500615e3e35ce6358bbe17cdf,4
ort_python,3,170,32.0145,1,1,0,c5ef909be6cda03f0f87a7354355468944e7f8840d5d2d83c344fdbf4a5d3bf6,04d5fc3bd443007507b8d2e2ea870060397833a500615e3e35ce6358bbe17cdf,4
ort_python,3,171,29.045,1,1,0,c5ef909be6cda03f0f87a7354355468944e7f8840d5d2d83c344fdbf4a5d3bf6,04d5fc3bd443007507b8d2e2ea870060397833a500615e3e35ce6358bbe17cdf,4
ort_python,3,172,29.055,1,1,0,c5ef909be6cda03f0f87a7354355468944e7f8840d5d2d83c344fdbf4a5d3bf6,04d5fc3bd443007507b8d2e2ea870060397833a500615e3e35ce6358bbe17cdf,4
ort_python,3,173,30.604,1,1,0,c5ef909be6cda03f0f87a7354355468944e7f8840d5d2d83c344fdbf4a5d3bf6,04d5fc3bd443007507b8d2e2ea870060397833a500615e3e35ce6358bbe17cdf,4
ort_python,3,174,29.7834,1,1,0,c5ef909be6cda03f0f87a7354355468944e7f8840d5d2d83c344fdbf4a5d3bf6,04d5fc3bd443007507b8d2e2ea870060397833a500615e3e35ce6358bbe17cdf,4
ort_python,3,175,28.9908,1,1,0,c5ef909be6cda03f0f87a7354355468944e7f8840d5d2d83c344fdbf4a5d3bf6,04d5fc3bd443007507b8d2e2ea870060397833a500615e3e35ce6358bbe17cdf,4
ort_python,3,176,29.3516,1,1,0,c5ef909be6cda03f0f87a7354355468944e7f8840d5d2d83c344fdbf4a5d3bf6,04d5fc3bd443007507b8d2e2ea870060397833a500615e3e35ce6358bbe17cdf,4
ort_python,3,177,31.8138,1,1,0,c5ef909be6cda03f0f87a7354355468944e7f8840d5d2d83c344fdbf4a5d3bf6,04d5fc3bd443007507b8d2e2ea870060397833a500615e3e35ce6358bbe17cdf,4
ort_python,3,178,29.0559,1,1,0,c5ef909be6cda03f0f87a7354355468944e7f8840d5d2d83c344fdbf4a5d3bf6,04d5fc3bd443007507b8d2e2ea870060397833a500615e3e35ce6358bbe17cdf,4
ort_python,3,179,29.3284,1,1,0,c5ef909be6cda03f0f87a7354355468944e7f8840d5d2d83c344fdbf4a5d3bf6,04d5fc3bd443007507b8d2e2ea870060397833a500615e3e35ce6358bbe17cdf,4
ort_python,3,180,31.4128,1,1,0,c5ef909be6cda03f0f87a7354355468944e7f8840d5d2d83c344fdbf4a5d3bf6,04d5fc3bd443007507b8d2e2ea870060397833a500615e3e35ce6358bbe17cdf,4
ort_python,3,181,30.8178,1,1,0,c5ef909be6cda03f0f87a7354355468944e7f8840d5d2d83c344fdbf4a5d3bf6,04d5fc3bd443007507b8d2e2ea870060397833a500615e3e35ce6358bbe17cdf,4
ort_python,3,182,28.8959,1,1,0,c5ef909be6cda03f0f87a7354355468944e7f8840d5d2d83c344fdbf4a5d3bf6,04d5fc3bd443007507b8d2e2ea870060397833a500615e3e35ce6358bbe17cdf,4
ort_python,3,183,31.3664,1,1,0,c5ef909be6cda03f0f87a7354355468944e7f8840d5d2d83c344fdbf4a5d3bf6,04d5fc3bd443007507b8d2e2ea870060397833a500615e3e35ce6358bbe17cdf,4
ort_python,3,184,29.1006,1,1,0,c5ef909be6cda03f0f87a7354355468944e7f8840d5d2d83c344fdbf4a5d3bf6,04d5fc3bd443007507b8d2e2ea870060397833a500615e3e35ce6358bbe17cdf,4
ort_python,3,185,29.5645,1,1,0,c5ef909be6cda03f0f87a7354355468944e7f8840d5d2d83c344fdbf4a5d3bf6,04d5fc3bd443007507b8d2e2ea870060397833a500615e3e35ce6358bbe17cdf,4
ort_python,3,186,31.029,1,1,0,c5ef909be6cda03f0f87a7354355468944e7f8840d5d2d83c344fdbf4a5d3bf6,04d5fc3bd443007507b8d2e2ea870060397833a500615e3e35ce6358bbe17cdf,4
ort_python,3,187,31.6263,1,1,0,c5ef909be6cda03f0f87a7354355468944e7f8840d5d2d83c344fdbf4a5d3bf6,04d5fc3bd443007507b8d2e2ea870060397833a500615e3e35ce6358bbe17cdf,4
ort_python,3,188,29.4692,1,1,0,c5ef909be6cda03f0f87a7354355468944e7f8840d5d2d83c344fdbf4a5d3bf6,04d5fc3bd443007507b8d2e2ea870060397833a500615e3e35ce6358bbe17cdf,4
ort_python,3,189,30.4196,1,1,0,c5ef909be6cda03f0f87a7354355468944e7f8840d5d2d83c344fdbf4a5d3bf6,04d5fc3bd443007507b8d2e2ea870060397833a500615e3e35ce6358bbe17cdf,4
ort_python,3,190,30.9735,1,1,0,c5ef909be6cda03f0f87a7354355468944e7f8840d5d2d83c344fdbf4a5d3bf6,04d5fc3bd443007507b8d2e2ea870060397833a500615e3e35ce6358bbe17cdf,4
ort_python,3,191,28.7372,1,1,0,c5ef909be6cda03f0f87a7354355468944e7f8840d5d2d83c344fdbf4a5d3bf6,04d5fc3bd443007507b8d2e2ea870060397833a500615e3e35ce6358bbe17cdf,4
ort_python,3,192,30.1223,1,1,0,c5ef909be6cda03f0f87a7354355468944e7f8840d5d2d83c344fdbf4a5d3bf6,04d5fc3bd443007507b8d2e2ea870060397833a500615e3e35ce6358bbe17cdf,4
ort_python,3,193,29.328,1,1,0,c5ef909be6cda03f0f87a7354355468944e7f8840d5d2d83c344fdbf4a5d3bf6,04d5fc3bd443007507b8d2e2ea870060397833a500615e3e35ce6358bbe17cdf,4
ort_python,3,194,31.9718,1,1,0,c5ef909be6cda03f0f87a7354355468944e7f8840d5d2d83c344fdbf4a5d3bf6,04d5fc3bd443007507b8d2e2ea870060397833a500615e3e35ce6358bbe17cdf,4
ort_python,3,195,28.9721,1,1,0,c5ef909be6cda03f0f87a7354355468944e7f8840d5d2d83c344fdbf4a5d3bf6,04d5fc3bd443007507b8d2e2ea870060397833a500615e3e35ce6358bbe17cdf,4
ort_python,3,196,29.6911,1,1,0,c5ef909be6cda03f0f87a7354355468944e7f8840d5d2d83c344fdbf4a5d3bf6,04d5fc3bd443007507b8d2e2ea870060397833a500615e3e35ce6358bbe17cdf,4
ort_python,3,197,32.1966,1,1,0,c5ef909be6cda03f0f87a7354355468944e7f8840d5d2d83c344fdbf4a5d3bf6,04d5fc3bd443007507b8d2e2ea870060397833a500615e3e35ce6358bbe17cdf,4
ort_python,3,198,31.2346,1,1,0,c5ef909be6cda03f0f87a7354355468944e7f8840d5d2d83c344fdbf4a5d3bf6,04d5fc3bd443007507b8d2e2ea870060397833a500615e3e35ce6358bbe17cdf,4
ort_python,3,199,28.2215,1,1,0,c5ef909be6cda03f0f87a7354355468944e7f8840d5d2d83c344fdbf4a5d3bf6,04d5fc3bd443007507b8d2e2ea870060397833a500615e3e35ce6358bbe17cdf,4
ort_python,3,200,31.6627,1,1,0,c5ef909be6cda03f0f87a7354355468944e7f8840d5d2d83c344fdbf4a5d3bf6,04d5fc3bd443007507b8d2e2ea870060397833a500615e3e35ce6358bbe17cdf,4
ort_python,3,201,29.7165,1,1,0,c5ef909be6cda03f0f87a7354355468944e7f8840d5d2d83c344fdbf4a5d3bf6,04d5fc3bd443007507b8d2e2ea870060397833a500615e3e35ce6358bbe17cdf,4
ort_python,3,202,29.4474,1,1,0,c5ef909be6cda03f0f87a7354355468944e7f8840d5d2d83c344fdbf4a5d3bf6,04d5fc3bd443007507b8d2e2ea870060397833a500615e3e35ce6358bbe17cdf,4
ort_python,3,203,29.5032,1,1,0,c5ef909be6cda03f0f87a7354355468944e7f8840d5d2d83c344fdbf4a5d3bf6,04d5fc3bd443007507b8d2e2ea870060397833a500615e3e35ce6358bbe17cdf,4
ort_python,3,204,30.7116,1,1,0,c5ef909be6cda03f0f87a7354355468944e7f8840d5d2d83c344fdbf4a5d3bf6,04d5fc3bd443007507b8d2e2ea870060397833a500615e3e35ce6358bbe17cdf,4
ort_python,3,205,29.3408,1,1,0,c5ef909be6cda03f0f87a7354355468944e7f8840d5d2d83c344fdbf4a5d3bf6,04d5fc3bd443007507b8d2e2ea870060397833a500615e3e35ce6358bbe17cdf,4
ort_python,3,206,29.2408,1,1,0,c5ef909be6cda03f0f87a7354355468944e7f8840d5d2d83c344fdbf4a5d3bf6,04d5fc3bd443007507b8d2e2ea870060397833a500615e3e35ce6358bbe17cdf,4
ort_python,3,207,30.9834,1,1,0,c5ef909be6cda03f0f87a7354355468944e7f8840d5d2d83c344fdbf4a5d3bf6,04d5fc3bd443007507b8d2e2ea870060397833a500615e3e35ce6358bbe17cdf,4
ort_python,3,208,30.7324,1,1,0,c5ef909be6cda03f0f87a7354355468944e7f8840d5d2d83c344fdbf4a5d3bf6,04d5fc3bd443007507b8d2e2ea870060397833a500615e3e35ce6358bbe17cdf,4
ort_python,3,209,32.6266,1,1,0,c5ef909be6cda03f0f87a7354355468944e7f8840d5d2d83c344fdbf4a5d3bf6,04d5fc3bd443007507b8d2e2ea870060397833a500615e3e35ce6358bbe17cdf,4
ort_python,3,210,32.319,1,1,0,c5ef909be6cda03f0f87a7354355468944e7f8840d5d2d83c344fdbf4a5d3bf6,04d5fc3bd443007507b8d2e2ea870060397833a500615e3e35ce6358bbe17cdf,4
ort_python,3,211,28.8658,1,1,0,c5ef909be6cda03f0f87a7354355468944e7f8840d5d2d83c344fdbf4a5d3bf6,04d5fc3bd443007507b8d2e2ea870060397833a500615e3e35ce6358bbe17cdf,4
ort_python,3,212,29.7741,1,1,0,c5ef909be6cda03f0f87a7354355468944e7f8840d5d2d83c344fdbf4a5d3bf6,04d5fc3bd443007507b8d2e2ea870060397833a500615e3e35ce6358bbe17cdf,4
ort_python,3,213,29.7003,1,1,0,c5ef909be6cda03f0f87a7354355468944e7f8840d5d2d83c344fdbf4a5d3bf6,04d5fc3bd443007507b8d2e2ea870060397833a500615e3e35ce6358bbe17cdf,4
ort_python,3,214,32.3115,1,1,0,c5ef909be6cda03f0f87a7354355468944e7f8840d5d2d83c344fdbf4a5d3bf6,04d5fc3bd443007507b8d2e2ea870060397833a500615e3e35ce6358bbe17cdf,4
ort_python,3,215,29.4026,1,1,0,c5ef909be6cda03f0f87a7354355468944e7f8840d5d2d83c344fdbf4a5d3bf6,04d5fc3bd443007507b8d2e2ea870060397833a500615e3e35ce6358bbe17cdf,4
ort_python,3,216,28.1305,1,1,0,c5ef909be6cda03f0f87a7354355468944e7f8840d5d2d83c344fdbf4a5d3bf6,04d5fc3bd443007507b8d2e2ea870060397833a500615e3e35ce6358bbe17cdf,4
ort_python,3,217,31.4866,1,1,0,c5ef909be6cda03f0f87a7354355468944e7f8840d5d2d83c344fdbf4a5d3bf6,04d5fc3bd443007507b8d2e2ea870060397833a500615e3e35ce6358bbe17cdf,4
ort_python,3,218,29.2575,1,1,0,c5ef909be6cda03f0f87a7354355468944e7f8840d5d2d83c344fdbf4a5d3bf6,04d5fc3bd443007507b8d2e2ea870060397833a500615e3e35ce6358bbe17cdf,4
ort_python,3,219,28.4296,1,1,0,c5ef909be6cda03f0f87a7354355468944e7f8840d5d2d83c344fdbf4a5d3bf6,04d5fc3bd443007507b8d2e2ea870060397833a500615e3e35ce6358bbe17cdf,4
ort_python,3,220,27.8624,1,1,0,c5ef909be6cda03f0f87a7354355468944e7f8840d5d2d83c344fdbf4a5d3bf6,04d5fc3bd443007507b8d2e2ea870060397833a500615e3e35ce6358bbe17cdf,4
ort_python,3,221,30.9046,1,1,0,c5ef909be6cda03f0f87a7354355468944e7f8840d5d2d83c344fdbf4a5d3bf6,04d5fc3bd443007507b8d2e2ea870060397833a500615e3e35ce6358bbe17cdf,4
ort_python,3,222,29.857,1,1,0,c5ef909be6cda03f0f87a7354355468944e7f8840d5d2d83c344fdbf4a5d3bf6,04d5fc3bd443007507b8d2e2ea870060397833a500615e3e35ce6358bbe17cdf,4
ort_python,3,223,29.9048,1,1,0,c5ef909be6cda03f0f87a7354355468944e7f8840d5d2d83c344fdbf4a5d3bf6,04d5fc3bd443007507b8d2e2ea870060397833a500615e3e35ce6358bbe17cdf,4
ort_python,3,224,31.7261,1,1,0,c5ef909be6cda03f0f87a7354355468944e7f8840d5d2d83c344fdbf4a5d3bf6,04d5fc3bd443007507b8d2e2ea870060397833a500615e3e35ce6358bbe17cdf,4
ort_python,3,225,28.8994,1,1,0,c5ef909be6cda03f0f87a7354355468944e7f8840d5d2d83c344fdbf4a5d3bf6,04d5fc3bd443007507b8d2e2ea870060397833a500615e3e35ce6358bbe17cdf,4
ort_python,3,226,29.4764,1,1,0,c5ef909be6cda03f0f87a7354355468944e7f8840d5d2d83c344fdbf4a5d3bf6,04d5fc3bd443007507b8d2e2ea870060397833a500615e3e35ce6358bbe17cdf,4
ort_python,3,227,33.9507,1,1,0,c5ef909be6cda03f0f87a7354355468944e7f8840d5d2d83c344fdbf4a5d3bf6,04d5fc3bd443007507b8d2e2ea870060397833a500615e3e35ce6358bbe17cdf,4
ort_python,3,228,28.4874,1,1,0,c5ef909be6cda03f0f87a7354355468944e7f8840d5d2d83c344fdbf4a5d3bf6,04d5fc3bd443007507b8d2e2ea870060397833a500615e3e35ce6358bbe17cdf,4
ort_python,3,229,28.9502,1,1,0,c5ef909be6cda03f0f87a7354355468944e7f8840d5d2d83c344fdbf4a5d3bf6,04d5fc3bd443007507b8d2e2ea870060397833a500615e3e35ce6358bbe17cdf,4
ort_python,3,230,29.2544,1,1,0,c5ef909be6cda03f0f87a7354355468944e7f8840d5d2d83c344fdbf4a5d3bf6,04d5fc3bd443007507b8d2e2ea870060397833a500615e3e35ce6358bbe17cdf,4
ort_python,3,231,30.7914,1,1,0,c5ef909be6cda03f0f87a7354355468944e7f8840d5d2d83c344fdbf4a5d3bf6,04d5fc3bd443007507b8d2e2ea870060397833a500615e3e35ce6358bbe17cdf,4
ort_python,3,232,29.3378,1,1,0,c5ef909be6cda03f0f87a7354355468944e7f8840d5d2d83c344fdbf4a5d3bf6,04d5fc3bd443007507b8d2e2ea870060397833a500615e3e35ce6358bbe17cdf,4
ort_python,3,233,29.0439,1,1,0,c5ef909be6cda03f0f87a7354355468944e7f8840d5d2d83c344fdbf4a5d3bf6,04d5fc3bd443007507b8d2e2ea870060397833a500615e3e35ce6358bbe17cdf,4
ort_python,3,234,32.8588,1,1,0,c5ef909be6cda03f0f87a7354355468944e7f8840d5d2d83c344fdbf4a5d3bf6,04d5fc3bd443007507b8d2e2ea870060397833a500615e3e35ce6358bbe17cdf,4
ort_python,3,235,30.8209,1,1,0,c5ef909be6cda03f0f87a7354355468944e7f8840d5d2d83c344fdbf4a5d3bf6,04d5fc3bd443007507b8d2e2ea870060397833a500615e3e35ce6358bbe17cdf,4
ort_python,3,236,27.6531,1,1,0,c5ef909be6cda03f0f87a7354355468944e7f8840d5d2d83c344fdbf4a5d3bf6,04d5fc3bd443007507b8d2e2ea870060397833a500615e3e35ce6358bbe17cdf,4
ort_python,3,237,29.7222,1,1,0,c5ef909be6cda03f0f87a7354355468944e7f8840d5d2d83c344fdbf4a5d3bf6,04d5fc3bd443007507b8d2e2ea870060397833a500615e3e35ce6358bbe17cdf,4
ort_python,3,238,32.2225,1,1,0,c5ef909be6cda03f0f87a7354355468944e7f8840d5d2d83c344fdbf4a5d3bf6,04d5fc3bd443007507b8d2e2ea870060397833a500615e3e35ce6358bbe17cdf,4
ort_python,3,239,31.1669,1,1,0,c5ef909be6cda03f0f87a7354355468944e7f8840d5d2d83c344fdbf4a5d3bf6,04d5fc3bd443007507b8d2e2ea870060397833a500615e3e35ce6358bbe17cdf,4
ort_python,3,240,29.7151,1,1,0,c5ef909be6cda03f0f87a7354355468944e7f8840d5d2d83c344fdbf4a5d3bf6,04d5fc3bd443007507b8d2e2ea870060397833a500615e3e35ce6358bbe17cdf,4
ort_python,3,241,30.4487,1,1,0,c5ef909be6cda03f0f87a7354355468944e7f8840d5d2d83c344fdbf4a5d3bf6,04d5fc3bd443007507b8d2e2ea870060397833a500615e3e35ce6358bbe17cdf,4
ort_python,3,242,30.0033,1,1,0,c5ef909be6cda03f0f87a7354355468944e7f8840d5d2d83c344fdbf4a5d3bf6,04d5fc3bd443007507b8d2e2ea870060397833a500615e3e35ce6358bbe17cdf,4
ort_python,3,243,32.0632,1,1,0,c5ef909be6cda03f0f87a7354355468944e7f8840d5d2d83c344fdbf4a5d3bf6,04d5fc3bd443007507b8d2e2ea870060397833a500615e3e35ce6358bbe17cdf,4
ort_python,3,244,30.552,1,1,0,c5ef909be6cda03f0f87a7354355468944e7f8840d5d2d83c344fdbf4a5d3bf6,04d5fc3bd443007507b8d2e2ea870060397833a500615e3e35ce6358bbe17cdf,4
ort_python,3,245,29.2472,1,1,0,c5ef909be6cda03f0f87a7354355468944e7f8840d5d2d83c344fdbf4a5d3bf6,04d5fc3bd443007507b8d2e2ea870060397833a500615e3e35ce6358bbe17cdf,4
ort_python,3,246,28.9466,1,1,0,c5ef909be6cda03f0f87a7354355468944e7f8840d5d2d83c344fdbf4a5d3bf6,04d5fc3bd443007507b8d2e2ea870060397833a500615e3e35ce6358bbe17cdf,4
ort_python,3,247,29.6937,1,1,0,c5ef909be6cda03f0f87a7354355468944e7f8840d5d2d83c344fdbf4a5d3bf6,04d5fc3bd443007507b8d2e2ea870060397833a500615e3e35ce6358bbe17cdf,4
ort_python,3,248,30.4147,1,1,0,c5ef909be6cda03f0f87a7354355468944e7f8840d5d2d83c344fdbf4a5d3bf6,04d5fc3bd443007507b8d2e2ea870060397833a500615e3e35ce6358bbe17cdf,4
ort_python,3,249,30.4499,1,1,0,c5ef909be6cda03f0f87a7354355468944e7f8840d5d2d83c344fdbf4a5d3bf6,04d5fc3bd443007507b8d2e2ea870060397833a500615e3e35ce6358bbe17cdf,4
ort_python,3,250,30.0837,1,1,0,c5ef909be6cda03f0f87a7354355468944e7f8840d5d2d83c344fdbf4a5d3bf6,04d5fc3bd443007507b8d2e2ea870060397833a500615e3e35ce6358bbe17cdf,4
ort_python,3,251,32.1388,1,1,0,c5ef909be6cda03f0f87a7354355468944e7f8840d5d2d83c344fdbf4a5d3bf6,04d5fc3bd443007507b8d2e2ea870060397833a500615e3e35ce6358bbe17cdf,4
ort_python,3,252,29.0296,1,1,0,c5ef909be6cda03f0f87a7354355468944e7f8840d5d2d83c344fdbf4a5d3bf6,04d5fc3bd443007507b8d2e2ea870060397833a500615e3e35ce6358bbe17cdf,4
ort_python,3,253,29.4777,1,1,0,c5ef909be6cda03f0f87a7354355468944e7f8840d5d2d83c344fdbf4a5d3bf6,04d5fc3bd443007507b8d2e2ea870060397833a500615e3e35ce6358bbe17cdf,4
ort_python,3,254,32.719,1,1,0,c5ef909be6cda03f0f87a7354355468944e7f8840d5d2d83c344fdbf4a5d3bf6,04d5fc3bd443007507b8d2e2ea870060397833a500615e3e35ce6358bbe17cdf,4
ort_python,3,255,28.6777,1,1,0,c5ef909be6cda03f0f87a7354355468944e7f8840d5d2d83c344fdbf4a5d3bf6,04d5fc3bd443007507b8d2e2ea870060397833a500615e3e35ce6358bbe17cdf,4
ort_python,3,256,29.4114,1,1,0,c5ef909be6cda03f0f87a7354355468944e7f8840d5d2d83c344fdbf4a5d3bf6,04d5fc3bd443007507b8d2e2ea870060397833a500615e3e35ce6358bbe17cdf,4
ort_python,3,257,29.6065,1,1,0,c5ef909be6cda03f0f87a7354355468944e7f8840d5d2d83c344fdbf4a5d3bf6,04d5fc3bd443007507b8d2e2ea870060397833a500615e3e35ce6358bbe17cdf,4
ort_python,3,258,31.6971,1,1,0,c5ef909be6cda03f0f87a7354355468944e7f8840d5d2d83c344fdbf4a5d3bf6,04d5fc3bd443007507b8d2e2ea870060397833a500615e3e35ce6358bbe17cdf,4
ort_python,3,259,29.1755,1,1,0,c5ef909be6cda03f0f87a7354355468944e7f8840d5d2d83c344fdbf4a5d3bf6,04d5fc3bd443007507b8d2e2ea870060397833a500615e3e35ce6358bbe17cdf,4
ort_python,3,260,28.4469,1,1,0,c5ef909be6cda03f0f87a7354355468944e7f8840d5d2d83c344fdbf4a5d3bf6,04d5fc3bd443007507b8d2e2ea870060397833a500615e3e35ce6358bbe17cdf,4
ort_python,3,261,32.1614,1,1,0,c5ef909be6cda03f0f87a7354355468944e7f8840d5d2d83c344fdbf4a5d3bf6,04d5fc3bd443007507b8d2e2ea870060397833a500615e3e35ce6358bbe17cdf,4
ort_python,3,262,29.2316,1,1,0,c5ef909be6cda03f0f87a7354355468944e7f8840d5d2d83c344fdbf4a5d3bf6,04d5fc3bd443007507b8d2e2ea870060397833a500615e3e35ce6358bbe17cdf,4
ort_python,3,263,34.3204,1,1,0,c5ef909be6cda03f0f87a7354355468944e7f8840d5d2d83c344fdbf4a5d3bf6,04d5fc3bd443007507b8d2e2ea870060397833a500615e3e35ce6358bbe17cdf,4
ort_python,3,264,29.7716,1,1,0,c5ef909be6cda03f0f87a7354355468944e7f8840d5d2d83c344fdbf4a5d3bf6,04d5fc3bd443007507b8d2e2ea870060397833a500615e3e35ce6358bbe17cdf,4
ort_python,3,265,31.7738,1,1,0,c5ef909be6cda03f0f87a7354355468944e7f8840d5d2d83c344fdbf4a5d3bf6,04d5fc3bd443007507b8d2e2ea870060397833a500615e3e35ce6358bbe17cdf,4
ort_python,3,266,28.9698,1,1,0,c5ef909be6cda03f0f87a7354355468944e7f8840d5d2d83c344fdbf4a5d3bf6,04d5fc3bd443007507b8d2e2ea870060397833a500615e3e35ce6358bbe17cdf,4
ort_python,3,267,28.8529,1,1,0,c5ef909be6cda03f0f87a7354355468944e7f8840d5d2d83c344fdbf4a5d3bf6,04d5fc3bd443007507b8d2e2ea870060397833a500615e3e35ce6358bbe17cdf,4
ort_python,3,268,31.0352,1,1,0,c5ef909be6cda03f0f87a7354355468944e7f8840d5d2d83c344fdbf4a5d3bf6,04d5fc3bd443007507b8d2e2ea870060397833a500615e3e35ce6358bbe17cdf,4
ort_python,3,269,28.6513,1,1,0,c5ef909be6cda03f0f87a7354355468944e7f8840d5d2d83c344fdbf4a5d3bf6,04d5fc3bd443007507b8d2e2ea870060397833a500615e3e35ce6358bbe17cdf,4
ort_python,3,270,29.1487,1,1,0,c5ef909be6cda03f0f87a7354355468944e7f8840d5d2d83c344fdbf4a5d3bf6,04d5fc3bd443007507b8d2e2ea870060397833a500615e3e35ce6358bbe17cdf,4
ort_python,3,271,30.9383,1,1,0,c5ef909be6cda03f0f87a7354355468944e7f8840d5d2d83c344fdbf4a5d3bf6,04d5fc3bd443007507b8d2e2ea870060397833a500615e3e35ce6358bbe17cdf,4
ort_python,3,272,28.9814,1,1,0,c5ef909be6cda03f0f87a7354355468944e7f8840d5d2d83c344fdbf4a5d3bf6,04d5fc3bd443007507b8d2e2ea870060397833a500615e3e35ce6358bbe17cdf,4
ort_python,3,273,28.3375,1,1,0,c5ef909be6cda03f0f87a7354355468944e7f8840d5d2d83c344fdbf4a5d3bf6,04d5fc3bd443007507b8d2e2ea870060397833a500615e3e35ce6358bbe17cdf,4
ort_python,3,274,28.9973,1,1,0,c5ef909be6cda03f0f87a7354355468944e7f8840d5d2d83c344fdbf4a5d3bf6,04d5fc3bd443007507b8d2e2ea870060397833a500615e3e35ce6358bbe17cdf,4
ort_python,3,275,31.2419,1,1,0,c5ef909be6cda03f0f87a7354355468944e7f8840d5d2d83c344fdbf4a5d3bf6,04d5fc3bd443007507b8d2e2ea870060397833a500615e3e35ce6358bbe17cdf,4
ort_python,3,276,29.5379,1,1,0,c5ef909be6cda03f0f87a7354355468944e7f8840d5d2d83c344fdbf4a5d3bf6,04d5fc3bd443007507b8d2e2ea870060397833a500615e3e35ce6358bbe17cdf,4
ort_python,3,277,28.1088,1,1,0,c5ef909be6cda03f0f87a7354355468944e7f8840d5d2d83c344fdbf4a5d3bf6,04d5fc3bd443007507b8d2e2ea870060397833a500615e3e35ce6358bbe17cdf,4
ort_python,3,278,32.9843,1,1,0,c5ef909be6cda03f0f87a7354355468944e7f8840d5d2d83c344fdbf4a5d3bf6,04d5fc3bd443007507b8d2e2ea870060397833a500615e3e35ce6358bbe17cdf,4
ort_python,3,279,31.3183,1,1,0,c5ef909be6cda03f0f87a7354355468944e7f8840d5d2d83c344fdbf4a5d3bf6,04d5fc3bd443007507b8d2e2ea870060397833a500615e3e35ce6358bbe17cdf,4
ort_python,3,280,30.0074,1,1,0,c5ef909be6cda03f0f87a7354355468944e7f8840d5d2d83c344fdbf4a5d3bf6,04d5fc3bd443007507b8d2e2ea870060397833a500615e3e35ce6358bbe17cdf,4
ort_python,3,281,30.2375,1,1,0,c5ef909be6cda03f0f87a7354355468944e7f8840d5d2d83c344fdbf4a5d3bf6,04d5fc3bd443007507b8d2e2ea870060397833a500615e3e35ce6358bbe17cdf,4
ort_python,3,282,31.495,1,1,0,c5ef909be6cda03f0f87a7354355468944e7f8840d5d2d83c344fdbf4a5d3bf6,04d5fc3bd443007507b8d2e2ea870060397833a500615e3e35ce6358bbe17cdf,4
ort_python,3,283,33.221,1,1,0,c5ef909be6cda03f0f87a7354355468944e7f8840d5d2d83c344fdbf4a5d3bf6,04d5fc3bd443007507b8d2e2ea870060397833a500615e3e35ce6358bbe17cdf,4
ort_python,3,284,31.0221,1,1,0,c5ef909be6cda03f0f87a7354355468944e7f8840d5d2d83c344fdbf4a5d3bf6,04d5fc3bd443007507b8d2e2ea870060397833a500615e3e35ce6358bbe17cdf,4
ort_python,3,285,33.8062,1,1,0,c5ef909be6cda03f0f87a7354355468944e7f8840d5d2d83c344fdbf4a5d3bf6,04d5fc3bd443007507b8d2e2ea870060397833a500615e3e35ce6358bbe17cdf,4
ort_python,3,286,29.5445,1,1,0,c5ef909be6cda03f0f87a7354355468944e7f8840d5d2d83c344fdbf4a5d3bf6,04d5fc3bd443007507b8d2e2ea870060397833a500615e3e35ce6358bbe17cdf,4
ort_python,3,287,31.3382,1,1,0,c5ef909be6cda03f0f87a7354355468944e7f8840d5d2d83c344fdbf4a5d3bf6,04d5fc3bd443007507b8d2e2ea870060397833a500615e3e35ce6358bbe17cdf,4
ort_python,3,288,31.4639,1,1,0,c5ef909be6cda03f0f87a7354355468944e7f8840d5d2d83c344fdbf4a5d3bf6,04d5fc3bd443007507b8d2e2ea870060397833a500615e3e35ce6358bbe17cdf,4
ort_python,3,289,29.9838,1,1,0,c5ef909be6cda03f0f87a7354355468944e7f8840d5d2d83c344fdbf4a5d3bf6,04d5fc3bd443007507b8d2e2ea870060397833a500615e3e35ce6358bbe17cdf,4
ort_python,3,290,29.374,1,1,0,c5ef909be6cda03f0f87a7354355468944e7f8840d5d2d83c344fdbf4a5d3bf6,04d5fc3bd443007507b8d2e2ea870060397833a500615e3e35ce6358bbe17cdf,4
ort_python,3,291,32.2253,1,1,0,c5ef909be6cda03f0f87a7354355468944e7f8840d5d2d83c344fdbf4a5d3bf6,04d5fc3bd443007507b8d2e2ea870060397833a500615e3e35ce6358bbe17cdf,4
ort_python,3,292,29.2775,1,1,0,c5ef909be6cda03f0f87a7354355468944e7f8840d5d2d83c344fdbf4a5d3bf6,04d5fc3bd443007507b8d2e2ea870060397833a500615e3e35ce6358bbe17cdf,4
ort_python,3,293,30.5826,1,1,0,c5ef909be6cda03f0f87a7354355468944e7f8840d5d2d83c344fdbf4a5d3bf6,04d5fc3bd443007507b8d2e2ea870060397833a500615e3e35ce6358bbe17cdf,4
ort_python,3,294,28.5235,1,1,0,c5ef909be6cda03f0f87a7354355468944e7f8840d5d2d83c344fdbf4a5d3bf6,04d5fc3bd443007507b8d2e2ea870060397833a500615e3e35ce6358bbe17cdf,4
ort_python,3,295,30.5094,1,1,0,c5ef909be6cda03f0f87a7354355468944e7f8840d5d2d83c344fdbf4a5d3bf6,04d5fc3bd443007507b8d2e2ea870060397833a500615e3e35ce6358bbe17cdf,4
ort_python,3,296,28.9327,1,1,0,c5ef909be6cda03f0f87a7354355468944e7f8840d5d2d83c344fdbf4a5d3bf6,04d5fc3bd443007507b8d2e2ea870060397833a500615e3e35ce6358bbe17cdf,4
ort_python,3,297,29.6589,1,1,0,c5ef909be6cda03f0f87a7354355468944e7f8840d5d2d83c344fdbf4a5d3bf6,04d5fc3bd443007507b8d2e2ea870060397833a500615e3e35ce6358bbe17cdf,4
ort_python,3,298,30.8788,1,1,0,c5ef909be6cda03f0f87a7354355468944e7f8840d5d2d83c344fdbf4a5d3bf6,04d5fc3bd443007507b8d2e2ea870060397833a500615e3e35ce6358bbe17cdf,4
ort_python,3,299,32.8939,1,1,0,c5ef909be6cda03f0f87a7354355468944e7f8840d5d2d83c344fdbf4a5d3bf6,04d5fc3bd443007507b8d2e2ea870060397833a500615e3e35ce6358bbe17cdf,4
pytorch,5,0,49.0142,1,1,0,c5ef909be6cda03f0f87a7354355468944e7f8840d5d2d83c344fdbf4a5d3bf6,04d5fc3bd443007507b8d2e2ea870060397833a500615e3e35ce6358bbe17cdf,5
pytorch,5,1,52.4656,1,1,0,c5ef909be6cda03f0f87a7354355468944e7f8840d5d2d83c344fdbf4a5d3bf6,04d5fc3bd443007507b8d2e2ea870060397833a500615e3e35ce6358bbe17cdf,5
pytorch,5,2,48.6179,1,1,0,c5ef909be6cda03f0f87a7354355468944e7f8840d5d2d83c344fdbf4a5d3bf6,04d5fc3bd443007507b8d2e2ea870060397833a500615e3e35ce6358bbe17cdf,5
pytorch,5,3,49.3794,1,1,0,c5ef909be6cda03f0f87a7354355468944e7f8840d5d2d83c344fdbf4a5d3bf6,04d5fc3bd443007507b8d2e2ea870060397833a500615e3e35ce6358bbe17cdf,5
pytorch,5,4,47.0868,1,1,0,c5ef909be6cda03f0f87a7354355468944e7f8840d5d2d83c344fdbf4a5d3bf6,04d5fc3bd443007507b8d2e2ea870060397833a500615e3e35ce6358bbe17cdf,5
pytorch,5,5,50.8436,1,1,0,c5ef909be6cda03f0f87a7354355468944e7f8840d5d2d83c344fdbf4a5d3bf6,04d5fc3bd443007507b8d2e2ea870060397833a500615e3e35ce6358bbe17cdf,5
pytorch,5,6,47.3079,1,1,0,c5ef909be6cda03f0f87a7354355468944e7f8840d5d2d83c344fdbf4a5d3bf6,04d5fc3bd443007507b8d2e2ea870060397833a500615e3e35ce6358bbe17cdf,5
pytorch,5,7,48.5661,1,1,0,c5ef909be6cda03f0f87a7354355468944e7f8840d5d2d83c344fdbf4a5d3bf6,04d5fc3bd443007507b8d2e2ea870060397833a500615e3e35ce6358bbe17cdf,5
pytorch,5,8,47.879,1,1,0,c5ef909be6cda03f0f87a7354355468944e7f8840d5d2d83c344fdbf4a5d3bf6,04d5fc3bd443007507b8d2e2ea870060397833a500615e3e35ce6358bbe17cdf,5
pytorch,5,9,49.2375,1,1,0,c5ef909be6cda03f0f87a7354355468944e7f8840d5d2d83c344fdbf4a5d3bf6,04d5fc3bd443007507b8d2e2ea870060397833a500615e3e35ce6358bbe17cdf,5
pytorch,5,10,46.5919,1,1,0,c5ef909be6cda03f0f87a7354355468944e7f8840d5d2d83c344fdbf4a5d3bf6,04d5fc3bd443007507b8d2e2ea870060397833a500615e3e35ce6358bbe17cdf,5
pytorch,5,11,49.2472,1,1,0,c5ef909be6cda03f0f87a7354355468944e7f8840d5d2d83c344fdbf4a5d3bf6,04d5fc3bd443007507b8d2e2ea870060397833a500615e3e35ce6358bbe17cdf,5
pytorch,5,12,46.1734,1,1,0,c5ef909be6cda03f0f87a7354355468944e7f8840d5d2d83c344fdbf4a5d3bf6,04d5fc3bd443007507b8d2e2ea870060397833a500615e3e35ce6358bbe17cdf,5
pytorch,5,13,49.5403,1,1,0,c5ef909be6cda03f0f87a7354355468944e7f8840d5d2d83c344fdbf4a5d3bf6,04d5fc3bd443007507b8d2e2ea870060397833a500615e3e35ce6358bbe17cdf,5
pytorch,5,14,47.3867,1,1,0,c5ef909be6cda03f0f87a7354355468944e7f8840d5d2d83c344fdbf4a5d3bf6,04d5fc3bd443007507b8d2e2ea870060397833a500615e3e35ce6358bbe17cdf,5
pytorch,5,15,50.9846,1,1,0,c5ef909be6cda03f0f87a7354355468944e7f8840d5d2d83c344fdbf4a5d3bf6,04d5fc3bd443007507b8d2e2ea870060397833a500615e3e35ce6358bbe17cdf,5
pytorch,5,16,48.9709,1,1,0,c5ef909be6cda03f0f87a7354355468944e7f8840d5d2d83c344fdbf4a5d3bf6,04d5fc3bd443007507b8d2e2ea870060397833a500615e3e35ce6358bbe17cdf,5
pytorch,5,17,50.8806,1,1,0,c5ef909be6cda03f0f87a7354355468944e7f8840d5d2d83c344fdbf4a5d3bf6,04d5fc3bd443007507b8d2e2ea870060397833a500615e3e35ce6358bbe17cdf,5
pytorch,5,18,46.8912,1,1,0,c5ef909be6cda03f0f87a7354355468944e7f8840d5d2d83c344fdbf4a5d3bf6,04d5fc3bd443007507b8d2e2ea870060397833a500615e3e35ce6358bbe17cdf,5
pytorch,5,19,52.9606,1,1,0,c5ef909be6cda03f0f87a7354355468944e7f8840d5d2d83c344fdbf4a5d3bf6,04d5fc3bd443007507b8d2e2ea870060397833a500615e3e35ce6358bbe17cdf,5
pytorch,5,20,50.6094,1,1,0,c5ef909be6cda03f0f87a7354355468944e7f8840d5d2d83c344fdbf4a5d3bf6,04d5fc3bd443007507b8d2e2ea870060397833a500615e3e35ce6358bbe17cdf,5
pytorch,5,21,50.8471,1,1,0,c5ef909be6cda03f0f87a7354355468944e7f8840d5d2d83c344fdbf4a5d3bf6,04d5fc3bd443007507b8d2e2ea870060397833a500615e3e35ce6358bbe17cdf,5
pytorch,5,22,47.1686,1,1,0,c5ef909be6cda03f0f87a7354355468944e7f8840d5d2d83c344fdbf4a5d3bf6,04d5fc3bd443007507b8d2e2ea870060397833a500615e3e35ce6358bbe17cdf,5
pytorch,5,23,48.3098,1,1,0,c5ef909be6cda03f0f87a7354355468944e7f8840d5d2d83c344fdbf4a5d3bf6,04d5fc3bd443007507b8d2e2ea870060397833a500615e3e35ce6358bbe17cdf,5
pytorch,5,24,48.7968,1,1,0,c5ef909be6cda03f0f87a7354355468944e7f8840d5d2d83c344fdbf4a5d3bf6,04d5fc3bd443007507b8d2e2ea870060397833a500615e3e35ce6358bbe17cdf,5
pytorch,5,25,44.5894,1,1,0,c5ef909be6cda03f0f87a7354355468944e7f8840d5d2d83c344fdbf4a5d3bf6,04d5fc3bd443007507b8d2e2ea870060397833a500615e3e35ce6358bbe17cdf,5
pytorch,5,26,50.2937,1,1,0,c5ef909be6cda03f0f87a7354355468944e7f8840d5d2d83c344fdbf4a5d3bf6,04d5fc3bd443007507b8d2e2ea870060397833a500615e3e35ce6358bbe17cdf,5
pytorch,5,27,49.3134,1,1,0,c5ef909be6cda03f0f87a7354355468944e7f8840d5d2d83c344fdbf4a5d3bf6,04d5fc3bd443007507b8d2e2ea870060397833a500615e3e35ce6358bbe17cdf,5
pytorch,5,28,48.4291,1,1,0,c5ef909be6cda03f0f87a7354355468944e7f8840d5d2d83c344fdbf4a5d3bf6,04d5fc3bd443007507b8d2e2ea870060397833a500615e3e35ce6358bbe17cdf,5
pytorch,5,29,47.6955,1,1,0,c5ef909be6cda03f0f87a7354355468944e7f8840d5d2d83c344fdbf4a5d3bf6,04d5fc3bd443007507b8d2e2ea870060397833a500615e3e35ce6358bbe17cdf,5
pytorch,5,30,50.4081,1,1,0,c5ef909be6cda03f0f87a7354355468944e7f8840d5d2d83c344fdbf4a5d3bf6,04d5fc3bd443007507b8d2e2ea870060397833a500615e3e35ce6358bbe17cdf,5
pytorch,5,31,46.3923,1,1,0,c5ef909be6cda03f0f87a7354355468944e7f8840d5d2d83c344fdbf4a5d3bf6,04d5fc3bd443007507b8d2e2ea870060397833a500615e3e35ce6358bbe17cdf,5
pytorch,5,32,50.3392,1,1,0,c5ef909be6cda03f0f87a7354355468944e7f8840d5d2d83c344fdbf4a5d3bf6,04d5fc3bd443007507b8d2e2ea870060397833a500615e3e35ce6358bbe17cdf,5
pytorch,5,33,49.3077,1,1,0,c5ef909be6cda03f0f87a7354355468944e7f8840d5d2d83c344fdbf4a5d3bf6,04d5fc3bd443007507b8d2e2ea870060397833a500615e3e35ce6358bbe17cdf,5
pytorch,5,34,46.0811,1,1,0,c5ef909be6cda03f0f87a7354355468944e7f8840d5d2d83c344fdbf4a5d3bf6,04d5fc3bd443007507b8d2e2ea870060397833a500615e3e35ce6358bbe17cdf,5
pytorch,5,35,45.1299,1,1,0,c5ef909be6cda03f0f87a7354355468944e7f8840d5d2d83c344fdbf4a5d3bf6,04d5fc3bd443007507b8d2e2ea870060397833a500615e3e35ce6358bbe17cdf,5
pytorch,5,36,49.2,1,1,0,c5ef909be6cda03f0f87a7354355468944e7f8840d5d2d83c344fdbf4a5d3bf6,04d5fc3bd443007507b8d2e2ea870060397833a500615e3e35ce6358bbe17cdf,5
pytorch,5,37,46.9303,1,1,0,c5ef909be6cda03f0f87a7354355468944e7f8840d5d2d83c344fdbf4a5d3bf6,04d5fc3bd443007507b8d2e2ea870060397833a500615e3e35ce6358bbe17cdf,5
pytorch,5,38,47.3995,1,1,0,c5ef909be6cda03f0f87a7354355468944e7f8840d5d2d83c344fdbf4a5d3bf6,04d5fc3bd443007507b8d2e2ea870060397833a500615e3e35ce6358bbe17cdf,5
pytorch,5,39,48.152,1,1,0,c5ef909be6cda03f0f87a7354355468944e7f8840d5d2d83c344fdbf4a5d3bf6,04d5fc3bd443007507b8d2e2ea870060397833a500615e3e35ce6358bbe17cdf,5
pytorch,5,40,48.6755,1,1,0,c5ef909be6cda03f0f87a7354355468944e7f8840d5d2d83c344fdbf4a5d3bf6,04d5fc3bd443007507b8d2e2ea870060397833a500615e3e35ce6358bbe17cdf,5
pytorch,5,41,52.5004,1,1,0,c5ef909be6cda03f0f87a7354355468944e7f8840d5d2d83c344fdbf4a5d3bf6,04d5fc3bd443007507b8d2e2ea870060397833a500615e3e35ce6358bbe17cdf,5
pytorch,5,42,46.8659,1,1,0,c5ef909be6cda03f0f87a7354355468944e7f8840d5d2d83c344fdbf4a5d3bf6,04d5fc3bd443007507b8d2e2ea870060397833a500615e3e35ce6358bbe17cdf,5
pytorch,5,43,48.3662,1,1,0,c5ef909be6cda03f0f87a7354355468944e7f8840d5d2d83c344fdbf4a5d3bf6,04d5fc3bd443007507b8d2e2ea870060397833a500615e3e35ce6358bbe17cdf,5
pytorch,5,44,45.3602,1,1,0,c5ef909be6cda03f0f87a7354355468944e7f8840d5d2d83c344fdbf4a5d3bf6,04d5fc3bd443007507b8d2e2ea870060397833a500615e3e35ce6358bbe17cdf,5
pytorch,5,45,50.2364,1,1,0,c5ef909be6cda03f0f87a7354355468944e7f8840d5d2d83c344fdbf4a5d3bf6,04d5fc3bd443007507b8d2e2ea870060397833a500615e3e35ce6358bbe17cdf,5
pytorch,5,46,46.6279,1,1,0,c5ef909be6cda03f0f87a7354355468944e7f8840d5d2d83c344fdbf4a5d3bf6,04d5fc3bd443007507b8d2e2ea870060397833a500615e3e35ce6358bbe17cdf,5
pytorch,5,47,49.3185,1,1,0,c5ef909be6cda03f0f87a7354355468944e7f8840d5d2d83c344fdbf4a5d3bf6,04d5fc3bd443007507b8d2e2ea870060397833a500615e3e35ce6358bbe17cdf,5
pytorch,5,48,50.1065,1,1,0,c5ef909be6cda03f0f87a7354355468944e7f8840d5d2d83c344fdbf4a5d3bf6,04d5fc3bd443007507b8d2e2ea870060397833a500615e3e35ce6358bbe17cdf,5
pytorch,5,49,48.8969,1,1,0,c5ef909be6cda03f0f87a7354355468944e7f8840d5d2d83c344fdbf4a5d3bf6,04d5fc3bd443007507b8d2e2ea870060397833a500615e3e35ce6358bbe17cdf,5
pytorch,5,50,46.6185,1,1,0,c5ef909be6cda03f0f87a7354355468944e7f8840d5d2d83c344fdbf4a5d3bf6,04d5fc3bd443007507b8d2e2ea870060397833a500615e3e35ce6358bbe17cdf,5
pytorch,5,51,50.4051,1,1,0,c5ef909be6cda03f0f87a7354355468944e7f8840d5d2d83c344fdbf4a5d3bf6,04d5fc3bd443007507b8d2e2ea870060397833a500615e3e35ce6358bbe17cdf,5
pytorch,5,52,46.1683,1,1,0,c5ef909be6cda03f0f87a7354355468944e7f8840d5d2d83c344fdbf4a5d3bf6,04d5fc3bd443007507b8d2e2ea870060397833a500615e3e35ce6358bbe17cdf,5
pytorch,5,53,52.4938,1,1,0,c5ef909be6cda03f0f87a7354355468944e7f8840d5d2d83c344fdbf4a5d3bf6,04d5fc3bd443007507b8d2e2ea870060397833a500615e3e35ce6358bbe17cdf,5
pytorch,5,54,44.4462,1,1,0,c5ef909be6cda03f0f87a7354355468944e7f8840d5d2d83c344fdbf4a5d3bf6,04d5fc3bd443007507b8d2e2ea870060397833a500615e3e35ce6358bbe17cdf,5
pytorch,5,55,49.7166,1,1,0,c5ef909be6cda03f0f87a7354355468944e7f8840d5d2d83c344fdbf4a5d3bf6,04d5fc3bd443007507b8d2e2ea870060397833a500615e3e35ce6358bbe17cdf,5
pytorch,5,56,46.6011,1,1,0,c5ef909be6cda03f0f87a7354355468944e7f8840d5d2d83c344fdbf4a5d3bf6,04d5fc3bd443007507b8d2e2ea870060397833a500615e3e35ce6358bbe17cdf,5
pytorch,5,57,46.3801,1,1,0,c5ef909be6cda03f0f87a7354355468944e7f8840d5d2d83c344fdbf4a5d3bf6,04d5fc3bd443007507b8d2e2ea870060397833a500615e3e35ce6358bbe17cdf,5
pytorch,5,58,49.1891,1,1,0,c5ef909be6cda03f0f87a7354355468944e7f8840d5d2d83c344fdbf4a5d3bf6,04d5fc3bd443007507b8d2e2ea870060397833a500615e3e35ce6358bbe17cdf,5
pytorch,5,59,45.1419,1,1,0,c5ef909be6cda03f0f87a7354355468944e7f8840d5d2d83c344fdbf4a5d3bf6,04d5fc3bd443007507b8d2e2ea870060397833a500615e3e35ce6358bbe17cdf,5
pytorch,5,60,49.8424,1,1,0,c5ef909be6cda03f0f87a7354355468944e7f8840d5d2d83c344fdbf4a5d3bf6,04d5fc3bd443007507b8d2e2ea870060397833a500615e3e35ce6358bbe17cdf,5
pytorch,5,61,45.7242,1,1,0,c5ef909be6cda03f0f87a7354355468944e7f8840d5d2d83c344fdbf4a5d3bf6,04d5fc3bd443007507b8d2e2ea870060397833a500615e3e35ce6358bbe17cdf,5
pytorch,5,62,48.0123,1,1,0,c5ef909be6cda03f0f87a7354355468944e7f8840d5d2d83c344fdbf4a5d3bf6,04d5fc3bd443007507b8d2e2ea870060397833a500615e3e35ce6358bbe17cdf,5
pytorch,5,63,45.6272,1,1,0,c5ef909be6cda03f0f87a7354355468944e7f8840d5d2d83c344fdbf4a5d3bf6,04d5fc3bd443007507b8d2e2ea870060397833a500615e3e35ce6358bbe17cdf,5
pytorch,5,64,46.678,1,1,0,c5ef909be6cda03f0f87a7354355468944e7f8840d5d2d83c344fdbf4a5d3bf6,04d5fc3bd443007507b8d2e2ea870060397833a500615e3e35ce6358bbe17cdf,5
pytorch,5,65,45.0786,1,1,0,c5ef909be6cda03f0f87a7354355468944e7f8840d5d2d83c344fdbf4a5d3bf6,04d5fc3bd443007507b8d2e2ea870060397833a500615e3e35ce6358bbe17cdf,5
pytorch,5,66,53.3351,1,1,0,c5ef909be6cda03f0f87a7354355468944e7f8840d5d2d83c344fdbf4a5d3bf6,04d5fc3bd443007507b8d2e2ea870060397833a500615e3e35ce6358bbe17cdf,5
pytorch,5,67,44.2083,1,1,0,c5ef909be6cda03f0f87a7354355468944e7f8840d5d2d83c344fdbf4a5d3bf6,04d5fc3bd443007507b8d2e2ea870060397833a500615e3e35ce6358bbe17cdf,5
pytorch,5,68,49.8064,1,1,0,c5ef909be6cda03f0f87a7354355468944e7f8840d5d2d83c344fdbf4a5d3bf6,04d5fc3bd443007507b8d2e2ea870060397833a500615e3e35ce6358bbe17cdf,5
pytorch,5,69,47.7646,1,1,0,c5ef909be6cda03f0f87a7354355468944e7f8840d5d2d83c344fdbf4a5d3bf6,04d5fc3bd443007507b8d2e2ea870060397833a500615e3e35ce6358bbe17cdf,5
pytorch,5,70,48.9117,1,1,0,c5ef909be6cda03f0f87a7354355468944e7f8840d5d2d83c344fdbf4a5d3bf6,04d5fc3bd443007507b8d2e2ea870060397833a500615e3e35ce6358bbe17cdf,5
pytorch,5,71,48.4187,1,1,0,c5ef909be6cda03f0f87a7354355468944e7f8840d5d2d83c344fdbf4a5d3bf6,04d5fc3bd443007507b8d2e2ea870060397833a500615e3e35ce6358bbe17cdf,5
pytorch,5,72,45.9325,1,1,0,c5ef909be6cda03f0f87a7354355468944e7f8840d5d2d83c344fdbf4a5d3bf6,04d5fc3bd443007507b8d2e2ea870060397833a500615e3e35ce6358bbe17cdf,5
pytorch,5,73,53.8918,1,1,0,c5ef909be6cda03f0f87a7354355468944e7f8840d5d2d83c344fdbf4a5d3bf6,04d5fc3bd443007507b8d2e2ea870060397833a500615e3e35ce6358bbe17cdf,5
pytorch,5,74,47.6241,1,1,0,c5ef909be6cda03f0f87a7354355468944e7f8840d5d2d83c344fdbf4a5d3bf6,04d5fc3bd443007507b8d2e2ea870060397833a500615e3e35ce6358bbe17cdf,5
pytorch,5,75,48.2397,1,1,0,c5ef909be6cda03f0f87a7354355468944e7f8840d5d2d83c344fdbf4a5d3bf6,04d5fc3bd443007507b8d2e2ea870060397833a500615e3e35ce6358bbe17cdf,5
pytorch,5,76,45.6217,1,1,0,c5ef909be6cda03f0f87a7354355468944e7f8840d5d2d83c344fdbf4a5d3bf6,04d5fc3bd443007507b8d2e2ea870060397833a500615e3e35ce6358bbe17cdf,5
pytorch,5,77,49.4706,1,1,0,c5ef909be6cda03f0f87a7354355468944e7f8840d5d2d83c344fdbf4a5d3bf6,04d5fc3bd443007507b8d2e2ea870060397833a500615e3e35ce6358bbe17cdf,5
pytorch,5,78,45.8164,1,1,0,c5ef909be6cda03f0f87a7354355468944e7f8840d5d2d83c344fdbf4a5d3bf6,04d5fc3bd443007507b8d2e2ea870060397833a500615e3e35ce6358bbe17cdf,5
pytorch,5,79,47.1154,1,1,0,c5ef909be6cda03f0f87a7354355468944e7f8840d5d2d83c344fdbf4a5d3bf6,04d5fc3bd443007507b8d2e2ea870060397833a500615e3e35ce6358bbe17cdf,5
pytorch,5,80,46.9386,1,1,0,c5ef909be6cda03f0f87a7354355468944e7f8840d5d2d83c344fdbf4a5d3bf6,04d5fc3bd443007507b8d2e2ea870060397833a500615e3e35ce6358bbe17cdf,5
pytorch,5,81,49.0778,1,1,0,c5ef909be6cda03f0f87a7354355468944e7f8840d5d2d83c344fdbf4a5d3bf6,04d5fc3bd443007507b8d2e2ea870060397833a500615e3e35ce6358bbe17cdf,5
pytorch,5,82,44.9066,1,1,0,c5ef909be6cda03f0f87a7354355468944e7f8840d5d2d83c344fdbf4a5d3bf6,04d5fc3bd443007507b8d2e2ea870060397833a500615e3e35ce6358bbe17cdf,5
pytorch,5,83,49.5546,1,1,0,c5ef909be6cda03f0f87a7354355468944e7f8840d5d2d83c344fdbf4a5d3bf6,04d5fc3bd443007507b8d2e2ea870060397833a500615e3e35ce6358bbe17cdf,5
pytorch,5,84,44.5123,1,1,0,c5ef909be6cda03f0f87a7354355468944e7f8840d5d2d83c344fdbf4a5d3bf6,04d5fc3bd443007507b8d2e2ea870060397833a500615e3e35ce6358bbe17cdf,5
pytorch,5,85,48.872,1,1,0,c5ef909be6cda03f0f87a7354355468944e7f8840d5d2d83c344fdbf4a5d3bf6,04d5fc3bd443007507b8d2e2ea870060397833a500615e3e35ce6358bbe17cdf,5
pytorch,5,86,49.6663,1,1,0,c5ef909be6cda03f0f87a7354355468944e7f8840d5d2d83c344fdbf4a5d3bf6,04d5fc3bd443007507b8d2e2ea870060397833a500615e3e35ce6358bbe17cdf,5
pytorch,5,87,48.4281,1,1,0,c5ef909be6cda03f0f87a7354355468944e7f8840d5d2d83c344fdbf4a5d3bf6,04d5fc3bd443007507b8d2e2ea870060397833a500615e3e35ce6358bbe17cdf,5
pytorch,5,88,50.678,1,1,0,c5ef909be6cda03f0f87a7354355468944e7f8840d5d2d83c344fdbf4a5d3bf6,04d5fc3bd443007507b8d2e2ea870060397833a500615e3e35ce6358bbe17cdf,5
pytorch,5,89,46.4467,1,1,0,c5ef909be6cda03f0f87a7354355468944e7f8840d5d2d83c344fdbf4a5d3bf6,04d5fc3bd443007507b8d2e2ea870060397833a500615e3e35ce6358bbe17cdf,5
pytorch,5,90,50.6046,1,1,0,c5ef909be6cda03f0f87a7354355468944e7f8840d5d2d83c344fdbf4a5d3bf6,04d5fc3bd443007507b8d2e2ea870060397833a500615e3e35ce6358bbe17cdf,5
pytorch,5,91,48.0843,1,1,0,c5ef909be6cda03f0f87a7354355468944e7f8840d5d2d83c344fdbf4a5d3bf6,04d5fc3bd443007507b8d2e2ea870060397833a500615e3e35ce6358bbe17cdf,5
pytorch,5,92,49.485,1,1,0,c5ef909be6cda03f0f87a7354355468944e7f8840d5d2d83c344fdbf4a5d3bf6,04d5fc3bd443007507b8d2e2ea870060397833a500615e3e35ce6358bbe17cdf,5
pytorch,5,93,46.3416,1,1,0,c5ef909be6cda03f0f87a7354355468944e7f8840d5d2d83c344fdbf4a5d3bf6,04d5fc3bd443007507b8d2e2ea870060397833a500615e3e35ce6358bbe17cdf,5
pytorch,5,94,47.8086,1,1,0,c5ef909be6cda03f0f87a7354355468944e7f8840d5d2d83c344fdbf4a5d3bf6,04d5fc3bd443007507b8d2e2ea870060397833a500615e3e35ce6358bbe17cdf,5
pytorch,5,95,46.5237,1,1,0,c5ef909be6cda03f0f87a7354355468944e7f8840d5d2d83c344fdbf4a5d3bf6,04d5fc3bd443007507b8d2e2ea870060397833a500615e3e35ce6358bbe17cdf,5
pytorch,5,96,51.4134,1,1,0,c5ef909be6cda03f0f87a7354355468944e7f8840d5d2d83c344fdbf4a5d3bf6,04d5fc3bd443007507b8d2e2ea870060397833a500615e3e35ce6358bbe17cdf,5
pytorch,5,97,45.5919,1,1,0,c5ef909be6cda03f0f87a7354355468944e7f8840d5d2d83c344fdbf4a5d3bf6,04d5fc3bd443007507b8d2e2ea870060397833a500615e3e35ce6358bbe17cdf,5
pytorch,5,98,51.1644,1,1,0,c5ef909be6cda03f0f87a7354355468944e7f8840d5d2d83c344fdbf4a5d3bf6,04d5fc3bd443007507b8d2e2ea870060397833a500615e3e35ce6358bbe17cdf,5
pytorch,5,99,47.6321,1,1,0,c5ef909be6cda03f0f87a7354355468944e7f8840d5d2d83c344fdbf4a5d3bf6,04d5fc3bd443007507b8d2e2ea870060397833a500615e3e35ce6358bbe17cdf,5
pytorch,5,100,47.2142,1,1,0,c5ef909be6cda03f0f87a7354355468944e7f8840d5d2d83c344fdbf4a5d3bf6,04d5fc3bd443007507b8d2e2ea870060397833a500615e3e35ce6358bbe17cdf,5
pytorch,5,101,45.3419,1,1,0,c5ef909be6cda03f0f87a7354355468944e7f8840d5d2d83c344fdbf4a5d3bf6,04d5fc3bd443007507b8d2e2ea870060397833a500615e3e35ce6358bbe17cdf,5
pytorch,5,102,47.6147,1,1,0,c5ef909be6cda03f0f87a7354355468944e7f8840d5d2d83c344fdbf4a5d3bf6,04d5fc3bd443007507b8d2e2ea870060397833a500615e3e35ce6358bbe17cdf,5
pytorch,5,103,46.7934,1,1,0,c5ef909be6cda03f0f87a7354355468944e7f8840d5d2d83c344fdbf4a5d3bf6,04d5fc3bd443007507b8d2e2ea870060397833a500615e3e35ce6358bbe17cdf,5
pytorch,5,104,45.965,1,1,0,c5ef909be6cda03f0f87a7354355468944e7f8840d5d2d83c344fdbf4a5d3bf6,04d5fc3bd443007507b8d2e2ea870060397833a500615e3e35ce6358bbe17cdf,5
pytorch,5,105,50.0469,1,1,0,c5ef909be6cda03f0f87a7354355468944e7f8840d5d2d83c344fdbf4a5d3bf6,04d5fc3bd443007507b8d2e2ea870060397833a500615e3e35ce6358bbe17cdf,5
pytorch,5,106,48.5853,1,1,0,c5ef909be6cda03f0f87a7354355468944e7f8840d5d2d83c344fdbf4a5d3bf6,04d5fc3bd443007507b8d2e2ea870060397833a500615e3e35ce6358bbe17cdf,5
pytorch,5,107,49.1437,1,1,0,c5ef909be6cda03f0f87a7354355468944e7f8840d5d2d83c344fdbf4a5d3bf6,04d5fc3bd443007507b8d2e2ea870060397833a500615e3e35ce6358bbe17cdf,5
pytorch,5,108,51.2532,1,1,0,c5ef909be6cda03f0f87a7354355468944e7f8840d5d2d83c344fdbf4a5d3bf6,04d5fc3bd443007507b8d2e2ea870060397833a500615e3e35ce6358bbe17cdf,5
pytorch,5,109,49.6721,1,1,0,c5ef909be6cda03f0f87a7354355468944e7f8840d5d2d83c344fdbf4a5d3bf6,04d5fc3bd443007507b8d2e2ea870060397833a500615e3e35ce6358bbe17cdf,5
pytorch,5,110,45.7763,1,1,0,c5ef909be6cda03f0f87a7354355468944e7f8840d5d2d83c344fdbf4a5d3bf6,04d5fc3bd443007507b8d2e2ea870060397833a500615e3e35ce6358bbe17cdf,5
pytorch,5,111,49.2384,1,1,0,c5ef909be6cda03f0f87a7354355468944e7f8840d5d2d83c344fdbf4a5d3bf6,04d5fc3bd443007507b8d2e2ea870060397833a500615e3e35ce6358bbe17cdf,5
pytorch,5,112,45.6312,1,1,0,c5ef909be6cda03f0f87a7354355468944e7f8840d5d2d83c344fdbf4a5d3bf6,04d5fc3bd443007507b8d2e2ea870060397833a500615e3e35ce6358bbe17cdf,5
pytorch,5,113,49.429,1,1,0,c5ef909be6cda03f0f87a7354355468944e7f8840d5d2d83c344fdbf4a5d3bf6,04d5fc3bd443007507b8d2e2ea870060397833a500615e3e35ce6358bbe17cdf,5
pytorch,5,114,50.3817,1,1,0,c5ef909be6cda03f0f87a7354355468944e7f8840d5d2d83c344fdbf4a5d3bf6,04d5fc3bd443007507b8d2e2ea870060397833a500615e3e35ce6358bbe17cdf,5
pytorch,5,115,51.8361,1,1,0,c5ef909be6cda03f0f87a7354355468944e7f8840d5d2d83c344fdbf4a5d3bf6,04d5fc3bd443007507b8d2e2ea870060397833a500615e3e35ce6358bbe17cdf,5
pytorch,5,116,46.3771,1,1,0,c5ef909be6cda03f0f87a7354355468944e7f8840d5d2d83c344fdbf4a5d3bf6,04d5fc3bd443007507b8d2e2ea870060397833a500615e3e35ce6358bbe17cdf,5
pytorch,5,117,52.1043,1,1,0,c5ef909be6cda03f0f87a7354355468944e7f8840d5d2d83c344fdbf4a5d3bf6,04d5fc3bd443007507b8d2e2ea870060397833a500615e3e35ce6358bbe17cdf,5
pytorch,5,118,45.7992,1,1,0,c5ef909be6cda03f0f87a7354355468944e7f8840d5d2d83c344fdbf4a5d3bf6,04d5fc3bd443007507b8d2e2ea870060397833a500615e3e35ce6358bbe17cdf,5
pytorch,5,119,49.4651,1,1,0,c5ef909be6cda03f0f87a7354355468944e7f8840d5d2d83c344fdbf4a5d3bf6,04d5fc3bd443007507b8d2e2ea870060397833a500615e3e35ce6358bbe17cdf,5
pytorch,5,120,48.5149,1,1,0,c5ef909be6cda03f0f87a7354355468944e7f8840d5d2d83c344fdbf4a5d3bf6,04d5fc3bd443007507b8d2e2ea870060397833a500615e3e35ce6358bbe17cdf,5
pytorch,5,121,49.6254,1,1,0,c5ef909be6cda03f0f87a7354355468944e7f8840d5d2d83c344fdbf4a5d3bf6,04d5fc3bd443007507b8d2e2ea870060397833a500615e3e35ce6358bbe17cdf,5
pytorch,5,122,45.4321,1,1,0,c5ef909be6cda03f0f87a7354355468944e7f8840d5d2d83c344fdbf4a5d3bf6,04d5fc3bd443007507b8d2e2ea870060397833a500615e3e35ce6358bbe17cdf,5
pytorch,5,123,46.1042,1,1,0,c5ef909be6cda03f0f87a7354355468944e7f8840d5d2d83c344fdbf4a5d3bf6,04d5fc3bd443007507b8d2e2ea870060397833a500615e3e35ce6358bbe17cdf,5
pytorch,5,124,46.2851,1,1,0,c5ef909be6cda03f0f87a7354355468944e7f8840d5d2d83c344fdbf4a5d3bf6,04d5fc3bd443007507b8d2e2ea870060397833a500615e3e35ce6358bbe17cdf,5
pytorch,5,125,46.5033,1,1,0,c5ef909be6cda03f0f87a7354355468944e7f8840d5d2d83c344fdbf4a5d3bf6,04d5fc3bd443007507b8d2e2ea870060397833a500615e3e35ce6358bbe17cdf,5
pytorch,5,126,50.4466,1,1,0,c5ef909be6cda03f0f87a7354355468944e7f8840d5d2d83c344fdbf4a5d3bf6,04d5fc3bd443007507b8d2e2ea870060397833a500615e3e35ce6358bbe17cdf,5
pytorch,5,127,46.9819,1,1,0,c5ef909be6cda03f0f87a7354355468944e7f8840d5d2d83c344fdbf4a5d3bf6,04d5fc3bd443007507b8d2e2ea870060397833a500615e3e35ce6358bbe17cdf,5
pytorch,5,128,52.1747,1,1,0,c5ef909be6cda03f0f87a7354355468944e7f8840d5d2d83c344fdbf4a5d3bf6,04d5fc3bd443007507b8d2e2ea870060397833a500615e3e35ce6358bbe17cdf,5
pytorch,5,129,47.1765,1,1,0,c5ef909be6cda03f0f87a7354355468944e7f8840d5d2d83c344fdbf4a5d3bf6,04d5fc3bd443007507b8d2e2ea870060397833a500615e3e35ce6358bbe17cdf,5
pytorch,5,130,52.9175,1,1,0,c5ef909be6cda03f0f87a7354355468944e7f8840d5d2d83c344fdbf4a5d3bf6,04d5fc3bd443007507b8d2e2ea870060397833a500615e3e35ce6358bbe17cdf,5
pytorch,5,131,45.1617,1,1,0,c5ef909be6cda03f0f87a7354355468944e7f8840d5d2d83c344fdbf4a5d3bf6,04d5fc3bd443007507b8d2e2ea870060397833a500615e3e35ce6358bbe17cdf,5
pytorch,5,132,46.525,1,1,0,c5ef909be6cda03f0f87a7354355468944e7f8840d5d2d83c344fdbf4a5d3bf6,04d5fc3bd443007507b8d2e2ea870060397833a500615e3e35ce6358bbe17cdf,5
pytorch,5,133,46.135,1,1,0,c5ef909be6cda03f0f87a7354355468944e7f8840d5d2d83c344fdbf4a5d3bf6,04d5fc3bd443007507b8d2e2ea870060397833a500615e3e35ce6358bbe17cdf,5
pytorch,5,134,48.7517,1,1,0,c5ef909be6cda03f0f87a7354355468944e7f8840d5d2d83c344fdbf4a5d3bf6,04d5fc3bd443007507b8d2e2ea870060397833a500615e3e35ce6358bbe17cdf,5
pytorch,5,135,48.5472,1,1,0,c5ef909be6cda03f0f87a7354355468944e7f8840d5d2d83c344fdbf4a5d3bf6,04d5fc3bd443007507b8d2e2ea870060397833a500615e3e35ce6358bbe17cdf,5
pytorch,5,136,48.7764,1,1,0,c5ef909be6cda03f0f87a7354355468944e7f8840d5d2d83c344fdbf4a5d3bf6,04d5fc3bd443007507b8d2e2ea870060397833a500615e3e35ce6358bbe17cdf,5
pytorch,5,137,48.517,1,1,0,c5ef909be6cda03f0f87a7354355468944e7f8840d5d2d83c344fdbf4a5d3bf6,04d5fc3bd443007507b8d2e2ea870060397833a500615e3e35ce6358bbe17cdf,5
pytorch,5,138,52.5414,1,1,0,c5ef909be6cda03f0f87a7354355468944e7f8840d5d2d83c344fdbf4a5d3bf6,04d5fc3bd443007507b8d2e2ea870060397833a500615e3e35ce6358bbe17cdf,5
pytorch,5,139,47.9298,1,1,0,c5ef909be6cda03f0f87a7354355468944e7f8840d5d2d83c344fdbf4a5d3bf6,04d5fc3bd443007507b8d2e2ea870060397833a500615e3e35ce6358bbe17cdf,5
pytorch,5,140,50.5948,1,1,0,c5ef909be6cda03f0f87a7354355468944e7f8840d5d2d83c344fdbf4a5d3bf6,04d5fc3bd443007507b8d2e2ea870060397833a500615e3e35ce6358bbe17cdf,5
pytorch,5,141,48.1729,1,1,0,c5ef909be6cda03f0f87a7354355468944e7f8840d5d2d83c344fdbf4a5d3bf6,04d5fc3bd443007507b8d2e2ea870060397833a500615e3e35ce6358bbe17cdf,5
pytorch,5,142,51.0496,1,1,0,c5ef909be6cda03f0f87a7354355468944e7f8840d5d2d83c344fdbf4a5d3bf6,04d5fc3bd443007507b8d2e2ea870060397833a500615e3e35ce6358bbe17cdf,5
pytorch,5,143,47.925,1,1,0,c5ef909be6cda03f0f87a7354355468944e7f8840d5d2d83c344fdbf4a5d3bf6,04d5fc3bd443007507b8d2e2ea870060397833a500615e3e35ce6358bbe17cdf,5
pytorch,5,144,47.256,1,1,0,c5ef909be6cda03f0f87a7354355468944e7f8840d5d2d83c344fdbf4a5d3bf6,04d5fc3bd443007507b8d2e2ea870060397833a500615e3e35ce6358bbe17cdf,5
pytorch,5,145,46.8325,1,1,0,c5ef909be6cda03f0f87a7354355468944e7f8840d5d2d83c344fdbf4a5d3bf6,04d5fc3bd443007507b8d2e2ea870060397833a500615e3e35ce6358bbe17cdf,5
pytorch,5,146,46.7289,1,1,0,c5ef909be6cda03f0f87a7354355468944e7f8840d5d2d83c344fdbf4a5d3bf6,04d5fc3bd443007507b8d2e2ea870060397833a500615e3e35ce6358bbe17cdf,5
pytorch,5,147,48.2888,1,1,0,c5ef909be6cda03f0f87a7354355468944e7f8840d5d2d83c344fdbf4a5d3bf6,04d5fc3bd443007507b8d2e2ea870060397833a500615e3e35ce6358bbe17cdf,5
pytorch,5,148,47.5779,1,1,0,c5ef909be6cda03f0f87a7354355468944e7f8840d5d2d83c344fdbf4a5d3bf6,04d5fc3bd443007507b8d2e2ea870060397833a500615e3e35ce6358bbe17cdf,5
pytorch,5,149,49.8593,1,1,0,c5ef909be6cda03f0f87a7354355468944e7f8840d5d2d83c344fdbf4a5d3bf6,04d5fc3bd443007507b8d2e2ea870060397833a500615e3e35ce6358bbe17cdf,5
pytorch,5,150,49.2668,1,1,0,c5ef909be6cda03f0f87a7354355468944e7f8840d5d2d83c344fdbf4a5d3bf6,04d5fc3bd443007507b8d2e2ea870060397833a500615e3e35ce6358bbe17cdf,5
pytorch,5,151,51.0545,1,1,0,c5ef909be6cda03f0f87a7354355468944e7f8840d5d2d83c344fdbf4a5d3bf6,04d5fc3bd443007507b8d2e2ea870060397833a500615e3e35ce6358bbe17cdf,5
pytorch,5,152,48.7457,1,1,0,c5ef909be6cda03f0f87a7354355468944e7f8840d5d2d83c344fdbf4a5d3bf6,04d5fc3bd443007507b8d2e2ea870060397833a500615e3e35ce6358bbe17cdf,5
pytorch,5,153,49.6095,1,1,0,c5ef909be6cda03f0f87a7354355468944e7f8840d5d2d83c344fdbf4a5d3bf6,04d5fc3bd443007507b8d2e2ea870060397833a500615e3e35ce6358bbe17cdf,5
pytorch,5,154,45.8481,1,1,0,c5ef909be6cda03f0f87a7354355468944e7f8840d5d2d83c344fdbf4a5d3bf6,04d5fc3bd443007507b8d2e2ea870060397833a500615e3e35ce6358bbe17cdf,5
pytorch,5,155,46.3963,1,1,0,c5ef909be6cda03f0f87a7354355468944e7f8840d5d2d83c344fdbf4a5d3bf6,04d5fc3bd443007507b8d2e2ea870060397833a500615e3e35ce6358bbe17cdf,5
pytorch,5,156,48.3391,1,1,0,c5ef909be6cda03f0f87a7354355468944e7f8840d5d2d83c344fdbf4a5d3bf6,04d5fc3bd443007507b8d2e2ea870060397833a500615e3e35ce6358bbe17cdf,5
pytorch,5,157,48.8675,1,1,0,c5ef909be6cda03f0f87a7354355468944e7f8840d5d2d83c344fdbf4a5d3bf6,04d5fc3bd443007507b8d2e2ea870060397833a500615e3e35ce6358bbe17cdf,5
pytorch,5,158,47.9353,1,1,0,c5ef909be6cda03f0f87a7354355468944e7f8840d5d2d83c344fdbf4a5d3bf6,04d5fc3bd443007507b8d2e2ea870060397833a500615e3e35ce6358bbe17cdf,5
pytorch,5,159,51.4941,1,1,0,c5ef909be6cda03f0f87a7354355468944e7f8840d5d2d83c344fdbf4a5d3bf6,04d5fc3bd443007507b8d2e2ea870060397833a500615e3e35ce6358bbe17cdf,5
pytorch,5,160,51.0741,1,1,0,c5ef909be6cda03f0f87a7354355468944e7f8840d5d2d83c344fdbf4a5d3bf6,04d5fc3bd443007507b8d2e2ea870060397833a500615e3e35ce6358bbe17cdf,5
pytorch,5,161,51.3265,1,1,0,c5ef909be6cda03f0f87a7354355468944e7f8840d5d2d83c344fdbf4a5d3bf6,04d5fc3bd443007507b8d2e2ea870060397833a500615e3e35ce6358bbe17cdf,5
pytorch,5,162,45.7253,1,1,0,c5ef909be6cda03f0f87a7354355468944e7f8840d5d2d83c344fdbf4a5d3bf6,04d5fc3bd443007507b8d2e2ea870060397833a500615e3e35ce6358bbe17cdf,5
pytorch,5,163,51.711,1,1,0,c5ef909be6cda03f0f87a7354355468944e7f8840d5d2d83c344fdbf4a5d3bf6,04d5fc3bd443007507b8d2e2ea870060397833a500615e3e35ce6358bbe17cdf,5
pytorch,5,164,47.9397,1,1,0,c5ef909be6cda03f0f87a7354355468944e7f8840d5d2d83c344fdbf4a5d3bf6,04d5fc3bd443007507b8d2e2ea870060397833a500615e3e35ce6358bbe17cdf,5
pytorch,5,165,51.2052,1,1,0,c5ef909be6cda03f0f87a7354355468944e7f8840d5d2d83c344fdbf4a5d3bf6,04d5fc3bd443007507b8d2e2ea870060397833a500615e3e35ce6358bbe17cdf,5
pytorch,5,166,46.1459,1,1,0,c5ef909be6cda03f0f87a7354355468944e7f8840d5d2d83c344fdbf4a5d3bf6,04d5fc3bd443007507b8d2e2ea870060397833a500615e3e35ce6358bbe17cdf,5
pytorch,5,167,46.877,1,1,0,c5ef909be6cda03f0f87a7354355468944e7f8840d5d2d83c344fdbf4a5d3bf6,04d5fc3bd443007507b8d2e2ea870060397833a500615e3e35ce6358bbe17cdf,5
pytorch,5,168,48.5637,1,1,0,c5ef909be6cda03f0f87a7354355468944e7f8840d5d2d83c344fdbf4a5d3bf6,04d5fc3bd443007507b8d2e2ea870060397833a500615e3e35ce6358bbe17cdf,5
pytorch,5,169,45.3615,1,1,0,c5ef909be6cda03f0f87a7354355468944e7f8840d5d2d83c344fdbf4a5d3bf6,04d5fc3bd443007507b8d2e2ea870060397833a500615e3e35ce6358bbe17cdf,5
pytorch,5,170,50.9736,1,1,0,c5ef909be6cda03f0f87a7354355468944e7f8840d5d2d83c344fdbf4a5d3bf6,04d5fc3bd443007507b8d2e2ea870060397833a500615e3e35ce6358bbe17cdf,5
pytorch,5,171,47.4673,1,1,0,c5ef909be6cda03f0f87a7354355468944e7f8840d5d2d83c344fdbf4a5d3bf6,04d5fc3bd443007507b8d2e2ea870060397833a500615e3e35ce6358bbe17cdf,5
pytorch,5,172,49.2175,1,1,0,c5ef909be6cda03f0f87a7354355468944e7f8840d5d2d83c344fdbf4a5d3bf6,04d5fc3bd443007507b8d2e2ea870060397833a500615e3e35ce6358bbe17cdf,5
pytorch,5,173,47.6895,1,1,0,c5ef909be6cda03f0f87a7354355468944e7f8840d5d2d83c344fdbf4a5d3bf6,04d5fc3bd443007507b8d2e2ea870060397833a500615e3e35ce6358bbe17cdf,5
pytorch,5,174,49.1095,1,1,0,c5ef909be6cda03f0f87a7354355468944e7f8840d5d2d83c344fdbf4a5d3bf6,04d5fc3bd443007507b8d2e2ea870060397833a500615e3e35ce6358bbe17cdf,5
pytorch,5,175,48.8179,1,1,0,c5ef909be6cda03f0f87a7354355468944e7f8840d5d2d83c344fdbf4a5d3bf6,04d5fc3bd443007507b8d2e2ea870060397833a500615e3e35ce6358bbe17cdf,5
pytorch,5,176,48.8185,1,1,0,c5ef909be6cda03f0f87a7354355468944e7f8840d5d2d83c344fdbf4a5d3bf6,04d5fc3bd443007507b8d2e2ea870060397833a500615e3e35ce6358bbe17cdf,5
pytorch,5,177,49.8355,1,1,0,c5ef909be6cda03f0f87a7354355468944e7f8840d5d2d83c344fdbf4a5d3bf6,04d5fc3bd443007507b8d2e2ea870060397833a500615e3e35ce6358bbe17cdf,5
pytorch,5,178,48.8749,1,1,0,c5ef909be6cda03f0f87a7354355468944e7f8840d5d2d83c344fdbf4a5d3bf6,04d5fc3bd443007507b8d2e2ea870060397833a500615e3e35ce6358bbe17cdf,5
pytorch,5,179,45.7384,1,1,0,c5ef909be6cda03f0f87a7354355468944e7f8840d5d2d83c344fdbf4a5d3bf6,04d5fc3bd443007507b8d2e2ea870060397833a500615e3e35ce6358bbe17cdf,5
pytorch,5,180,49.1007,1,1,0,c5ef909be6cda03f0f87a7354355468944e7f8840d5d2d83c344fdbf4a5d3bf6,04d5fc3bd443007507b8d2e2ea870060397833a500615e3e35ce6358bbe17cdf,5
pytorch,5,181,45.2128,1,1,0,c5ef909be6cda03f0f87a7354355468944e7f8840d5d2d83c344fdbf4a5d3bf6,04d5fc3bd443007507b8d2e2ea870060397833a500615e3e35ce6358bbe17cdf,5
pytorch,5,182,53.6141,1,1,0,c5ef909be6cda03f0f87a7354355468944e7f8840d5d2d83c344fdbf4a5d3bf6,04d5fc3bd443007507b8d2e2ea870060397833a500615e3e35ce6358bbe17cdf,5
pytorch,5,183,47.9836,1,1,0,c5ef909be6cda03f0f87a7354355468944e7f8840d5d2d83c344fdbf4a5d3bf6,04d5fc3bd443007507b8d2e2ea870060397833a500615e3e35ce6358bbe17cdf,5
pytorch,5,184,50.311,1,1,0,c5ef909be6cda03f0f87a7354355468944e7f8840d5d2d83c344fdbf4a5d3bf6,04d5fc3bd443007507b8d2e2ea870060397833a500615e3e35ce6358bbe17cdf,5
pytorch,5,185,46.1978,1,1,0,c5ef909be6cda03f0f87a7354355468944e7f8840d5d2d83c344fdbf4a5d3bf6,04d5fc3bd443007507b8d2e2ea870060397833a500615e3e35ce6358bbe17cdf,5
pytorch,5,186,50.1204,1,1,0,c5ef909be6cda03f0f87a7354355468944e7f8840d5d2d83c344fdbf4a5d3bf6,04d5fc3bd443007507b8d2e2ea870060397833a500615e3e35ce6358bbe17cdf,5
pytorch,5,187,52.5467,1,1,0,c5ef909be6cda03f0f87a7354355468944e7f8840d5d2d83c344fdbf4a5d3bf6,04d5fc3bd443007507b8d2e2ea870060397833a500615e3e35ce6358bbe17cdf,5
pytorch,5,188,45.6768,1,1,0,c5ef909be6cda03f0f87a7354355468944e7f8840d5d2d83c344fdbf4a5d3bf6,04d5fc3bd443007507b8d2e2ea870060397833a500615e3e35ce6358bbe17cdf,5
pytorch,5,189,50.5724,1,1,0,c5ef909be6cda03f0f87a7354355468944e7f8840d5d2d83c344fdbf4a5d3bf6,04d5fc3bd443007507b8d2e2ea870060397833a500615e3e35ce6358bbe17cdf,5
pytorch,5,190,45.8852,1,1,0,c5ef909be6cda03f0f87a7354355468944e7f8840d5d2d83c344fdbf4a5d3bf6,04d5fc3bd443007507b8d2e2ea870060397833a500615e3e35ce6358bbe17cdf,5
pytorch,5,191,50.1221,1,1,0,c5ef909be6cda03f0f87a7354355468944e7f8840d5d2d83c344fdbf4a5d3bf6,04d5fc3bd443007507b8d2e2ea870060397833a500615e3e35ce6358bbe17cdf,5
pytorch,5,192,49.5624,1,1,0,c5ef909be6cda03f0f87a7354355468944e7f8840d5d2d83c344fdbf4a5d3bf6,04d5fc3bd443007507b8d2e2ea870060397833a500615e3e35ce6358bbe17cdf,5
pytorch,5,193,50.8166,1,1,0,c5ef909be6cda03f0f87a7354355468944e7f8840d5d2d83c344fdbf4a5d3bf6,04d5fc3bd443007507b8d2e2ea870060397833a500615e3e35ce6358bbe17cdf,5
pytorch,5,194,46.8309,1,1,0,c5ef909be6cda03f0f87a7354355468944e7f8840d5d2d83c344fdbf4a5d3bf6,04d5fc3bd443007507b8d2e2ea870060397833a500615e3e35ce6358bbe17cdf,5
pytorch,5,195,45.8808,1,1,0,c5ef909be6cda03f0f87a7354355468944e7f8840d5d2d83c344fdbf4a5d3bf6,04d5fc3bd443007507b8d2e2ea870060397833a500615e3e35ce6358bbe17cdf,5
pytorch,5,196,46.9166,1,1,0,c5ef909be6cda03f0f87a7354355468944e7f8840d5d2d83c344fdbf4a5d3bf6,04d5fc3bd443007507b8d2e2ea870060397833a500615e3e35ce6358bbe17cdf,5
pytorch,5,197,49.2005,1,1,0,c5ef909be6cda03f0f87a7354355468944e7f8840d5d2d83c344fdbf4a5d3bf6,04d5fc3bd443007507b8d2e2ea870060397833a500615e3e35ce6358bbe17cdf,5
pytorch,5,198,46.0424,1,1,0,c5ef909be6cda03f0f87a7354355468944e7f8840d5d2d83c344fdbf4a5d3bf6,04d5fc3bd443007507b8d2e2ea870060397833a500615e3e35ce6358bbe17cdf,5
pytorch,5,199,50.1045,1,1,0,c5ef909be6cda03f0f87a7354355468944e7f8840d5d2d83c344fdbf4a5d3bf6,04d5fc3bd443007507b8d2e2ea870060397833a500615e3e35ce6358bbe17cdf,5
pytorch,5,200,48.0913,1,1,0,c5ef909be6cda03f0f87a7354355468944e7f8840d5d2d83c344fdbf4a5d3bf6,04d5fc3bd443007507b8d2e2ea870060397833a500615e3e35ce6358bbe17cdf,5
pytorch,5,201,46.7596,1,1,0,c5ef909be6cda03f0f87a7354355468944e7f8840d5d2d83c344fdbf4a5d3bf6,04d5fc3bd443007507b8d2e2ea870060397833a500615e3e35ce6358bbe17cdf,5
pytorch,5,202,47.0971,1,1,0,c5ef909be6cda03f0f87a7354355468944e7f8840d5d2d83c344fdbf4a5d3bf6,04d5fc3bd443007507b8d2e2ea870060397833a500615e3e35ce6358bbe17cdf,5
pytorch,5,203,50.7613,1,1,0,c5ef909be6cda03f0f87a7354355468944e7f8840d5d2d83c344fdbf4a5d3bf6,04d5fc3bd443007507b8d2e2ea870060397833a500615e3e35ce6358bbe17cdf,5
pytorch,5,204,46.4565,1,1,0,c5ef909be6cda03f0f87a7354355468944e7f8840d5d2d83c344fdbf4a5d3bf6,04d5fc3bd443007507b8d2e2ea870060397833a500615e3e35ce6358bbe17cdf,5
pytorch,5,205,46.3054,1,1,0,c5ef909be6cda03f0f87a7354355468944e7f8840d5d2d83c344fdbf4a5d3bf6,04d5fc3bd443007507b8d2e2ea870060397833a500615e3e35ce6358bbe17cdf,5
pytorch,5,206,49.2718,1,1,0,c5ef909be6cda03f0f87a7354355468944e7f8840d5d2d83c344fdbf4a5d3bf6,04d5fc3bd443007507b8d2e2ea870060397833a500615e3e35ce6358bbe17cdf,5
pytorch,5,207,48.3274,1,1,0,c5ef909be6cda03f0f87a7354355468944e7f8840d5d2d83c344fdbf4a5d3bf6,04d5fc3bd443007507b8d2e2ea870060397833a500615e3e35ce6358bbe17cdf,5
pytorch,5,208,47.1863,1,1,0,c5ef909be6cda03f0f87a7354355468944e7f8840d5d2d83c344fdbf4a5d3bf6,04d5fc3bd443007507b8d2e2ea870060397833a500615e3e35ce6358bbe17cdf,5
pytorch,5,209,44.3597,1,1,0,c5ef909be6cda03f0f87a7354355468944e7f8840d5d2d83c344fdbf4a5d3bf6,04d5fc3bd443007507b8d2e2ea870060397833a500615e3e35ce6358bbe17cdf,5
pytorch,5,210,50.103,1,1,0,c5ef909be6cda03f0f87a7354355468944e7f8840d5d2d83c344fdbf4a5d3bf6,04d5fc3bd443007507b8d2e2ea870060397833a500615e3e35ce6358bbe17cdf,5
pytorch,5,211,45.9731,1,1,0,c5ef909be6cda03f0f87a7354355468944e7f8840d5d2d83c344fdbf4a5d3bf6,04d5fc3bd443007507b8d2e2ea870060397833a500615e3e35ce6358bbe17cdf,5
pytorch,5,212,50.9812,1,1,0,c5ef909be6cda03f0f87a7354355468944e7f8840d5d2d83c344fdbf4a5d3bf6,04d5fc3bd443007507b8d2e2ea870060397833a500615e3e35ce6358bbe17cdf,5
pytorch,5,213,45.3832,1,1,0,c5ef909be6cda03f0f87a7354355468944e7f8840d5d2d83c344fdbf4a5d3bf6,04d5fc3bd443007507b8d2e2ea870060397833a500615e3e35ce6358bbe17cdf,5
pytorch,5,214,52.1734,1,1,0,c5ef909be6cda03f0f87a7354355468944e7f8840d5d2d83c344fdbf4a5d3bf6,04d5fc3bd443007507b8d2e2ea870060397833a500615e3e35ce6358bbe17cdf,5
pytorch,5,215,47.7547,1,1,0,c5ef909be6cda03f0f87a7354355468944e7f8840d5d2d83c344fdbf4a5d3bf6,04d5fc3bd443007507b8d2e2ea870060397833a500615e3e35ce6358bbe17cdf,5
pytorch,5,216,48.8622,1,1,0,c5ef909be6cda03f0f87a7354355468944e7f8840d5d2d83c344fdbf4a5d3bf6,04d5fc3bd443007507b8d2e2ea870060397833a500615e3e35ce6358bbe17cdf,5
pytorch,5,217,47.1539,1,1,0,c5ef909be6cda03f0f87a7354355468944e7f8840d5d2d83c344fdbf4a5d3bf6,04d5fc3bd443007507b8d2e2ea870060397833a500615e3e35ce6358bbe17cdf,5
pytorch,5,218,51.9528,1,1,0,c5ef909be6cda03f0f87a7354355468944e7f8840d5d2d83c344fdbf4a5d3bf6,04d5fc3bd443007507b8d2e2ea870060397833a500615e3e35ce6358bbe17cdf,5
pytorch,5,219,47.9447,1,1,0,c5ef909be6cda03f0f87a7354355468944e7f8840d5d2d83c344fdbf4a5d3bf6,04d5fc3bd443007507b8d2e2ea870060397833a500615e3e35ce6358bbe17cdf,5
pytorch,5,220,47.348,1,1,0,c5ef909be6cda03f0f87a7354355468944e7f8840d5d2d83c344fdbf4a5d3bf6,04d5fc3bd443007507b8d2e2ea870060397833a500615e3e35ce6358bbe17cdf,5
pytorch,5,221,46.1337,1,1,0,c5ef909be6cda03f0f87a7354355468944e7f8840d5d2d83c344fdbf4a5d3bf6,04d5fc3bd443007507b8d2e2ea870060397833a500615e3e35ce6358bbe17cdf,5
pytorch,5,222,46.5536,1,1,0,c5ef909be6cda03f0f87a7354355468944e7f8840d5d2d83c344fdbf4a5d3bf6,04d5fc3bd443007507b8d2e2ea870060397833a500615e3e35ce6358bbe17cdf,5
pytorch,5,223,47.8869,1,1,0,c5ef909be6cda03f0f87a7354355468944e7f8840d5d2d83c344fdbf4a5d3bf6,04d5fc3bd443007507b8d2e2ea870060397833a500615e3e35ce6358bbe17cdf,5
pytorch,5,224,46.4229,1,1,0,c5ef909be6cda03f0f87a7354355468944e7f8840d5d2d83c344fdbf4a5d3bf6,04d5fc3bd443007507b8d2e2ea870060397833a500615e3e35ce6358bbe17cdf,5
pytorch,5,225,47.781,1,1,0,c5ef909be6cda03f0f87a7354355468944e7f8840d5d2d83c344fdbf4a5d3bf6,04d5fc3bd443007507b8d2e2ea870060397833a500615e3e35ce6358bbe17cdf,5
pytorch,5,226,43.4488,1,1,0,c5ef909be6cda03f0f87a7354355468944e7f8840d5d2d83c344fdbf4a5d3bf6,04d5fc3bd443007507b8d2e2ea870060397833a500615e3e35ce6358bbe17cdf,5
pytorch,5,227,48.6112,1,1,0,c5ef909be6cda03f0f87a7354355468944e7f8840d5d2d83c344fdbf4a5d3bf6,04d5fc3bd443007507b8d2e2ea870060397833a500615e3e35ce6358bbe17cdf,5
pytorch,5,228,45.3614,1,1,0,c5ef909be6cda03f0f87a7354355468944e7f8840d5d2d83c344fdbf4a5d3bf6,04d5fc3bd443007507b8d2e2ea870060397833a500615e3e35ce6358bbe17cdf,5
pytorch,5,229,50.2592,1,1,0,c5ef909be6cda03f0f87a7354355468944e7f8840d5d2d83c344fdbf4a5d3bf6,04d5fc3bd443007507b8d2e2ea870060397833a500615e3e35ce6358bbe17cdf,5
pytorch,5,230,46.0272,1,1,0,c5ef909be6cda03f0f87a7354355468944e7f8840d5d2d83c344fdbf4a5d3bf6,04d5fc3bd443007507b8d2e2ea870060397833a500615e3e35ce6358bbe17cdf,5
pytorch,5,231,47.3681,1,1,0,c5ef909be6cda03f0f87a7354355468944e7f8840d5d2d83c344fdbf4a5d3bf6,04d5fc3bd443007507b8d2e2ea870060397833a500615e3e35ce6358bbe17cdf,5
pytorch,5,232,45.5941,1,1,0,c5ef909be6cda03f0f87a7354355468944e7f8840d5d2d83c344fdbf4a5d3bf6,04d5fc3bd443007507b8d2e2ea870060397833a500615e3e35ce6358bbe17cdf,5
pytorch,5,233,48.5941,1,1,0,c5ef909be6cda03f0f87a7354355468944e7f8840d5d2d83c344fdbf4a5d3bf6,04d5fc3bd443007507b8d2e2ea870060397833a500615e3e35ce6358bbe17cdf,5
pytorch,5,234,45.5883,1,1,0,c5ef909be6cda03f0f87a7354355468944e7f8840d5d2d83c344fdbf4a5d3bf6,04d5fc3bd443007507b8d2e2ea870060397833a500615e3e35ce6358bbe17cdf,5
pytorch,5,235,49.8221,1,1,0,c5ef909be6cda03f0f87a7354355468944e7f8840d5d2d83c344fdbf4a5d3bf6,04d5fc3bd443007507b8d2e2ea870060397833a500615e3e35ce6358bbe17cdf,5
pytorch,5,236,50.8519,1,1,0,c5ef909be6cda03f0f87a7354355468944e7f8840d5d2d83c344fdbf4a5d3bf6,04d5fc3bd443007507b8d2e2ea870060397833a500615e3e35ce6358bbe17cdf,5
pytorch,5,237,47.5656,1,1,0,c5ef909be6cda03f0f87a7354355468944e7f8840d5d2d83c344fdbf4a5d3bf6,04d5fc3bd443007507b8d2e2ea870060397833a500615e3e35ce6358bbe17cdf,5
pytorch,5,238,48.6982,1,1,0,c5ef909be6cda03f0f87a7354355468944e7f8840d5d2d83c344fdbf4a5d3bf6,04d5fc3bd443007507b8d2e2ea870060397833a500615e3e35ce6358bbe17cdf,5
pytorch,5,239,47.0704,1,1,0,c5ef909be6cda03f0f87a7354355468944e7f8840d5d2d83c344fdbf4a5d3bf6,04d5fc3bd443007507b8d2e2ea870060397833a500615e3e35ce6358bbe17cdf,5
pytorch,5,240,49.7029,1,1,0,c5ef909be6cda03f0f87a7354355468944e7f8840d5d2d83c344fdbf4a5d3bf6,04d5fc3bd443007507b8d2e2ea870060397833a500615e3e35ce6358bbe17cdf,5
pytorch,5,241,45.1614,1,1,0,c5ef909be6cda03f0f87a7354355468944e7f8840d5d2d83c344fdbf4a5d3bf6,04d5fc3bd443007507b8d2e2ea870060397833a500615e3e35ce6358bbe17cdf,5
pytorch,5,242,51.2901,1,1,0,c5ef909be6cda03f0f87a7354355468944e7f8840d5d2d83c344fdbf4a5d3bf6,04d5fc3bd443007507b8d2e2ea870060397833a500615e3e35ce6358bbe17cdf,5
pytorch,5,243,45.8488,1,1,0,c5ef909be6cda03f0f87a7354355468944e7f8840d5d2d83c344fdbf4a5d3bf6,04d5fc3bd443007507b8d2e2ea870060397833a500615e3e35ce6358bbe17cdf,5
pytorch,5,244,53.2895,1,1,0,c5ef909be6cda03f0f87a7354355468944e7f8840d5d2d83c344fdbf4a5d3bf6,04d5fc3bd443007507b8d2e2ea870060397833a500615e3e35ce6358bbe17cdf,5
pytorch,5,245,47.1973,1,1,0,c5ef909be6cda03f0f87a7354355468944e7f8840d5d2d83c344fdbf4a5d3bf6,04d5fc3bd443007507b8d2e2ea870060397833a500615e3e35ce6358bbe17cdf,5
pytorch,5,246,50.4224,1,1,0,c5ef909be6cda03f0f87a7354355468944e7f8840d5d2d83c344fdbf4a5d3bf6,04d5fc3bd443007507b8d2e2ea870060397833a500615e3e35ce6358bbe17cdf,5
pytorch,5,247,47.7575,1,1,0,c5ef909be6cda03f0f87a7354355468944e7f8840d5d2d83c344fdbf4a5d3bf6,04d5fc3bd443007507b8d2e2ea870060397833a500615e3e35ce6358bbe17cdf,5
pytorch,5,248,47.6776,1,1,0,c5ef909be6cda03f0f87a7354355468944e7f8840d5d2d83c344fdbf4a5d3bf6,04d5fc3bd443007507b8d2e2ea870060397833a500615e3e35ce6358bbe17cdf,5
pytorch,5,249,47.0386,1,1,0,c5ef909be6cda03f0f87a7354355468944e7f8840d5d2d83c344fdbf4a5d3bf6,04d5fc3bd443007507b8d2e2ea870060397833a500615e3e35ce6358bbe17cdf,5
pytorch,5,250,46.5499,1,1,0,c5ef909be6cda03f0f87a7354355468944e7f8840d5d2d83c344fdbf4a5d3bf6,04d5fc3bd443007507b8d2e2ea870060397833a500615e3e35ce6358bbe17cdf,5
pytorch,5,251,46.8085,1,1,0,c5ef909be6cda03f0f87a7354355468944e7f8840d5d2d83c344fdbf4a5d3bf6,04d5fc3bd443007507b8d2e2ea870060397833a500615e3e35ce6358bbe17cdf,5
pytorch,5,252,48.2664,1,1,0,c5ef909be6cda03f0f87a7354355468944e7f8840d5d2d83c344fdbf4a5d3bf6,04d5fc3bd443007507b8d2e2ea870060397833a500615e3e35ce6358bbe17cdf,5
pytorch,5,253,47.6329,1,1,0,c5ef909be6cda03f0f87a7354355468944e7f8840d5d2d83c344fdbf4a5d3bf6,04d5fc3bd443007507b8d2e2ea870060397833a500615e3e35ce6358bbe17cdf,5
pytorch,5,254,46.4892,1,1,0,c5ef909be6cda03f0f87a7354355468944e7f8840d5d2d83c344fdbf4a5d3bf6,04d5fc3bd443007507b8d2e2ea870060397833a500615e3e35ce6358bbe17cdf,5
pytorch,5,255,52.4543,1,1,0,c5ef909be6cda03f0f87a7354355468944e7f8840d5d2d83c344fdbf4a5d3bf6,04d5fc3bd443007507b8d2e2ea870060397833a500615e3e35ce6358bbe17cdf,5
pytorch,5,256,48.1131,1,1,0,c5ef909be6cda03f0f87a7354355468944e7f8840d5d2d83c344fdbf4a5d3bf6,04d5fc3bd443007507b8d2e2ea870060397833a500615e3e35ce6358bbe17cdf,5
pytorch,5,257,50.9104,1,1,0,c5ef909be6cda03f0f87a7354355468944e7f8840d5d2d83c344fdbf4a5d3bf6,04d5fc3bd443007507b8d2e2ea870060397833a500615e3e35ce6358bbe17cdf,5
pytorch,5,258,48.2623,1,1,0,c5ef909be6cda03f0f87a7354355468944e7f8840d5d2d83c344fdbf4a5d3bf6,04d5fc3bd443007507b8d2e2ea870060397833a500615e3e35ce6358bbe17cdf,5
pytorch,5,259,46.9003,1,1,0,c5ef909be6cda03f0f87a7354355468944e7f8840d5d2d83c344fdbf4a5d3bf6,04d5fc3bd443007507b8d2e2ea870060397833a500615e3e35ce6358bbe17cdf,5
pytorch,5,260,44.8004,1,1,0,c5ef909be6cda03f0f87a7354355468944e7f8840d5d2d83c344fdbf4a5d3bf6,04d5fc3bd443007507b8d2e2ea870060397833a500615e3e35ce6358bbe17cdf,5
pytorch,5,261,48.0245,1,1,0,c5ef909be6cda03f0f87a7354355468944e7f8840d5d2d83c344fdbf4a5d3bf6,04d5fc3bd443007507b8d2e2ea870060397833a500615e3e35ce6358bbe17cdf,5
pytorch,5,262,49.9324,1,1,0,c5ef909be6cda03f0f87a7354355468944e7f8840d5d2d83c344fdbf4a5d3bf6,04d5fc3bd443007507b8d2e2ea870060397833a500615e3e35ce6358bbe17cdf,5
pytorch,5,263,47.473,1,1,0,c5ef909be6cda03f0f87a7354355468944e7f8840d5d2d83c344fdbf4a5d3bf6,04d5fc3bd443007507b8d2e2ea870060397833a500615e3e35ce6358bbe17cdf,5
pytorch,5,264,45.8308,1,1,0,c5ef909be6cda03f0f87a7354355468944e7f8840d5d2d83c344fdbf4a5d3bf6,04d5fc3bd443007507b8d2e2ea870060397833a500615e3e35ce6358bbe17cdf,5
pytorch,5,265,50.5029,1,1,0,c5ef909be6cda03f0f87a7354355468944e7f8840d5d2d83c344fdbf4a5d3bf6,04d5fc3bd443007507b8d2e2ea870060397833a500615e3e35ce6358bbe17cdf,5
pytorch,5,266,44.7342,1,1,0,c5ef909be6cda03f0f87a7354355468944e7f8840d5d2d83c344fdbf4a5d3bf6,04d5fc3bd443007507b8d2e2ea870060397833a500615e3e35ce6358bbe17cdf,5
pytorch,5,267,48.3266,1,1,0,c5ef909be6cda03f0f87a7354355468944e7f8840d5d2d83c344fdbf4a5d3bf6,04d5fc3bd443007507b8d2e2ea870060397833a500615e3e35ce6358bbe17cdf,5
pytorch,5,268,46.4954,1,1,0,c5ef909be6cda03f0f87a7354355468944e7f8840d5d2d83c344fdbf4a5d3bf6,04d5fc3bd443007507b8d2e2ea870060397833a500615e3e35ce6358bbe17cdf,5
pytorch,5,269,46.1902,1,1,0,c5ef909be6cda03f0f87a7354355468944e7f8840d5d2d83c344fdbf4a5d3bf6,04d5fc3bd443007507b8d2e2ea870060397833a500615e3e35ce6358bbe17cdf,5
pytorch,5,270,48.3837,1,1,0,c5ef909be6cda03f0f87a7354355468944e7f8840d5d2d83c344fdbf4a5d3bf6,04d5fc3bd443007507b8d2e2ea870060397833a500615e3e35ce6358bbe17cdf,5
pytorch,5,271,44.4298,1,1,0,c5ef909be6cda03f0f87a7354355468944e7f8840d5d2d83c344fdbf4a5d3bf6,04d5fc3bd443007507b8d2e2ea870060397833a500615e3e35ce6358bbe17cdf,5
pytorch,5,272,48.8843,1,1,0,c5ef909be6cda03f0f87a7354355468944e7f8840d5d2d83c344fdbf4a5d3bf6,04d5fc3bd443007507b8d2e2ea870060397833a500615e3e35ce6358bbe17cdf,5
pytorch,5,273,45.0165,1,1,0,c5ef909be6cda03f0f87a7354355468944e7f8840d5d2d83c344fdbf4a5d3bf6,04d5fc3bd443007507b8d2e2ea870060397833a500615e3e35ce6358bbe17cdf,5
pytorch,5,274,50.4471,1,1,0,c5ef909be6cda03f0f87a7354355468944e7f8840d5d2d83c344fdbf4a5d3bf6,04d5fc3bd443007507b8d2e2ea870060397833a500615e3e35ce6358bbe17cdf,5
pytorch,5,275,46.9728,1,1,0,c5ef909be6cda03f0f87a7354355468944e7f8840d5d2d83c344fdbf4a5d3bf6,04d5fc3bd443007507b8d2e2ea870060397833a500615e3e35ce6358bbe17cdf,5
pytorch,5,276,47.9019,1,1,0,c5ef909be6cda03f0f87a7354355468944e7f8840d5d2d83c344fdbf4a5d3bf6,04d5fc3bd443007507b8d2e2ea870060397833a500615e3e35ce6358bbe17cdf,5
pytorch,5,277,47.2551,1,1,0,c5ef909be6cda03f0f87a7354355468944e7f8840d5d2d83c344fdbf4a5d3bf6,04d5fc3bd443007507b8d2e2ea870060397833a500615e3e35ce6358bbe17cdf,5
pytorch,5,278,51.3297,1,1,0,c5ef909be6cda03f0f87a7354355468944e7f8840d5d2d83c344fdbf4a5d3bf6,04d5fc3bd443007507b8d2e2ea870060397833a500615e3e35ce6358bbe17cdf,5
pytorch,5,279,45.9136,1,1,0,c5ef909be6cda03f0f87a7354355468944e7f8840d5d2d83c344fdbf4a5d3bf6,04d5fc3bd443007507b8d2e2ea870060397833a500615e3e35ce6358bbe17cdf,5
pytorch,5,280,47.5452,1,1,0,c5ef909be6cda03f0f87a7354355468944e7f8840d5d2d83c344fdbf4a5d3bf6,04d5fc3bd443007507b8d2e2ea870060397833a500615e3e35ce6358bbe17cdf,5
pytorch,5,281,45.786,1,1,0,c5ef909be6cda03f0f87a7354355468944e7f8840d5d2d83c344fdbf4a5d3bf6,04d5fc3bd443007507b8d2e2ea870060397833a500615e3e35ce6358bbe17cdf,5
pytorch,5,282,47.3603,1,1,0,c5ef909be6cda03f0f87a7354355468944e7f8840d5d2d83c344fdbf4a5d3bf6,04d5fc3bd443007507b8d2e2ea870060397833a500615e3e35ce6358bbe17cdf,5
pytorch,5,283,50.6173,1,1,0,c5ef909be6cda03f0f87a7354355468944e7f8840d5d2d83c344fdbf4a5d3bf6,04d5fc3bd443007507b8d2e2ea870060397833a500615e3e35ce6358bbe17cdf,5
pytorch,5,284,48.6264,1,1,0,c5ef909be6cda03f0f87a7354355468944e7f8840d5d2d83c344fdbf4a5d3bf6,04d5fc3bd443007507b8d2e2ea870060397833a500615e3e35ce6358bbe17cdf,5
pytorch,5,285,50.7179,1,1,0,c5ef909be6cda03f0f87a7354355468944e7f8840d5d2d83c344fdbf4a5d3bf6,04d5fc3bd443007507b8d2e2ea870060397833a500615e3e35ce6358bbe17cdf,5
pytorch,5,286,48.9495,1,1,0,c5ef909be6cda03f0f87a7354355468944e7f8840d5d2d83c344fdbf4a5d3bf6,04d5fc3bd443007507b8d2e2ea870060397833a500615e3e35ce6358bbe17cdf,5
pytorch,5,287,53.1826,1,1,0,c5ef909be6cda03f0f87a7354355468944e7f8840d5d2d83c344fdbf4a5d3bf6,04d5fc3bd443007507b8d2e2ea870060397833a500615e3e35ce6358bbe17cdf,5
pytorch,5,288,47.5391,1,1,0,c5ef909be6cda03f0f87a7354355468944e7f8840d5d2d83c344fdbf4a5d3bf6,04d5fc3bd443007507b8d2e2ea870060397833a500615e3e35ce6358bbe17cdf,5
pytorch,5,289,46.8929,1,1,0,c5ef909be6cda03f0f87a7354355468944e7f8840d5d2d83c344fdbf4a5d3bf6,04d5fc3bd443007507b8d2e2ea870060397833a500615e3e35ce6358bbe17cdf,5
pytorch,5,290,45.9182,1,1,0,c5ef909be6cda03f0f87a7354355468944e7f8840d5d2d83c344fdbf4a5d3bf6,04d5fc3bd443007507b8d2e2ea870060397833a500615e3e35ce6358bbe17cdf,5
pytorch,5,291,49.7323,1,1,0,c5ef909be6cda03f0f87a7354355468944e7f8840d5d2d83c344fdbf4a5d3bf6,04d5fc3bd443007507b8d2e2ea870060397833a500615e3e35ce6358bbe17cdf,5
pytorch,5,292,45.903,1,1,0,c5ef909be6cda03f0f87a7354355468944e7f8840d5d2d83c344fdbf4a5d3bf6,04d5fc3bd443007507b8d2e2ea870060397833a500615e3e35ce6358bbe17cdf,5
pytorch,5,293,48.9046,1,1,0,c5ef909be6cda03f0f87a7354355468944e7f8840d5d2d83c344fdbf4a5d3bf6,04d5fc3bd443007507b8d2e2ea870060397833a500615e3e35ce6358bbe17cdf,5
pytorch,5,294,48.4273,1,1,0,c5ef909be6cda03f0f87a7354355468944e7f8840d5d2d83c344fdbf4a5d3bf6,04d5fc3bd443007507b8d2e2ea870060397833a500615e3e35ce6358bbe17cdf,5
pytorch,5,295,48.8816,1,1,0,c5ef909be6cda03f0f87a7354355468944e7f8840d5d2d83c344fdbf4a5d3bf6,04d5fc3bd443007507b8d2e2ea870060397833a500615e3e35ce6358bbe17cdf,5
pytorch,5,296,47.5791,1,1,0,c5ef909be6cda03f0f87a7354355468944e7f8840d5d2d83c344fdbf4a5d3bf6,04d5fc3bd443007507b8d2e2ea870060397833a500615e3e35ce6358bbe17cdf,5
pytorch,5,297,51.3492,1,1,0,c5ef909be6cda03f0f87a7354355468944e7f8840d5d2d83c344fdbf4a5d3bf6,04d5fc3bd443007507b8d2e2ea870060397833a500615e3e35ce6358bbe17cdf,5
pytorch,5,298,47.4584,1,1,0,c5ef909be6cda03f0f87a7354355468944e7f8840d5d2d83c344fdbf4a5d3bf6,04d5fc3bd443007507b8d2e2ea870060397833a500615e3e35ce6358bbe17cdf,5
pytorch,5,299,49.8092,1,1,0,c5ef909be6cda03f0f87a7354355468944e7f8840d5d2d83c344fdbf4a5d3bf6,04d5fc3bd443007507b8d2e2ea870060397833a500615e3e35ce6358bbe17cdf,5
ort_cpp,4,0,29.454,1,1,0,c5ef909be6cda03f0f87a7354355468944e7f8840d5d2d83c344fdbf4a5d3bf6,04d5fc3bd443007507b8d2e2ea870060397833a500615e3e35ce6358bbe17cdf,6
ort_cpp,4,1,27.939,1,1,0,c5ef909be6cda03f0f87a7354355468944e7f8840d5d2d83c344fdbf4a5d3bf6,04d5fc3bd443007507b8d2e2ea870060397833a500615e3e35ce6358bbe17cdf,6
ort_cpp,4,2,28.029,1,1,0,c5ef909be6cda03f0f87a7354355468944e7f8840d5d2d83c344fdbf4a5d3bf6,04d5fc3bd443007507b8d2e2ea870060397833a500615e3e35ce6358bbe17cdf,6
ort_cpp,4,3,29.535,1,1,0,c5ef909be6cda03f0f87a7354355468944e7f8840d5d2d83c344fdbf4a5d3bf6,04d5fc3bd443007507b8d2e2ea870060397833a500615e3e35ce6358bbe17cdf,6
ort_cpp,4,4,31.094,1,1,0,c5ef909be6cda03f0f87a7354355468944e7f8840d5d2d83c344fdbf4a5d3bf6,04d5fc3bd443007507b8d2e2ea870060397833a500615e3e35ce6358bbe17cdf,6
ort_cpp,4,5,28.447,1,1,0,c5ef909be6cda03f0f87a7354355468944e7f8840d5d2d83c344fdbf4a5d3bf6,04d5fc3bd443007507b8d2e2ea870060397833a500615e3e35ce6358bbe17cdf,6
ort_cpp,4,6,27.859,1,1,0,c5ef909be6cda03f0f87a7354355468944e7f8840d5d2d83c344fdbf4a5d3bf6,04d5fc3bd443007507b8d2e2ea870060397833a500615e3e35ce6358bbe17cdf,6
ort_cpp,4,7,32.493,1,1,0,c5ef909be6cda03f0f87a7354355468944e7f8840d5d2d83c344fdbf4a5d3bf6,04d5fc3bd443007507b8d2e2ea870060397833a500615e3e35ce6358bbe17cdf,6
ort_cpp,4,8,31.093,1,1,0,c5ef909be6cda03f0f87a7354355468944e7f8840d5d2d83c344fdbf4a5d3bf6,04d5fc3bd443007507b8d2e2ea870060397833a500615e3e35ce6358bbe17cdf,6
ort_cpp,4,9,29.037,1,1,0,c5ef909be6cda03f0f87a7354355468944e7f8840d5d2d83c344fdbf4a5d3bf6,04d5fc3bd443007507b8d2e2ea870060397833a500615e3e35ce6358bbe17cdf,6
ort_cpp,4,10,32.193,1,1,0,c5ef909be6cda03f0f87a7354355468944e7f8840d5d2d83c344fdbf4a5d3bf6,04d5fc3bd443007507b8d2e2ea870060397833a500615e3e35ce6358bbe17cdf,6
ort_cpp,4,11,29.107,1,1,0,c5ef909be6cda03f0f87a7354355468944e7f8840d5d2d83c344fdbf4a5d3bf6,04d5fc3bd443007507b8d2e2ea870060397833a500615e3e35ce6358bbe17cdf,6
ort_cpp,4,12,29.407,1,1,0,c5ef909be6cda03f0f87a7354355468944e7f8840d5d2d83c344fdbf4a5d3bf6,04d5fc3bd443007507b8d2e2ea870060397833a500615e3e35ce6358bbe17cdf,6
ort_cpp,4,13,28.233,1,1,0,c5ef909be6cda03f0f87a7354355468944e7f8840d5d2d83c344fdbf4a5d3bf6,04d5fc3bd443007507b8d2e2ea870060397833a500615e3e35ce6358bbe17cdf,6
ort_cpp,4,14,31.304,1,1,0,c5ef909be6cda03f0f87a7354355468944e7f8840d5d2d83c344fdbf4a5d3bf6,04d5fc3bd443007507b8d2e2ea870060397833a500615e3e35ce6358bbe17cdf,6
ort_cpp,4,15,29.765,1,1,0,c5ef909be6cda03f0f87a7354355468944e7f8840d5d2d83c344fdbf4a5d3bf6,04d5fc3bd443007507b8d2e2ea870060397833a500615e3e35ce6358bbe17cdf,6
ort_cpp,4,16,27.16,1,1,0,c5ef909be6cda03f0f87a7354355468944e7f8840d5d2d83c344fdbf4a5d3bf6,04d5fc3bd443007507b8d2e2ea870060397833a500615e3e35ce6358bbe17cdf,6
ort_cpp,4,17,29.917,1,1,0,c5ef909be6cda03f0f87a7354355468944e7f8840d5d2d83c344fdbf4a5d3bf6,04d5fc3bd443007507b8d2e2ea870060397833a500615e3e35ce6358bbe17cdf,6
ort_cpp,4,18,29.356,1,1,0,c5ef909be6cda03f0f87a7354355468944e7f8840d5d2d83c344fdbf4a5d3bf6,04d5fc3bd443007507b8d2e2ea870060397833a500615e3e35ce6358bbe17cdf,6
ort_cpp,4,19,30.553,1,1,0,c5ef909be6cda03f0f87a7354355468944e7f8840d5d2d83c344fdbf4a5d3bf6,04d5fc3bd443007507b8d2e2ea870060397833a500615e3e35ce6358bbe17cdf,6
ort_cpp,4,20,27.476,1,1,0,c5ef909be6cda03f0f87a7354355468944e7f8840d5d2d83c344fdbf4a5d3bf6,04d5fc3bd443007507b8d2e2ea870060397833a500615e3e35ce6358bbe17cdf,6
ort_cpp,4,21,28.842,1,1,0,c5ef909be6cda03f0f87a7354355468944e7f8840d5d2d83c344fdbf4a5d3bf6,04d5fc3bd443007507b8d2e2ea870060397833a500615e3e35ce6358bbe17cdf,6
ort_cpp,4,22,30.352,1,1,0,c5ef909be6cda03f0f87a7354355468944e7f8840d5d2d83c344fdbf4a5d3bf6,04d5fc3bd443007507b8d2e2ea870060397833a500615e3e35ce6358bbe17cdf,6
ort_cpp,4,23,30.898,1,1,0,c5ef909be6cda03f0f87a7354355468944e7f8840d5d2d83c344fdbf4a5d3bf6,04d5fc3bd443007507b8d2e2ea870060397833a500615e3e35ce6358bbe17cdf,6
ort_cpp,4,24,28.09,1,1,0,c5ef909be6cda03f0f87a7354355468944e7f8840d5d2d83c344fdbf4a5d3bf6,04d5fc3bd443007507b8d2e2ea870060397833a500615e3e35ce6358bbe17cdf,6
ort_cpp,4,25,27.713,1,1,0,c5ef909be6cda03f0f87a7354355468944e7f8840d5d2d83c344fdbf4a5d3bf6,04d5fc3bd443007507b8d2e2ea870060397833a500615e3e35ce6358bbe17cdf,6
ort_cpp,4,26,28.297,1,1,0,c5ef909be6cda03f0f87a7354355468944e7f8840d5d2d83c344fdbf4a5d3bf6,04d5fc3bd443007507b8d2e2ea870060397833a500615e3e35ce6358bbe17cdf,6
ort_cpp,4,27,27.815,1,1,0,c5ef909be6cda03f0f87a7354355468944e7f8840d5d2d83c344fdbf4a5d3bf6,04d5fc3bd443007507b8d2e2ea870060397833a500615e3e35ce6358bbe17cdf,6
ort_cpp,4,28,29.135,1,1,0,c5ef909be6cda03f0f87a7354355468944e7f8840d5d2d83c344fdbf4a5d3bf6,04d5fc3bd443007507b8d2e2ea870060397833a500615e3e35ce6358bbe17cdf,6
ort_cpp,4,29,28.432,1,1,0,c5ef909be6cda03f0f87a7354355468944e7f8840d5d2d83c344fdbf4a5d3bf6,04d5fc3bd443007507b8d2e2ea870060397833a500615e3e35ce6358bbe17cdf,6
ort_cpp,4,30,28.908,1,1,0,c5ef909be6cda03f0f87a7354355468944e7f8840d5d2d83c344fdbf4a5d3bf6,04d5fc3bd443007507b8d2e2ea870060397833a500615e3e35ce6358bbe17cdf,6
ort_cpp,4,31,28.679,1,1,0,c5ef909be6cda03f0f87a7354355468944e7f8840d5d2d83c344fdbf4a5d3bf6,04d5fc3bd443007507b8d2e2ea870060397833a500615e3e35ce6358bbe17cdf,6
ort_cpp,4,32,29.424,1,1,0,c5ef909be6cda03f0f87a7354355468944e7f8840d5d2d83c344fdbf4a5d3bf6,04d5fc3bd443007507b8d2e2ea870060397833a500615e3e35ce6358bbe17cdf,6
ort_cpp,4,33,28.049,1,1,0,c5ef909be6cda03f0f87a7354355468944e7f8840d5d2d83c344fdbf4a5d3bf6,04d5fc3bd443007507b8d2e2ea870060397833a500615e3e35ce6358bbe17cdf,6
ort_cpp,4,34,28.805,1,1,0,c5ef909be6cda03f0f87a7354355468944e7f8840d5d2d83c344fdbf4a5d3bf6,04d5fc3bd443007507b8d2e2ea870060397833a500615e3e35ce6358bbe17cdf,6
ort_cpp,4,35,31.639,1,1,0,c5ef909be6cda03f0f87a7354355468944e7f8840d5d2d83c344fdbf4a5d3bf6,04d5fc3bd443007507b8d2e2ea870060397833a500615e3e35ce6358bbe17cdf,6
ort_cpp,4,36,29.65,1,1,0,c5ef909be6cda03f0f87a7354355468944e7f8840d5d2d83c344fdbf4a5d3bf6,04d5fc3bd443007507b8d2e2ea870060397833a500615e3e35ce6358bbe17cdf,6
ort_cpp,4,37,29.48,1,1,0,c5ef909be6cda03f0f87a7354355468944e7f8840d5d2d83c344fdbf4a5d3bf6,04d5fc3bd443007507b8d2e2ea870060397833a500615e3e35ce6358bbe17cdf,6
ort_cpp,4,38,27.953,1,1,0,c5ef909be6cda03f0f87a7354355468944e7f8840d5d2d83c344fdbf4a5d3bf6,04d5fc3bd443007507b8d2e2ea870060397833a500615e3e35ce6358bbe17cdf,6
ort_cpp,4,39,30.348,1,1,0,c5ef909be6cda03f0f87a7354355468944e7f8840d5d2d83c344fdbf4a5d3bf6,04d5fc3bd443007507b8d2e2ea870060397833a500615e3e35ce6358bbe17cdf,6
ort_cpp,4,40,28.351,1,1,0,c5ef909be6cda03f0f87a7354355468944e7f8840d5d2d83c344fdbf4a5d3bf6,04d5fc3bd443007507b8d2e2ea870060397833a500615e3e35ce6358bbe17cdf,6
ort_cpp,4,41,27.918,1,1,0,c5ef909be6cda03f0f87a7354355468944e7f8840d5d2d83c344fdbf4a5d3bf6,04d5fc3bd443007507b8d2e2ea870060397833a500615e3e35ce6358bbe17cdf,6
ort_cpp,4,42,29.985,1,1,0,c5ef909be6cda03f0f87a7354355468944e7f8840d5d2d83c344fdbf4a5d3bf6,04d5fc3bd443007507b8d2e2ea870060397833a500615e3e35ce6358bbe17cdf,6
ort_cpp,4,43,28.924,1,1,0,c5ef909be6cda03f0f87a7354355468944e7f8840d5d2d83c344fdbf4a5d3bf6,04d5fc3bd443007507b8d2e2ea870060397833a500615e3e35ce6358bbe17cdf,6
ort_cpp,4,44,29.358,1,1,0,c5ef909be6cda03f0f87a7354355468944e7f8840d5d2d83c344fdbf4a5d3bf6,04d5fc3bd443007507b8d2e2ea870060397833a500615e3e35ce6358bbe17cdf,6
ort_cpp,4,45,28.692,1,1,0,c5ef909be6cda03f0f87a7354355468944e7f8840d5d2d83c344fdbf4a5d3bf6,04d5fc3bd443007507b8d2e2ea870060397833a500615e3e35ce6358bbe17cdf,6
ort_cpp,4,46,31.871,1,1,0,c5ef909be6cda03f0f87a7354355468944e7f8840d5d2d83c344fdbf4a5d3bf6,04d5fc3bd443007507b8d2e2ea870060397833a500615e3e35ce6358bbe17cdf,6
ort_cpp,4,47,30.003,1,1,0,c5ef909be6cda03f0f87a7354355468944e7f8840d5d2d83c344fdbf4a5d3bf6,04d5fc3bd443007507b8d2e2ea870060397833a500615e3e35ce6358bbe17cdf,6
ort_cpp,4,48,28.462,1,1,0,c5ef909be6cda03f0f87a7354355468944e7f8840d5d2d83c344fdbf4a5d3bf6,04d5fc3bd443007507b8d2e2ea870060397833a500615e3e35ce6358bbe17cdf,6
ort_cpp,4,49,40.56,1,1,0,c5ef909be6cda03f0f87a7354355468944e7f8840d5d2d83c344fdbf4a5d3bf6,04d5fc3bd443007507b8d2e2ea870060397833a500615e3e35ce6358bbe17cdf,6
ort_cpp,4,50,27.174,1,1,0,c5ef909be6cda03f0f87a7354355468944e7f8840d5d2d83c344fdbf4a5d3bf6,04d5fc3bd443007507b8d2e2ea870060397833a500615e3e35ce6358bbe17cdf,6
ort_cpp,4,51,29.856,1,1,0,c5ef909be6cda03f0f87a7354355468944e7f8840d5d2d83c344fdbf4a5d3bf6,04d5fc3bd443007507b8d2e2ea870060397833a500615e3e35ce6358bbe17cdf,6
ort_cpp,4,52,30.001,1,1,0,c5ef909be6cda03f0f87a7354355468944e7f8840d5d2d83c344fdbf4a5d3bf6,04d5fc3bd443007507b8d2e2ea870060397833a500615e3e35ce6358bbe17cdf,6
ort_cpp,4,53,29.054,1,1,0,c5ef909be6cda03f0f87a7354355468944e7f8840d5d2d83c344fdbf4a5d3bf6,04d5fc3bd443007507b8d2e2ea870060397833a500615e3e35ce6358bbe17cdf,6
ort_cpp,4,54,27.552,1,1,0,c5ef909be6cda03f0f87a7354355468944e7f8840d5d2d83c344fdbf4a5d3bf6,04d5fc3bd443007507b8d2e2ea870060397833a500615e3e35ce6358bbe17cdf,6
ort_cpp,4,55,29.827,1,1,0,c5ef909be6cda03f0f87a7354355468944e7f8840d5d2d83c344fdbf4a5d3bf6,04d5fc3bd443007507b8d2e2ea870060397833a500615e3e35ce6358bbe17cdf,6
ort_cpp,4,56,31.035,1,1,0,c5ef909be6cda03f0f87a7354355468944e7f8840d5d2d83c344fdbf4a5d3bf6,04d5fc3bd443007507b8d2e2ea870060397833a500615e3e35ce6358bbe17cdf,6
ort_cpp,4,57,28.741,1,1,0,c5ef909be6cda03f0f87a7354355468944e7f8840d5d2d83c344fdbf4a5d3bf6,04d5fc3bd443007507b8d2e2ea870060397833a500615e3e35ce6358bbe17cdf,6
ort_cpp,4,58,28.7,1,1,0,c5ef909be6cda03f0f87a7354355468944e7f8840d5d2d83c344fdbf4a5d3bf6,04d5fc3bd443007507b8d2e2ea870060397833a500615e3e35ce6358bbe17cdf,6
ort_cpp,4,59,31.333,1,1,0,c5ef909be6cda03f0f87a7354355468944e7f8840d5d2d83c344fdbf4a5d3bf6,04d5fc3bd443007507b8d2e2ea870060397833a500615e3e35ce6358bbe17cdf,6
ort_cpp,4,60,29.578,1,1,0,c5ef909be6cda03f0f87a7354355468944e7f8840d5d2d83c344fdbf4a5d3bf6,04d5fc3bd443007507b8d2e2ea870060397833a500615e3e35ce6358bbe17cdf,6
ort_cpp,4,61,29.381,1,1,0,c5ef909be6cda03f0f87a7354355468944e7f8840d5d2d83c344fdbf4a5d3bf6,04d5fc3bd443007507b8d2e2ea870060397833a500615e3e35ce6358bbe17cdf,6
ort_cpp,4,62,28.951,1,1,0,c5ef909be6cda03f0f87a7354355468944e7f8840d5d2d83c344fdbf4a5d3bf6,04d5fc3bd443007507b8d2e2ea870060397833a500615e3e35ce6358bbe17cdf,6
ort_cpp,4,63,30.916,1,1,0,c5ef909be6cda03f0f87a7354355468944e7f8840d5d2d83c344fdbf4a5d3bf6,04d5fc3bd443007507b8d2e2ea870060397833a500615e3e35ce6358bbe17cdf,6
ort_cpp,4,64,28.644,1,1,0,c5ef909be6cda03f0f87a7354355468944e7f8840d5d2d83c344fdbf4a5d3bf6,04d5fc3bd443007507b8d2e2ea870060397833a500615e3e35ce6358bbe17cdf,6
ort_cpp,4,65,29.614,1,1,0,c5ef909be6cda03f0f87a7354355468944e7f8840d5d2d83c344fdbf4a5d3bf6,04d5fc3bd443007507b8d2e2ea870060397833a500615e3e35ce6358bbe17cdf,6
ort_cpp,4,66,30.202,1,1,0,c5ef909be6cda03f0f87a7354355468944e7f8840d5d2d83c344fdbf4a5d3bf6,04d5fc3bd443007507b8d2e2ea870060397833a500615e3e35ce6358bbe17cdf,6
ort_cpp,4,67,30.488,1,1,0,c5ef909be6cda03f0f87a7354355468944e7f8840d5d2d83c344fdbf4a5d3bf6,04d5fc3bd443007507b8d2e2ea870060397833a500615e3e35ce6358bbe17cdf,6
ort_cpp,4,68,28.278,1,1,0,c5ef909be6cda03f0f87a7354355468944e7f8840d5d2d83c344fdbf4a5d3bf6,04d5fc3bd443007507b8d2e2ea870060397833a500615e3e35ce6358bbe17cdf,6
ort_cpp,4,69,28.75,1,1,0,c5ef909be6cda03f0f87a7354355468944e7f8840d5d2d83c344fdbf4a5d3bf6,04d5fc3bd443007507b8d2e2ea870060397833a500615e3e35ce6358bbe17cdf,6
ort_cpp,4,70,31.555,1,1,0,c5ef909be6cda03f0f87a7354355468944e7f8840d5d2d83c344fdbf4a5d3bf6,04d5fc3bd443007507b8d2e2ea870060397833a500615e3e35ce6358bbe17cdf,6
ort_cpp,4,71,30.772,1,1,0,c5ef909be6cda03f0f87a7354355468944e7f8840d5d2d83c344fdbf4a5d3bf6,04d5fc3bd443007507b8d2e2ea870060397833a500615e3e35ce6358bbe17cdf,6
ort_cpp,4,72,28.492,1,1,0,c5ef909be6cda03f0f87a7354355468944e7f8840d5d2d83c344fdbf4a5d3bf6,04d5fc3bd443007507b8d2e2ea870060397833a500615e3e35ce6358bbe17cdf,6
ort_cpp,4,73,29.898,1,1,0,c5ef909be6cda03f0f87a7354355468944e7f8840d5d2d83c344fdbf4a5d3bf6,04d5fc3bd443007507b8d2e2ea870060397833a500615e3e35ce6358bbe17cdf,6
ort_cpp,4,74,28.325,1,1,0,c5ef909be6cda03f0f87a7354355468944e7f8840d5d2d83c344fdbf4a5d3bf6,04d5fc3bd443007507b8d2e2ea870060397833a500615e3e35ce6358bbe17cdf,6
ort_cpp,4,75,29.094,1,1,0,c5ef909be6cda03f0f87a7354355468944e7f8840d5d2d83c344fdbf4a5d3bf6,04d5fc3bd443007507b8d2e2ea870060397833a500615e3e35ce6358bbe17cdf,6
ort_cpp,4,76,30.601,1,1,0,c5ef909be6cda03f0f87a7354355468944e7f8840d5d2d83c344fdbf4a5d3bf6,04d5fc3bd443007507b8d2e2ea870060397833a500615e3e35ce6358bbe17cdf,6
ort_cpp,4,77,27.42,1,1,0,c5ef909be6cda03f0f87a7354355468944e7f8840d5d2d83c344fdbf4a5d3bf6,04d5fc3bd443007507b8d2e2ea870060397833a500615e3e35ce6358bbe17cdf,6
ort_cpp,4,78,29.716,1,1,0,c5ef909be6cda03f0f87a7354355468944e7f8840d5d2d83c344fdbf4a5d3bf6,04d5fc3bd443007507b8d2e2ea870060397833a500615e3e35ce6358bbe17cdf,6
ort_cpp,4,79,28.378,1,1,0,c5ef909be6cda03f0f87a7354355468944e7f8840d5d2d83c344fdbf4a5d3bf6,04d5fc3bd443007507b8d2e2ea870060397833a500615e3e35ce6358bbe17cdf,6
ort_cpp,4,80,31.41,1,1,0,c5ef909be6cda03f0f87a7354355468944e7f8840d5d2d83c344fdbf4a5d3bf6,04d5fc3bd443007507b8d2e2ea870060397833a500615e3e35ce6358bbe17cdf,6
ort_cpp,4,81,27.322,1,1,0,c5ef909be6cda03f0f87a7354355468944e7f8840d5d2d83c344fdbf4a5d3bf6,04d5fc3bd443007507b8d2e2ea870060397833a500615e3e35ce6358bbe17cdf,6
ort_cpp,4,82,29.429,1,1,0,c5ef909be6cda03f0f87a7354355468944e7f8840d5d2d83c344fdbf4a5d3bf6,04d5fc3bd443007507b8d2e2ea870060397833a500615e3e35ce6358bbe17cdf,6
ort_cpp,4,83,31.203,1,1,0,c5ef909be6cda03f0f87a7354355468944e7f8840d5d2d83c344fdbf4a5d3bf6,04d5fc3bd443007507b8d2e2ea870060397833a500615e3e35ce6358bbe17cdf,6
ort_cpp,4,84,29.564,1,1,0,c5ef909be6cda03f0f87a7354355468944e7f8840d5d2d83c344fdbf4a5d3bf6,04d5fc3bd443007507b8d2e2ea870060397833a500615e3e35ce6358bbe17cdf,6
ort_cpp,4,85,27.888,1,1,0,c5ef909be6cda03f0f87a7354355468944e7f8840d5d2d83c344fdbf4a5d3bf6,04d5fc3bd443007507b8d2e2ea870060397833a500615e3e35ce6358bbe17cdf,6
ort_cpp,4,86,28.575,1,1,0,c5ef909be6cda03f0f87a7354355468944e7f8840d5d2d83c344fdbf4a5d3bf6,04d5fc3bd443007507b8d2e2ea870060397833a500615e3e35ce6358bbe17cdf,6
ort_cpp,4,87,31.993,1,1,0,c5ef909be6cda03f0f87a7354355468944e7f8840d5d2d83c344fdbf4a5d3bf6,04d5fc3bd443007507b8d2e2ea870060397833a500615e3e35ce6358bbe17cdf,6
ort_cpp,4,88,30.433,1,1,0,c5ef909be6cda03f0f87a7354355468944e7f8840d5d2d83c344fdbf4a5d3bf6,04d5fc3bd443007507b8d2e2ea870060397833a500615e3e35ce6358bbe17cdf,6
ort_cpp,4,89,28.47,1,1,0,c5ef909be6cda03f0f87a7354355468944e7f8840d5d2d83c344fdbf4a5d3bf6,04d5fc3bd443007507b8d2e2ea870060397833a500615e3e35ce6358bbe17cdf,6
ort_cpp,4,90,30.641,1,1,0,c5ef909be6cda03f0f87a7354355468944e7f8840d5d2d83c344fdbf4a5d3bf6,04d5fc3bd443007507b8d2e2ea870060397833a500615e3e35ce6358bbe17cdf,6
ort_cpp,4,91,29.442,1,1,0,c5ef909be6cda03f0f87a7354355468944e7f8840d5d2d83c344fdbf4a5d3bf6,04d5fc3bd443007507b8d2e2ea870060397833a500615e3e35ce6358bbe17cdf,6
ort_cpp,4,92,29.619,1,1,0,c5ef909be6cda03f0f87a7354355468944e7f8840d5d2d83c344fdbf4a5d3bf6,04d5fc3bd443007507b8d2e2ea870060397833a500615e3e35ce6358bbe17cdf,6
ort_cpp,4,93,28.614,1,1,0,c5ef909be6cda03f0f87a7354355468944e7f8840d5d2d83c344fdbf4a5d3bf6,04d5fc3bd443007507b8d2e2ea870060397833a500615e3e35ce6358bbe17cdf,6
ort_cpp,4,94,29.48,1,1,0,c5ef909be6cda03f0f87a7354355468944e7f8840d5d2d83c344fdbf4a5d3bf6,04d5fc3bd443007507b8d2e2ea870060397833a500615e3e35ce6358bbe17cdf,6
ort_cpp,4,95,28.939,1,1,0,c5ef909be6cda03f0f87a7354355468944e7f8840d5d2d83c344fdbf4a5d3bf6,04d5fc3bd443007507b8d2e2ea870060397833a500615e3e35ce6358bbe17cdf,6
ort_cpp,4,96,29.865,1,1,0,c5ef909be6cda03f0f87a7354355468944e7f8840d5d2d83c344fdbf4a5d3bf6,04d5fc3bd443007507b8d2e2ea870060397833a500615e3e35ce6358bbe17cdf,6
ort_cpp,4,97,30.653,1,1,0,c5ef909be6cda03f0f87a7354355468944e7f8840d5d2d83c344fdbf4a5d3bf6,04d5fc3bd443007507b8d2e2ea870060397833a500615e3e35ce6358bbe17cdf,6
ort_cpp,4,98,27.983,1,1,0,c5ef909be6cda03f0f87a7354355468944e7f8840d5d2d83c344fdbf4a5d3bf6,04d5fc3bd443007507b8d2e2ea870060397833a500615e3e35ce6358bbe17cdf,6
ort_cpp,4,99,28.75,1,1,0,c5ef909be6cda03f0f87a7354355468944e7f8840d5d2d83c344fdbf4a5d3bf6,04d5fc3bd443007507b8d2e2ea870060397833a500615e3e35ce6358bbe17cdf,6
ort_cpp,4,100,31.509,1,1,0,c5ef909be6cda03f0f87a7354355468944e7f8840d5d2d83c344fdbf4a5d3bf6,04d5fc3bd443007507b8d2e2ea870060397833a500615e3e35ce6358bbe17cdf,6
ort_cpp,4,101,30.612,1,1,0,c5ef909be6cda03f0f87a7354355468944e7f8840d5d2d83c344fdbf4a5d3bf6,04d5fc3bd443007507b8d2e2ea870060397833a500615e3e35ce6358bbe17cdf,6
ort_cpp,4,102,27.698,1,1,0,c5ef909be6cda03f0f87a7354355468944e7f8840d5d2d83c344fdbf4a5d3bf6,04d5fc3bd443007507b8d2e2ea870060397833a500615e3e35ce6358bbe17cdf,6
ort_cpp,4,103,28.887,1,1,0,c5ef909be6cda03f0f87a7354355468944e7f8840d5d2d83c344fdbf4a5d3bf6,04d5fc3bd443007507b8d2e2ea870060397833a500615e3e35ce6358bbe17cdf,6
ort_cpp,4,104,31.493,1,1,0,c5ef909be6cda03f0f87a7354355468944e7f8840d5d2d83c344fdbf4a5d3bf6,04d5fc3bd443007507b8d2e2ea870060397833a500615e3e35ce6358bbe17cdf,6
ort_cpp,4,105,29.787,1,1,0,c5ef909be6cda03f0f87a7354355468944e7f8840d5d2d83c344fdbf4a5d3bf6,04d5fc3bd443007507b8d2e2ea870060397833a500615e3e35ce6358bbe17cdf,6
ort_cpp,4,106,29.184,1,1,0,c5ef909be6cda03f0f87a7354355468944e7f8840d5d2d83c344fdbf4a5d3bf6,04d5fc3bd443007507b8d2e2ea870060397833a500615e3e35ce6358bbe17cdf,6
ort_cpp,4,107,32.2,1,1,0,c5ef909be6cda03f0f87a7354355468944e7f8840d5d2d83c344fdbf4a5d3bf6,04d5fc3bd443007507b8d2e2ea870060397833a500615e3e35ce6358bbe17cdf,6
ort_cpp,4,108,29.467,1,1,0,c5ef909be6cda03f0f87a7354355468944e7f8840d5d2d83c344fdbf4a5d3bf6,04d5fc3bd443007507b8d2e2ea870060397833a500615e3e35ce6358bbe17cdf,6
ort_cpp,4,109,28.672,1,1,0,c5ef909be6cda03f0f87a7354355468944e7f8840d5d2d83c344fdbf4a5d3bf6,04d5fc3bd443007507b8d2e2ea870060397833a500615e3e35ce6358bbe17cdf,6
ort_cpp,4,110,28.858,1,1,0,c5ef909be6cda03f0f87a7354355468944e7f8840d5d2d83c344fdbf4a5d3bf6,04d5fc3bd443007507b8d2e2ea870060397833a500615e3e35ce6358bbe17cdf,6
ort_cpp,4,111,31.712,1,1,0,c5ef909be6cda03f0f87a7354355468944e7f8840d5d2d83c344fdbf4a5d3bf6,04d5fc3bd443007507b8d2e2ea870060397833a500615e3e35ce6358bbe17cdf,6
ort_cpp,4,112,30.138,1,1,0,c5ef909be6cda03f0f87a7354355468944e7f8840d5d2d83c344fdbf4a5d3bf6,04d5fc3bd443007507b8d2e2ea870060397833a500615e3e35ce6358bbe17cdf,6
ort_cpp,4,113,29.877,1,1,0,c5ef909be6cda03f0f87a7354355468944e7f8840d5d2d83c344fdbf4a5d3bf6,04d5fc3bd443007507b8d2e2ea870060397833a500615e3e35ce6358bbe17cdf,6
ort_cpp,4,114,33.612,1,1,0,c5ef909be6cda03f0f87a7354355468944e7f8840d5d2d83c344fdbf4a5d3bf6,04d5fc3bd443007507b8d2e2ea870060397833a500615e3e35ce6358bbe17cdf,6
ort_cpp,4,115,29.162,1,1,0,c5ef909be6cda03f0f87a7354355468944e7f8840d5d2d83c344fdbf4a5d3bf6,04d5fc3bd443007507b8d2e2ea870060397833a500615e3e35ce6358bbe17cdf,6
ort_cpp,4,116,30.023,1,1,0,c5ef909be6cda03f0f87a7354355468944e7f8840d5d2d83c344fdbf4a5d3bf6,04d5fc3bd443007507b8d2e2ea870060397833a500615e3e35ce6358bbe17cdf,6
ort_cpp,4,117,29.936,1,1,0,c5ef909be6cda03f0f87a7354355468944e7f8840d5d2d83c344fdbf4a5d3bf6,04d5fc3bd443007507b8d2e2ea870060397833a500615e3e35ce6358bbe17cdf,6
ort_cpp,4,118,33.724,1,1,0,c5ef909be6cda03f0f87a7354355468944e7f8840d5d2d83c344fdbf4a5d3bf6,04d5fc3bd443007507b8d2e2ea870060397833a500615e3e35ce6358bbe17cdf,6
ort_cpp,4,119,31.82,1,1,0,c5ef909be6cda03f0f87a7354355468944e7f8840d5d2d83c344fdbf4a5d3bf6,04d5fc3bd443007507b8d2e2ea870060397833a500615e3e35ce6358bbe17cdf,6
ort_cpp,4,120,29.247,1,1,0,c5ef909be6cda03f0f87a7354355468944e7f8840d5d2d83c344fdbf4a5d3bf6,04d5fc3bd443007507b8d2e2ea870060397833a500615e3e35ce6358bbe17cdf,6
ort_cpp,4,121,29.365,1,1,0,c5ef909be6cda03f0f87a7354355468944e7f8840d5d2d83c344fdbf4a5d3bf6,04d5fc3bd443007507b8d2e2ea870060397833a500615e3e35ce6358bbe17cdf,6
ort_cpp,4,122,29.208,1,1,0,c5ef909be6cda03f0f87a7354355468944e7f8840d5d2d83c344fdbf4a5d3bf6,04d5fc3bd443007507b8d2e2ea870060397833a500615e3e35ce6358bbe17cdf,6
ort_cpp,4,123,29.111,1,1,0,c5ef909be6cda03f0f87a7354355468944e7f8840d5d2d83c344fdbf4a5d3bf6,04d5fc3bd443007507b8d2e2ea870060397833a500615e3e35ce6358bbe17cdf,6
ort_cpp,4,124,31.418,1,1,0,c5ef909be6cda03f0f87a7354355468944e7f8840d5d2d83c344fdbf4a5d3bf6,04d5fc3bd443007507b8d2e2ea870060397833a500615e3e35ce6358bbe17cdf,6
ort_cpp,4,125,28.575,1,1,0,c5ef909be6cda03f0f87a7354355468944e7f8840d5d2d83c344fdbf4a5d3bf6,04d5fc3bd443007507b8d2e2ea870060397833a500615e3e35ce6358bbe17cdf,6
ort_cpp,4,126,28.034,1,1,0,c5ef909be6cda03f0f87a7354355468944e7f8840d5d2d83c344fdbf4a5d3bf6,04d5fc3bd443007507b8d2e2ea870060397833a500615e3e35ce6358bbe17cdf,6
ort_cpp,4,127,29.369,1,1,0,c5ef909be6cda03f0f87a7354355468944e7f8840d5d2d83c344fdbf4a5d3bf6,04d5fc3bd443007507b8d2e2ea870060397833a500615e3e35ce6358bbe17cdf,6
ort_cpp,4,128,32.918,1,1,0,c5ef909be6cda03f0f87a7354355468944e7f8840d5d2d83c344fdbf4a5d3bf6,04d5fc3bd443007507b8d2e2ea870060397833a500615e3e35ce6358bbe17cdf,6
ort_cpp,4,129,28.049,1,1,0,c5ef909be6cda03f0f87a7354355468944e7f8840d5d2d83c344fdbf4a5d3bf6,04d5fc3bd443007507b8d2e2ea870060397833a500615e3e35ce6358bbe17cdf,6
ort_cpp,4,130,28.578,1,1,0,c5ef909be6cda03f0f87a7354355468944e7f8840d5d2d83c344fdbf4a5d3bf6,04d5fc3bd443007507b8d2e2ea870060397833a500615e3e35ce6358bbe17cdf,6
ort_cpp,4,131,32.065,1,1,0,c5ef909be6cda03f0f87a7354355468944e7f8840d5d2d83c344fdbf4a5d3bf6,04d5fc3bd443007507b8d2e2ea870060397833a500615e3e35ce6358bbe17cdf,6
ort_cpp,4,132,32.453,1,1,0,c5ef909be6cda03f0f87a7354355468944e7f8840d5d2d83c344fdbf4a5d3bf6,04d5fc3bd443007507b8d2e2ea870060397833a500615e3e35ce6358bbe17cdf,6
ort_cpp,4,133,30.972,1,1,0,c5ef909be6cda03f0f87a7354355468944e7f8840d5d2d83c344fdbf4a5d3bf6,04d5fc3bd443007507b8d2e2ea870060397833a500615e3e35ce6358bbe17cdf,6
ort_cpp,4,134,31.158,1,1,0,c5ef909be6cda03f0f87a7354355468944e7f8840d5d2d83c344fdbf4a5d3bf6,04d5fc3bd443007507b8d2e2ea870060397833a500615e3e35ce6358bbe17cdf,6
ort_cpp,4,135,29.114,1,1,0,c5ef909be6cda03f0f87a7354355468944e7f8840d5d2d83c344fdbf4a5d3bf6,04d5fc3bd443007507b8d2e2ea870060397833a500615e3e35ce6358bbe17cdf,6
ort_cpp,4,136,32.197,1,1,0,c5ef909be6cda03f0f87a7354355468944e7f8840d5d2d83c344fdbf4a5d3bf6,04d5fc3bd443007507b8d2e2ea870060397833a500615e3e35ce6358bbe17cdf,6
ort_cpp,4,137,30.844,1,1,0,c5ef909be6cda03f0f87a7354355468944e7f8840d5d2d83c344fdbf4a5d3bf6,04d5fc3bd443007507b8d2e2ea870060397833a500615e3e35ce6358bbe17cdf,6
ort_cpp,4,138,29.986,1,1,0,c5ef909be6cda03f0f87a7354355468944e7f8840d5d2d83c344fdbf4a5d3bf6,04d5fc3bd443007507b8d2e2ea870060397833a500615e3e35ce6358bbe17cdf,6
ort_cpp,4,139,28.928,1,1,0,c5ef909be6cda03f0f87a7354355468944e7f8840d5d2d83c344fdbf4a5d3bf6,04d5fc3bd443007507b8d2e2ea870060397833a500615e3e35ce6358bbe17cdf,6
ort_cpp,4,140,28.986,1,1,0,c5ef909be6cda03f0f87a7354355468944e7f8840d5d2d83c344fdbf4a5d3bf6,04d5fc3bd443007507b8d2e2ea870060397833a500615e3e35ce6358bbe17cdf,6
ort_cpp,4,141,29.854,1,1,0,c5ef909be6cda03f0f87a7354355468944e7f8840d5d2d83c344fdbf4a5d3bf6,04d5fc3bd443007507b8d2e2ea870060397833a500615e3e35ce6358bbe17cdf,6
ort_cpp,4,142,30.93,1,1,0,c5ef909be6cda03f0f87a7354355468944e7f8840d5d2d83c344fdbf4a5d3bf6,04d5fc3bd443007507b8d2e2ea870060397833a500615e3e35ce6358bbe17cdf,6
ort_cpp,4,143,28.375,1,1,0,c5ef909be6cda03f0f87a7354355468944e7f8840d5d2d83c344fdbf4a5d3bf6,04d5fc3bd443007507b8d2e2ea870060397833a500615e3e35ce6358bbe17cdf,6
ort_cpp,4,144,30.737,1,1,0,c5ef909be6cda03f0f87a7354355468944e7f8840d5d2d83c344fdbf4a5d3bf6,04d5fc3bd443007507b8d2e2ea870060397833a500615e3e35ce6358bbe17cdf,6
ort_cpp,4,145,28.875,1,1,0,c5ef909be6cda03f0f87a7354355468944e7f8840d5d2d83c344fdbf4a5d3bf6,04d5fc3bd443007507b8d2e2ea870060397833a500615e3e35ce6358bbe17cdf,6
ort_cpp,4,146,28.975,1,1,0,c5ef909be6cda03f0f87a7354355468944e7f8840d5d2d83c344fdbf4a5d3bf6,04d5fc3bd443007507b8d2e2ea870060397833a500615e3e35ce6358bbe17cdf,6
ort_cpp,4,147,30.346,1,1,0,c5ef909be6cda03f0f87a7354355468944e7f8840d5d2d83c344fdbf4a5d3bf6,04d5fc3bd443007507b8d2e2ea870060397833a500615e3e35ce6358bbe17cdf,6
ort_cpp,4,148,31.52,1,1,0,c5ef909be6cda03f0f87a7354355468944e7f8840d5d2d83c344fdbf4a5d3bf6,04d5fc3bd443007507b8d2e2ea870060397833a500615e3e35ce6358bbe17cdf,6
ort_cpp,4,149,29.497,1,1,0,c5ef909be6cda03f0f87a7354355468944e7f8840d5d2d83c344fdbf4a5d3bf6,04d5fc3bd443007507b8d2e2ea870060397833a500615e3e35ce6358bbe17cdf,6
ort_cpp,4,150,28.629,1,1,0,c5ef909be6cda03f0f87a7354355468944e7f8840d5d2d83c344fdbf4a5d3bf6,04d5fc3bd443007507b8d2e2ea870060397833a500615e3e35ce6358bbe17cdf,6
ort_cpp,4,151,28.432,1,1,0,c5ef909be6cda03f0f87a7354355468944e7f8840d5d2d83c344fdbf4a5d3bf6,04d5fc3bd443007507b8d2e2ea870060397833a500615e3e35ce6358bbe17cdf,6
ort_cpp,4,152,30.968,1,1,0,c5ef909be6cda03f0f87a7354355468944e7f8840d5d2d83c344fdbf4a5d3bf6,04d5fc3bd443007507b8d2e2ea870060397833a500615e3e35ce6358bbe17cdf,6
ort_cpp,4,153,28.773,1,1,0,c5ef909be6cda03f0f87a7354355468944e7f8840d5d2d83c344fdbf4a5d3bf6,04d5fc3bd443007507b8d2e2ea870060397833a500615e3e35ce6358bbe17cdf,6
ort_cpp,4,154,28.715,1,1,0,c5ef909be6cda03f0f87a7354355468944e7f8840d5d2d83c344fdbf4a5d3bf6,04d5fc3bd443007507b8d2e2ea870060397833a500615e3e35ce6358bbe17cdf,6
ort_cpp,4,155,30.403,1,1,0,c5ef909be6cda03f0f87a7354355468944e7f8840d5d2d83c344fdbf4a5d3bf6,04d5fc3bd443007507b8d2e2ea870060397833a500615e3e35ce6358bbe17cdf,6
ort_cpp,4,156,34.188,1,1,0,c5ef909be6cda03f0f87a7354355468944e7f8840d5d2d83c344fdbf4a5d3bf6,04d5fc3bd443007507b8d2e2ea870060397833a500615e3e35ce6358bbe17cdf,6
ort_cpp,4,157,32.903,1,1,0,c5ef909be6cda03f0f87a7354355468944e7f8840d5d2d83c344fdbf4a5d3bf6,04d5fc3bd443007507b8d2e2ea870060397833a500615e3e35ce6358bbe17cdf,6
ort_cpp,4,158,30.5,1,1,0,c5ef909be6cda03f0f87a7354355468944e7f8840d5d2d83c344fdbf4a5d3bf6,04d5fc3bd443007507b8d2e2ea870060397833a500615e3e35ce6358bbe17cdf,6
ort_cpp,4,159,29.424,1,1,0,c5ef909be6cda03f0f87a7354355468944e7f8840d5d2d83c344fdbf4a5d3bf6,04d5fc3bd443007507b8d2e2ea870060397833a500615e3e35ce6358bbe17cdf,6
ort_cpp,4,160,30.261,1,1,0,c5ef909be6cda03f0f87a7354355468944e7f8840d5d2d83c344fdbf4a5d3bf6,04d5fc3bd443007507b8d2e2ea870060397833a500615e3e35ce6358bbe17cdf,6
ort_cpp,4,161,27.146,1,1,0,c5ef909be6cda03f0f87a7354355468944e7f8840d5d2d83c344fdbf4a5d3bf6,04d5fc3bd443007507b8d2e2ea870060397833a500615e3e35ce6358bbe17cdf,6
ort_cpp,4,162,30.31,1,1,0,c5ef909be6cda03f0f87a7354355468944e7f8840d5d2d83c344fdbf4a5d3bf6,04d5fc3bd443007507b8d2e2ea870060397833a500615e3e35ce6358bbe17cdf,6
ort_cpp,4,163,29.809,1,1,0,c5ef909be6cda03f0f87a7354355468944e7f8840d5d2d83c344fdbf4a5d3bf6,04d5fc3bd443007507b8d2e2ea870060397833a500615e3e35ce6358bbe17cdf,6
ort_cpp,4,164,30.195,1,1,0,c5ef909be6cda03f0f87a7354355468944e7f8840d5d2d83c344fdbf4a5d3bf6,04d5fc3bd443007507b8d2e2ea870060397833a500615e3e35ce6358bbe17cdf,6
ort_cpp,4,165,29.163,1,1,0,c5ef909be6cda03f0f87a7354355468944e7f8840d5d2d83c344fdbf4a5d3bf6,04d5fc3bd443007507b8d2e2ea870060397833a500615e3e35ce6358bbe17cdf,6
ort_cpp,4,166,28.996,1,1,0,c5ef909be6cda03f0f87a7354355468944e7f8840d5d2d83c344fdbf4a5d3bf6,04d5fc3bd443007507b8d2e2ea870060397833a500615e3e35ce6358bbe17cdf,6
ort_cpp,4,167,29.502,1,1,0,c5ef909be6cda03f0f87a7354355468944e7f8840d5d2d83c344fdbf4a5d3bf6,04d5fc3bd443007507b8d2e2ea870060397833a500615e3e35ce6358bbe17cdf,6
ort_cpp,4,168,31.792,1,1,0,c5ef909be6cda03f0f87a7354355468944e7f8840d5d2d83c344fdbf4a5d3bf6,04d5fc3bd443007507b8d2e2ea870060397833a500615e3e35ce6358bbe17cdf,6
ort_cpp,4,169,30.71,1,1,0,c5ef909be6cda03f0f87a7354355468944e7f8840d5d2d83c344fdbf4a5d3bf6,04d5fc3bd443007507b8d2e2ea870060397833a500615e3e35ce6358bbe17cdf,6
ort_cpp,4,170,29.695,1,1,0,c5ef909be6cda03f0f87a7354355468944e7f8840d5d2d83c344fdbf4a5d3bf6,04d5fc3bd443007507b8d2e2ea870060397833a500615e3e35ce6358bbe17cdf,6
ort_cpp,4,171,29.663,1,1,0,c5ef909be6cda03f0f87a7354355468944e7f8840d5d2d83c344fdbf4a5d3bf6,04d5fc3bd443007507b8d2e2ea870060397833a500615e3e35ce6358bbe17cdf,6
ort_cpp,4,172,32.841,1,1,0,c5ef909be6cda03f0f87a7354355468944e7f8840d5d2d83c344fdbf4a5d3bf6,04d5fc3bd443007507b8d2e2ea870060397833a500615e3e35ce6358bbe17cdf,6
ort_cpp,4,173,28.459,1,1,0,c5ef909be6cda03f0f87a7354355468944e7f8840d5d2d83c344fdbf4a5d3bf6,04d5fc3bd443007507b8d2e2ea870060397833a500615e3e35ce6358bbe17cdf,6
ort_cpp,4,174,28.89,1,1,0,c5ef909be6cda03f0f87a7354355468944e7f8840d5d2d83c344fdbf4a5d3bf6,04d5fc3bd443007507b8d2e2ea870060397833a500615e3e35ce6358bbe17cdf,6
ort_cpp,4,175,29.993,1,1,0,c5ef909be6cda03f0f87a7354355468944e7f8840d5d2d83c344fdbf4a5d3bf6,04d5fc3bd443007507b8d2e2ea870060397833a500615e3e35ce6358bbe17cdf,6
ort_cpp,4,176,29.155,1,1,0,c5ef909be6cda03f0f87a7354355468944e7f8840d5d2d83c344fdbf4a5d3bf6,04d5fc3bd443007507b8d2e2ea870060397833a500615e3e35ce6358bbe17cdf,6
ort_cpp,4,177,29.7,1,1,0,c5ef909be6cda03f0f87a7354355468944e7f8840d5d2d83c344fdbf4a5d3bf6,04d5fc3bd443007507b8d2e2ea870060397833a500615e3e35ce6358bbe17cdf,6
ort_cpp,4,178,28.663,1,1,0,c5ef909be6cda03f0f87a7354355468944e7f8840d5d2d83c344fdbf4a5d3bf6,04d5fc3bd443007507b8d2e2ea870060397833a500615e3e35ce6358bbe17cdf,6
ort_cpp,4,179,32.223,1,1,0,c5ef909be6cda03f0f87a7354355468944e7f8840d5d2d83c344fdbf4a5d3bf6,04d5fc3bd443007507b8d2e2ea870060397833a500615e3e35ce6358bbe17cdf,6
ort_cpp,4,180,27.99,1,1,0,c5ef909be6cda03f0f87a7354355468944e7f8840d5d2d83c344fdbf4a5d3bf6,04d5fc3bd443007507b8d2e2ea870060397833a500615e3e35ce6358bbe17cdf,6
ort_cpp,4,181,29.116,1,1,0,c5ef909be6cda03f0f87a7354355468944e7f8840d5d2d83c344fdbf4a5d3bf6,04d5fc3bd443007507b8d2e2ea870060397833a500615e3e35ce6358bbe17cdf,6
ort_cpp,4,182,30.738,1,1,0,c5ef909be6cda03f0f87a7354355468944e7f8840d5d2d83c344fdbf4a5d3bf6,04d5fc3bd443007507b8d2e2ea870060397833a500615e3e35ce6358bbe17cdf,6
ort_cpp,4,183,31.722,1,1,0,c5ef909be6cda03f0f87a7354355468944e7f8840d5d2d83c344fdbf4a5d3bf6,04d5fc3bd443007507b8d2e2ea870060397833a500615e3e35ce6358bbe17cdf,6
ort_cpp,4,184,29.053,1,1,0,c5ef909be6cda03f0f87a7354355468944e7f8840d5d2d83c344fdbf4a5d3bf6,04d5fc3bd443007507b8d2e2ea870060397833a500615e3e35ce6358bbe17cdf,6
ort_cpp,4,185,27.917,1,1,0,c5ef909be6cda03f0f87a7354355468944e7f8840d5d2d83c344fdbf4a5d3bf6,04d5fc3bd443007507b8d2e2ea870060397833a500615e3e35ce6358bbe17cdf,6
ort_cpp,4,186,31.439,1,1,0,c5ef909be6cda03f0f87a7354355468944e7f8840d5d2d83c344fdbf4a5d3bf6,04d5fc3bd443007507b8d2e2ea870060397833a500615e3e35ce6358bbe17cdf,6
ort_cpp,4,187,29.313,1,1,0,c5ef909be6cda03f0f87a7354355468944e7f8840d5d2d83c344fdbf4a5d3bf6,04d5fc3bd443007507b8d2e2ea870060397833a500615e3e35ce6358bbe17cdf,6
ort_cpp,4,188,29.335,1,1,0,c5ef909be6cda03f0f87a7354355468944e7f8840d5d2d83c344fdbf4a5d3bf6,04d5fc3bd443007507b8d2e2ea870060397833a500615e3e35ce6358bbe17cdf,6
ort_cpp,4,189,31.227,1,1,0,c5ef909be6cda03f0f87a7354355468944e7f8840d5d2d83c344fdbf4a5d3bf6,04d5fc3bd443007507b8d2e2ea870060397833a500615e3e35ce6358bbe17cdf,6
ort_cpp,4,190,27.937,1,1,0,c5ef909be6cda03f0f87a7354355468944e7f8840d5d2d83c344fdbf4a5d3bf6,04d5fc3bd443007507b8d2e2ea870060397833a500615e3e35ce6358bbe17cdf,6
ort_cpp,4,191,30.817,1,1,0,c5ef909be6cda03f0f87a7354355468944e7f8840d5d2d83c344fdbf4a5d3bf6,04d5fc3bd443007507b8d2e2ea870060397833a500615e3e35ce6358bbe17cdf,6
ort_cpp,4,192,29.873,1,1,0,c5ef909be6cda03f0f87a7354355468944e7f8840d5d2d83c344fdbf4a5d3bf6,04d5fc3bd443007507b8d2e2ea870060397833a500615e3e35ce6358bbe17cdf,6
ort_cpp,4,193,31.006,1,1,0,c5ef909be6cda03f0f87a7354355468944e7f8840d5d2d83c344fdbf4a5d3bf6,04d5fc3bd443007507b8d2e2ea870060397833a500615e3e35ce6358bbe17cdf,6
ort_cpp,4,194,29.57,1,1,0,c5ef909be6cda03f0f87a7354355468944e7f8840d5d2d83c344fdbf4a5d3bf6,04d5fc3bd443007507b8d2e2ea870060397833a500615e3e35ce6358bbe17cdf,6
ort_cpp,4,195,30.773,1,1,0,c5ef909be6cda03f0f87a7354355468944e7f8840d5d2d83c344fdbf4a5d3bf6,04d5fc3bd443007507b8d2e2ea870060397833a500615e3e35ce6358bbe17cdf,6
ort_cpp,4,196,31.633,1,1,0,c5ef909be6cda03f0f87a7354355468944e7f8840d5d2d83c344fdbf4a5d3bf6,04d5fc3bd443007507b8d2e2ea870060397833a500615e3e35ce6358bbe17cdf,6
ort_cpp,4,197,28.293,1,1,0,c5ef909be6cda03f0f87a7354355468944e7f8840d5d2d83c344fdbf4a5d3bf6,04d5fc3bd443007507b8d2e2ea870060397833a500615e3e35ce6358bbe17cdf,6
ort_cpp,4,198,28.345,1,1,0,c5ef909be6cda03f0f87a7354355468944e7f8840d5d2d83c344fdbf4a5d3bf6,04d5fc3bd443007507b8d2e2ea870060397833a500615e3e35ce6358bbe17cdf,6
ort_cpp,4,199,30.971,1,1,0,c5ef909be6cda03f0f87a7354355468944e7f8840d5d2d83c344fdbf4a5d3bf6,04d5fc3bd443007507b8d2e2ea870060397833a500615e3e35ce6358bbe17cdf,6
ort_cpp,4,200,28.847,1,1,0,c5ef909be6cda03f0f87a7354355468944e7f8840d5d2d83c344fdbf4a5d3bf6,04d5fc3bd443007507b8d2e2ea870060397833a500615e3e35ce6358bbe17cdf,6
ort_cpp,4,201,29.275,1,1,0,c5ef909be6cda03f0f87a7354355468944e7f8840d5d2d83c344fdbf4a5d3bf6,04d5fc3bd443007507b8d2e2ea870060397833a500615e3e35ce6358bbe17cdf,6
ort_cpp,4,202,28.507,1,1,0,c5ef909be6cda03f0f87a7354355468944e7f8840d5d2d83c344fdbf4a5d3bf6,04d5fc3bd443007507b8d2e2ea870060397833a500615e3e35ce6358bbe17cdf,6
ort_cpp,4,203,31.119,1,1,0,c5ef909be6cda03f0f87a7354355468944e7f8840d5d2d83c344fdbf4a5d3bf6,04d5fc3bd443007507b8d2e2ea870060397833a500615e3e35ce6358bbe17cdf,6
ort_cpp,4,204,27.244,1,1,0,c5ef909be6cda03f0f87a7354355468944e7f8840d5d2d83c344fdbf4a5d3bf6,04d5fc3bd443007507b8d2e2ea870060397833a500615e3e35ce6358bbe17cdf,6
ort_cpp,4,205,28.634,1,1,0,c5ef909be6cda03f0f87a7354355468944e7f8840d5d2d83c344fdbf4a5d3bf6,04d5fc3bd443007507b8d2e2ea870060397833a500615e3e35ce6358bbe17cdf,6
ort_cpp,4,206,31.549,1,1,0,c5ef909be6cda03f0f87a7354355468944e7f8840d5d2d83c344fdbf4a5d3bf6,04d5fc3bd443007507b8d2e2ea870060397833a500615e3e35ce6358bbe17cdf,6
ort_cpp,4,207,30.06,1,1,0,c5ef909be6cda03f0f87a7354355468944e7f8840d5d2d83c344fdbf4a5d3bf6,04d5fc3bd443007507b8d2e2ea870060397833a500615e3e35ce6358bbe17cdf,6
ort_cpp,4,208,27.581,1,1,0,c5ef909be6cda03f0f87a7354355468944e7f8840d5d2d83c344fdbf4a5d3bf6,04d5fc3bd443007507b8d2e2ea870060397833a500615e3e35ce6358bbe17cdf,6
ort_cpp,4,209,29.05,1,1,0,c5ef909be6cda03f0f87a7354355468944e7f8840d5d2d83c344fdbf4a5d3bf6,04d5fc3bd443007507b8d2e2ea870060397833a500615e3e35ce6358bbe17cdf,6
ort_cpp,4,210,30.204,1,1,0,c5ef909be6cda03f0f87a7354355468944e7f8840d5d2d83c344fdbf4a5d3bf6,04d5fc3bd443007507b8d2e2ea870060397833a500615e3e35ce6358bbe17cdf,6
ort_cpp,4,211,30.389,1,1,0,c5ef909be6cda03f0f87a7354355468944e7f8840d5d2d83c344fdbf4a5d3bf6,04d5fc3bd443007507b8d2e2ea870060397833a500615e3e35ce6358bbe17cdf,6
ort_cpp,4,212,27.671,1,1,0,c5ef909be6cda03f0f87a7354355468944e7f8840d5d2d83c344fdbf4a5d3bf6,04d5fc3bd443007507b8d2e2ea870060397833a500615e3e35ce6358bbe17cdf,6
ort_cpp,4,213,31.297,1,1,0,c5ef909be6cda03f0f87a7354355468944e7f8840d5d2d83c344fdbf4a5d3bf6,04d5fc3bd443007507b8d2e2ea870060397833a500615e3e35ce6358bbe17cdf,6
ort_cpp,4,214,28.541,1,1,0,c5ef909be6cda03f0f87a7354355468944e7f8840d5d2d83c344fdbf4a5d3bf6,04d5fc3bd443007507b8d2e2ea870060397833a500615e3e35ce6358bbe17cdf,6
ort_cpp,4,215,28.785,1,1,0,c5ef909be6cda03f0f87a7354355468944e7f8840d5d2d83c344fdbf4a5d3bf6,04d5fc3bd443007507b8d2e2ea870060397833a500615e3e35ce6358bbe17cdf,6
ort_cpp,4,216,28.01,1,1,0,c5ef909be6cda03f0f87a7354355468944e7f8840d5d2d83c344fdbf4a5d3bf6,04d5fc3bd443007507b8d2e2ea870060397833a500615e3e35ce6358bbe17cdf,6
ort_cpp,4,217,31.022,1,1,0,c5ef909be6cda03f0f87a7354355468944e7f8840d5d2d83c344fdbf4a5d3bf6,04d5fc3bd443007507b8d2e2ea870060397833a500615e3e35ce6358bbe17cdf,6
ort_cpp,4,218,28.855,1,1,0,c5ef909be6cda03f0f87a7354355468944e7f8840d5d2d83c344fdbf4a5d3bf6,04d5fc3bd443007507b8d2e2ea870060397833a500615e3e35ce6358bbe17cdf,6
ort_cpp,4,219,29.219,1,1,0,c5ef909be6cda03f0f87a7354355468944e7f8840d5d2d83c344fdbf4a5d3bf6,04d5fc3bd443007507b8d2e2ea870060397833a500615e3e35ce6358bbe17cdf,6
ort_cpp,4,220,32.69,1,1,0,c5ef909be6cda03f0f87a7354355468944e7f8840d5d2d83c344fdbf4a5d3bf6,04d5fc3bd443007507b8d2e2ea870060397833a500615e3e35ce6358bbe17cdf,6
ort_cpp,4,221,29.928,1,1,0,c5ef909be6cda03f0f87a7354355468944e7f8840d5d2d83c344fdbf4a5d3bf6,04d5fc3bd443007507b8d2e2ea870060397833a500615e3e35ce6358bbe17cdf,6
ort_cpp,4,222,27.948,1,1,0,c5ef909be6cda03f0f87a7354355468944e7f8840d5d2d83c344fdbf4a5d3bf6,04d5fc3bd443007507b8d2e2ea870060397833a500615e3e35ce6358bbe17cdf,6
ort_cpp,4,223,28.799,1,1,0,c5ef909be6cda03f0f87a7354355468944e7f8840d5d2d83c344fdbf4a5d3bf6,04d5fc3bd443007507b8d2e2ea870060397833a500615e3e35ce6358bbe17cdf,6
ort_cpp,4,224,31.475,1,1,0,c5ef909be6cda03f0f87a7354355468944e7f8840d5d2d83c344fdbf4a5d3bf6,04d5fc3bd443007507b8d2e2ea870060397833a500615e3e35ce6358bbe17cdf,6
ort_cpp,4,225,29.652,1,1,0,c5ef909be6cda03f0f87a7354355468944e7f8840d5d2d83c344fdbf4a5d3bf6,04d5fc3bd443007507b8d2e2ea870060397833a500615e3e35ce6358bbe17cdf,6
ort_cpp,4,226,27.968,1,1,0,c5ef909be6cda03f0f87a7354355468944e7f8840d5d2d83c344fdbf4a5d3bf6,04d5fc3bd443007507b8d2e2ea870060397833a500615e3e35ce6358bbe17cdf,6
ort_cpp,4,227,30.602,1,1,0,c5ef909be6cda03f0f87a7354355468944e7f8840d5d2d83c344fdbf4a5d3bf6,04d5fc3bd443007507b8d2e2ea870060397833a500615e3e35ce6358bbe17cdf,6
ort_cpp,4,228,28.815,1,1,0,c5ef909be6cda03f0f87a7354355468944e7f8840d5d2d83c344fdbf4a5d3bf6,04d5fc3bd443007507b8d2e2ea870060397833a500615e3e35ce6358bbe17cdf,6
ort_cpp,4,229,28.839,1,1,0,c5ef909be6cda03f0f87a7354355468944e7f8840d5d2d83c344fdbf4a5d3bf6,04d5fc3bd443007507b8d2e2ea870060397833a500615e3e35ce6358bbe17cdf,6
ort_cpp,4,230,27.48,1,1,0,c5ef909be6cda03f0f87a7354355468944e7f8840d5d2d83c344fdbf4a5d3bf6,04d5fc3bd443007507b8d2e2ea870060397833a500615e3e35ce6358bbe17cdf,6
ort_cpp,4,231,31.253,1,1,0,c5ef909be6cda03f0f87a7354355468944e7f8840d5d2d83c344fdbf4a5d3bf6,04d5fc3bd443007507b8d2e2ea870060397833a500615e3e35ce6358bbe17cdf,6
ort_cpp,4,232,32.251,1,1,0,c5ef909be6cda03f0f87a7354355468944e7f8840d5d2d83c344fdbf4a5d3bf6,04d5fc3bd443007507b8d2e2ea870060397833a500615e3e35ce6358bbe17cdf,6
ort_cpp,4,233,30.283,1,1,0,c5ef909be6cda03f0f87a7354355468944e7f8840d5d2d83c344fdbf4a5d3bf6,04d5fc3bd443007507b8d2e2ea870060397833a500615e3e35ce6358bbe17cdf,6
ort_cpp,4,234,30.502,1,1,0,c5ef909be6cda03f0f87a7354355468944e7f8840d5d2d83c344fdbf4a5d3bf6,04d5fc3bd443007507b8d2e2ea870060397833a500615e3e35ce6358bbe17cdf,6
ort_cpp,4,235,31.201,1,1,0,c5ef909be6cda03f0f87a7354355468944e7f8840d5d2d83c344fdbf4a5d3bf6,04d5fc3bd443007507b8d2e2ea870060397833a500615e3e35ce6358bbe17cdf,6
ort_cpp,4,236,28.896,1,1,0,c5ef909be6cda03f0f87a7354355468944e7f8840d5d2d83c344fdbf4a5d3bf6,04d5fc3bd443007507b8d2e2ea870060397833a500615e3e35ce6358bbe17cdf,6
ort_cpp,4,237,31.232,1,1,0,c5ef909be6cda03f0f87a7354355468944e7f8840d5d2d83c344fdbf4a5d3bf6,04d5fc3bd443007507b8d2e2ea870060397833a500615e3e35ce6358bbe17cdf,6
ort_cpp,4,238,28.746,1,1,0,c5ef909be6cda03f0f87a7354355468944e7f8840d5d2d83c344fdbf4a5d3bf6,04d5fc3bd443007507b8d2e2ea870060397833a500615e3e35ce6358bbe17cdf,6
ort_cpp,4,239,30.005,1,1,0,c5ef909be6cda03f0f87a7354355468944e7f8840d5d2d83c344fdbf4a5d3bf6,04d5fc3bd443007507b8d2e2ea870060397833a500615e3e35ce6358bbe17cdf,6
ort_cpp,4,240,28.266,1,1,0,c5ef909be6cda03f0f87a7354355468944e7f8840d5d2d83c344fdbf4a5d3bf6,04d5fc3bd443007507b8d2e2ea870060397833a500615e3e35ce6358bbe17cdf,6
ort_cpp,4,241,30.45,1,1,0,c5ef909be6cda03f0f87a7354355468944e7f8840d5d2d83c344fdbf4a5d3bf6,04d5fc3bd443007507b8d2e2ea870060397833a500615e3e35ce6358bbe17cdf,6
ort_cpp,4,242,28.221,1,1,0,c5ef909be6cda03f0f87a7354355468944e7f8840d5d2d83c344fdbf4a5d3bf6,04d5fc3bd443007507b8d2e2ea870060397833a500615e3e35ce6358bbe17cdf,6
ort_cpp,4,243,29.127,1,1,0,c5ef909be6cda03f0f87a7354355468944e7f8840d5d2d83c344fdbf4a5d3bf6,04d5fc3bd443007507b8d2e2ea870060397833a500615e3e35ce6358bbe17cdf,6
ort_cpp,4,244,30.5,1,1,0,c5ef909be6cda03f0f87a7354355468944e7f8840d5d2d83c344fdbf4a5d3bf6,04d5fc3bd443007507b8d2e2ea870060397833a500615e3e35ce6358bbe17cdf,6
ort_cpp,4,245,27.689,1,1,0,c5ef909be6cda03f0f87a7354355468944e7f8840d5d2d83c344fdbf4a5d3bf6,04d5fc3bd443007507b8d2e2ea870060397833a500615e3e35ce6358bbe17cdf,6
ort_cpp,4,246,27.865,1,1,0,c5ef909be6cda03f0f87a7354355468944e7f8840d5d2d83c344fdbf4a5d3bf6,04d5fc3bd443007507b8d2e2ea870060397833a500615e3e35ce6358bbe17cdf,6
ort_cpp,4,247,28.577,1,1,0,c5ef909be6cda03f0f87a7354355468944e7f8840d5d2d83c344fdbf4a5d3bf6,04d5fc3bd443007507b8d2e2ea870060397833a500615e3e35ce6358bbe17cdf,6
ort_cpp,4,248,29.877,1,1,0,c5ef909be6cda03f0f87a7354355468944e7f8840d5d2d83c344fdbf4a5d3bf6,04d5fc3bd443007507b8d2e2ea870060397833a500615e3e35ce6358bbe17cdf,6
ort_cpp,4,249,29.31,1,1,0,c5ef909be6cda03f0f87a7354355468944e7f8840d5d2d83c344fdbf4a5d3bf6,04d5fc3bd443007507b8d2e2ea870060397833a500615e3e35ce6358bbe17cdf,6
ort_cpp,4,250,30.35,1,1,0,c5ef909be6cda03f0f87a7354355468944e7f8840d5d2d83c344fdbf4a5d3bf6,04d5fc3bd443007507b8d2e2ea870060397833a500615e3e35ce6358bbe17cdf,6
ort_cpp,4,251,27.786,1,1,0,c5ef909be6cda03f0f87a7354355468944e7f8840d5d2d83c344fdbf4a5d3bf6,04d5fc3bd443007507b8d2e2ea870060397833a500615e3e35ce6358bbe17cdf,6
ort_cpp,4,252,30.283,1,1,0,c5ef909be6cda03f0f87a7354355468944e7f8840d5d2d83c344fdbf4a5d3bf6,04d5fc3bd443007507b8d2e2ea870060397833a500615e3e35ce6358bbe17cdf,6
ort_cpp,4,253,27.567,1,1,0,c5ef909be6cda03f0f87a7354355468944e7f8840d5d2d83c344fdbf4a5d3bf6,04d5fc3bd443007507b8d2e2ea870060397833a500615e3e35ce6358bbe17cdf,6
ort_cpp,4,254,28.1,1,1,0,c5ef909be6cda03f0f87a7354355468944e7f8840d5d2d83c344fdbf4a5d3bf6,04d5fc3bd443007507b8d2e2ea870060397833a500615e3e35ce6358bbe17cdf,6
ort_cpp,4,255,30.046,1,1,0,c5ef909be6cda03f0f87a7354355468944e7f8840d5d2d83c344fdbf4a5d3bf6,04d5fc3bd443007507b8d2e2ea870060397833a500615e3e35ce6358bbe17cdf,6
ort_cpp,4,256,28.781,1,1,0,c5ef909be6cda03f0f87a7354355468944e7f8840d5d2d83c344fdbf4a5d3bf6,04d5fc3bd443007507b8d2e2ea870060397833a500615e3e35ce6358bbe17cdf,6
ort_cpp,4,257,30.302,1,1,0,c5ef909be6cda03f0f87a7354355468944e7f8840d5d2d83c344fdbf4a5d3bf6,04d5fc3bd443007507b8d2e2ea870060397833a500615e3e35ce6358bbe17cdf,6
ort_cpp,4,258,27.863,1,1,0,c5ef909be6cda03f0f87a7354355468944e7f8840d5d2d83c344fdbf4a5d3bf6,04d5fc3bd443007507b8d2e2ea870060397833a500615e3e35ce6358bbe17cdf,6
ort_cpp,4,259,29.801,1,1,0,c5ef909be6cda03f0f87a7354355468944e7f8840d5d2d83c344fdbf4a5d3bf6,04d5fc3bd443007507b8d2e2ea870060397833a500615e3e35ce6358bbe17cdf,6
ort_cpp,4,260,29.069,1,1,0,c5ef909be6cda03f0f87a7354355468944e7f8840d5d2d83c344fdbf4a5d3bf6,04d5fc3bd443007507b8d2e2ea870060397833a500615e3e35ce6358bbe17cdf,6
ort_cpp,4,261,28.5,1,1,0,c5ef909be6cda03f0f87a7354355468944e7f8840d5d2d83c344fdbf4a5d3bf6,04d5fc3bd443007507b8d2e2ea870060397833a500615e3e35ce6358bbe17cdf,6
ort_cpp,4,262,29.358,1,1,0,c5ef909be6cda03f0f87a7354355468944e7f8840d5d2d83c344fdbf4a5d3bf6,04d5fc3bd443007507b8d2e2ea870060397833a500615e3e35ce6358bbe17cdf,6
ort_cpp,4,263,28.617,1,1,0,c5ef909be6cda03f0f87a7354355468944e7f8840d5d2d83c344fdbf4a5d3bf6,04d5fc3bd443007507b8d2e2ea870060397833a500615e3e35ce6358bbe17cdf,6
ort_cpp,4,264,27.959,1,1,0,c5ef909be6cda03f0f87a7354355468944e7f8840d5d2d83c344fdbf4a5d3bf6,04d5fc3bd443007507b8d2e2ea870060397833a500615e3e35ce6358bbe17cdf,6
ort_cpp,4,265,27.575,1,1,0,c5ef909be6cda03f0f87a7354355468944e7f8840d5d2d83c344fdbf4a5d3bf6,04d5fc3bd443007507b8d2e2ea870060397833a500615e3e35ce6358bbe17cdf,6
ort_cpp,4,266,30.038,1,1,0,c5ef909be6cda03f0f87a7354355468944e7f8840d5d2d83c344fdbf4a5d3bf6,04d5fc3bd443007507b8d2e2ea870060397833a500615e3e35ce6358bbe17cdf,6
ort_cpp,4,267,27.707,1,1,0,c5ef909be6cda03f0f87a7354355468944e7f8840d5d2d83c344fdbf4a5d3bf6,04d5fc3bd443007507b8d2e2ea870060397833a500615e3e35ce6358bbe17cdf,6
ort_cpp,4,268,29.774,1,1,0,c5ef909be6cda03f0f87a7354355468944e7f8840d5d2d83c344fdbf4a5d3bf6,04d5fc3bd443007507b8d2e2ea870060397833a500615e3e35ce6358bbe17cdf,6
ort_cpp,4,269,30.386,1,1,0,c5ef909be6cda03f0f87a7354355468944e7f8840d5d2d83c344fdbf4a5d3bf6,04d5fc3bd443007507b8d2e2ea870060397833a500615e3e35ce6358bbe17cdf,6
ort_cpp,4,270,29.219,1,1,0,c5ef909be6cda03f0f87a7354355468944e7f8840d5d2d83c344fdbf4a5d3bf6,04d5fc3bd443007507b8d2e2ea870060397833a500615e3e35ce6358bbe17cdf,6
ort_cpp,4,271,27.582,1,1,0,c5ef909be6cda03f0f87a7354355468944e7f8840d5d2d83c344fdbf4a5d3bf6,04d5fc3bd443007507b8d2e2ea870060397833a500615e3e35ce6358bbe17cdf,6
ort_cpp,4,272,28.232,1,1,0,c5ef909be6cda03f0f87a7354355468944e7f8840d5d2d83c344fdbf4a5d3bf6,04d5fc3bd443007507b8d2e2ea870060397833a500615e3e35ce6358bbe17cdf,6
ort_cpp,4,273,30.949,1,1,0,c5ef909be6cda03f0f87a7354355468944e7f8840d5d2d83c344fdbf4a5d3bf6,04d5fc3bd443007507b8d2e2ea870060397833a500615e3e35ce6358bbe17cdf,6
ort_cpp,4,274,28.51,1,1,0,c5ef909be6cda03f0f87a7354355468944e7f8840d5d2d83c344fdbf4a5d3bf6,04d5fc3bd443007507b8d2e2ea870060397833a500615e3e35ce6358bbe17cdf,6
ort_cpp,4,275,27.752,1,1,0,c5ef909be6cda03f0f87a7354355468944e7f8840d5d2d83c344fdbf4a5d3bf6,04d5fc3bd443007507b8d2e2ea870060397833a500615e3e35ce6358bbe17cdf,6
ort_cpp,4,276,30.094,1,1,0,c5ef909be6cda03f0f87a7354355468944e7f8840d5d2d83c344fdbf4a5d3bf6,04d5fc3bd443007507b8d2e2ea870060397833a500615e3e35ce6358bbe17cdf,6
ort_cpp,4,277,29.773,1,1,0,c5ef909be6cda03f0f87a7354355468944e7f8840d5d2d83c344fdbf4a5d3bf6,04d5fc3bd443007507b8d2e2ea870060397833a500615e3e35ce6358bbe17cdf,6
ort_cpp,4,278,30.195,1,1,0,c5ef909be6cda03f0f87a7354355468944e7f8840d5d2d83c344fdbf4a5d3bf6,04d5fc3bd443007507b8d2e2ea870060397833a500615e3e35ce6358bbe17cdf,6
ort_cpp,4,279,28.251,1,1,0,c5ef909be6cda03f0f87a7354355468944e7f8840d5d2d83c344fdbf4a5d3bf6,04d5fc3bd443007507b8d2e2ea870060397833a500615e3e35ce6358bbe17cdf,6
ort_cpp,4,280,29.893,1,1,0,c5ef909be6cda03f0f87a7354355468944e7f8840d5d2d83c344fdbf4a5d3bf6,04d5fc3bd443007507b8d2e2ea870060397833a500615e3e35ce6358bbe17cdf,6
ort_cpp,4,281,29.45,1,1,0,c5ef909be6cda03f0f87a7354355468944e7f8840d5d2d83c344fdbf4a5d3bf6,04d5fc3bd443007507b8d2e2ea870060397833a500615e3e35ce6358bbe17cdf,6
ort_cpp,4,282,30.206,1,1,0,c5ef909be6cda03f0f87a7354355468944e7f8840d5d2d83c344fdbf4a5d3bf6,04d5fc3bd443007507b8d2e2ea870060397833a500615e3e35ce6358bbe17cdf,6
ort_cpp,4,283,30.151,1,1,0,c5ef909be6cda03f0f87a7354355468944e7f8840d5d2d83c344fdbf4a5d3bf6,04d5fc3bd443007507b8d2e2ea870060397833a500615e3e35ce6358bbe17cdf,6
ort_cpp,4,284,28.366,1,1,0,c5ef909be6cda03f0f87a7354355468944e7f8840d5d2d83c344fdbf4a5d3bf6,04d5fc3bd443007507b8d2e2ea870060397833a500615e3e35ce6358bbe17cdf,6
ort_cpp,4,285,29.772,1,1,0,c5ef909be6cda03f0f87a7354355468944e7f8840d5d2d83c344fdbf4a5d3bf6,04d5fc3bd443007507b8d2e2ea870060397833a500615e3e35ce6358bbe17cdf,6
ort_cpp,4,286,31.188,1,1,0,c5ef909be6cda03f0f87a7354355468944e7f8840d5d2d83c344fdbf4a5d3bf6,04d5fc3bd443007507b8d2e2ea870060397833a500615e3e35ce6358bbe17cdf,6
ort_cpp,4,287,27.903,1,1,0,c5ef909be6cda03f0f87a7354355468944e7f8840d5d2d83c344fdbf4a5d3bf6,04d5fc3bd443007507b8d2e2ea870060397833a500615e3e35ce6358bbe17cdf,6
ort_cpp,4,288,28.2,1,1,0,c5ef909be6cda03f0f87a7354355468944e7f8840d5d2d83c344fdbf4a5d3bf6,04d5fc3bd443007507b8d2e2ea870060397833a500615e3e35ce6358bbe17cdf,6
ort_cpp,4,289,28.888,1,1,0,c5ef909be6cda03f0f87a7354355468944e7f8840d5d2d83c344fdbf4a5d3bf6,04d5fc3bd443007507b8d2e2ea870060397833a500615e3e35ce6358bbe17cdf,6
ort_cpp,4,290,30.847,1,1,0,c5ef909be6cda03f0f87a7354355468944e7f8840d5d2d83c344fdbf4a5d3bf6,04d5fc3bd443007507b8d2e2ea870060397833a500615e3e35ce6358bbe17cdf,6
ort_cpp,4,291,28.638,1,1,0,c5ef909be6cda03f0f87a7354355468944e7f8840d5d2d83c344fdbf4a5d3bf6,04d5fc3bd443007507b8d2e2ea870060397833a500615e3e35ce6358bbe17cdf,6
ort_cpp,4,292,27.675,1,1,0,c5ef909be6cda03f0f87a7354355468944e7f8840d5d2d83c344fdbf4a5d3bf6,04d5fc3bd443007507b8d2e2ea870060397833a500615e3e35ce6358bbe17cdf,6
ort_cpp,4,293,29.049,1,1,0,c5ef909be6cda03f0f87a7354355468944e7f8840d5d2d83c344fdbf4a5d3bf6,04d5fc3bd443007507b8d2e2ea870060397833a500615e3e35ce6358bbe17cdf,6
ort_cpp,4,294,30.808,1,1,0,c5ef909be6cda03f0f87a7354355468944e7f8840d5d2d83c344fdbf4a5d3bf6,04d5fc3bd443007507b8d2e2ea870060397833a500615e3e35ce6358bbe17cdf,6
ort_cpp,4,295,30.324,1,1,0,c5ef909be6cda03f0f87a7354355468944e7f8840d5d2d83c344fdbf4a5d3bf6,04d5fc3bd443007507b8d2e2ea870060397833a500615e3e35ce6358bbe17cdf,6
ort_cpp,4,296,27.198,1,1,0,c5ef909be6cda03f0f87a7354355468944e7f8840d5d2d83c344fdbf4a5d3bf6,04d5fc3bd443007507b8d2e2ea870060397833a500615e3e35ce6358bbe17cdf,6
ort_cpp,4,297,30.151,1,1,0,c5ef909be6cda03f0f87a7354355468944e7f8840d5d2d83c344fdbf4a5d3bf6,04d5fc3bd443007507b8d2e2ea870060397833a500615e3e35ce6358bbe17cdf,6
ort_cpp,4,298,28.77,1,1,0,c5ef909be6cda03f0f87a7354355468944e7f8840d5d2d83c344fdbf4a5d3bf6,04d5fc3bd443007507b8d2e2ea870060397833a500615e3e35ce6358bbe17cdf,6
ort_cpp,4,299,29.191,1,1,0,c5ef909be6cda03f0f87a7354355468944e7f8840d5d2d83c344fdbf4a5d3bf6,04d5fc3bd443007507b8d2e2ea870060397833a500615e3e35ce6358bbe17cdf,6
ort_cpp,3,0,31.336,1,1,0,c5ef909be6cda03f0f87a7354355468944e7f8840d5d2d83c344fdbf4a5d3bf6,04d5fc3bd443007507b8d2e2ea870060397833a500615e3e35ce6358bbe17cdf,7
ort_cpp,3,1,28.36,1,1,0,c5ef909be6cda03f0f87a7354355468944e7f8840d5d2d83c344fdbf4a5d3bf6,04d5fc3bd443007507b8d2e2ea870060397833a500615e3e35ce6358bbe17cdf,7
ort_cpp,3,2,28.677,1,1,0,c5ef909be6cda03f0f87a7354355468944e7f8840d5d2d83c344fdbf4a5d3bf6,04d5fc3bd443007507b8d2e2ea870060397833a500615e3e35ce6358bbe17cdf,7
ort_cpp,3,3,27.89,1,1,0,c5ef909be6cda03f0f87a7354355468944e7f8840d5d2d83c344fdbf4a5d3bf6,04d5fc3bd443007507b8d2e2ea870060397833a500615e3e35ce6358bbe17cdf,7
ort_cpp,3,4,31.096,1,1,0,c5ef909be6cda03f0f87a7354355468944e7f8840d5d2d83c344fdbf4a5d3bf6,04d5fc3bd443007507b8d2e2ea870060397833a500615e3e35ce6358bbe17cdf,7
ort_cpp,3,5,28.92,1,1,0,c5ef909be6cda03f0f87a7354355468944e7f8840d5d2d83c344fdbf4a5d3bf6,04d5fc3bd443007507b8d2e2ea870060397833a500615e3e35ce6358bbe17cdf,7
ort_cpp,3,6,27.93,1,1,0,c5ef909be6cda03f0f87a7354355468944e7f8840d5d2d83c344fdbf4a5d3bf6,04d5fc3bd443007507b8d2e2ea870060397833a500615e3e35ce6358bbe17cdf,7
ort_cpp,3,7,29.943,1,1,0,c5ef909be6cda03f0f87a7354355468944e7f8840d5d2d83c344fdbf4a5d3bf6,04d5fc3bd443007507b8d2e2ea870060397833a500615e3e35ce6358bbe17cdf,7
ort_cpp,3,8,28.6,1,1,0,c5ef909be6cda03f0f87a7354355468944e7f8840d5d2d83c344fdbf4a5d3bf6,04d5fc3bd443007507b8d2e2ea870060397833a500615e3e35ce6358bbe17cdf,7
ort_cpp,3,9,30.106,1,1,0,c5ef909be6cda03f0f87a7354355468944e7f8840d5d2d83c344fdbf4a5d3bf6,04d5fc3bd443007507b8d2e2ea870060397833a500615e3e35ce6358bbe17cdf,7
ort_cpp,3,10,28.427,1,1,0,c5ef909be6cda03f0f87a7354355468944e7f8840d5d2d83c344fdbf4a5d3bf6,04d5fc3bd443007507b8d2e2ea870060397833a500615e3e35ce6358bbe17cdf,7
ort_cpp,3,11,30.851,1,1,0,c5ef909be6cda03f0f87a7354355468944e7f8840d5d2d83c344fdbf4a5d3bf6,04d5fc3bd443007507b8d2e2ea870060397833a500615e3e35ce6358bbe17cdf,7
ort_cpp,3,12,28.305,1,1,0,c5ef909be6cda03f0f87a7354355468944e7f8840d5d2d83c344fdbf4a5d3bf6,04d5fc3bd443007507b8d2e2ea870060397833a500615e3e35ce6358bbe17cdf,7
ort_cpp,3,13,28.794,1,1,0,c5ef909be6cda03f0f87a7354355468944e7f8840d5d2d83c344fdbf4a5d3bf6,04d5fc3bd443007507b8d2e2ea870060397833a500615e3e35ce6358bbe17cdf,7
ort_cpp,3,14,30.374,1,1,0,c5ef909be6cda03f0f87a7354355468944e7f8840d5d2d83c344fdbf4a5d3bf6,04d5fc3bd443007507b8d2e2ea870060397833a500615e3e35ce6358bbe17cdf,7
ort_cpp,3,15,28.536,1,1,0,c5ef909be6cda03f0f87a7354355468944e7f8840d5d2d83c344fdbf4a5d3bf6,04d5fc3bd443007507b8d2e2ea870060397833a500615e3e35ce6358bbe17cdf,7
ort_cpp,3,16,27.656,1,1,0,c5ef909be6cda03f0f87a7354355468944e7f8840d5d2d83c344fdbf4a5d3bf6,04d5fc3bd443007507b8d2e2ea870060397833a500615e3e35ce6358bbe17cdf,7
ort_cpp,3,17,29.733,1,1,0,c5ef909be6cda03f0f87a7354355468944e7f8840d5d2d83c344fdbf4a5d3bf6,04d5fc3bd443007507b8d2e2ea870060397833a500615e3e35ce6358bbe17cdf,7
ort_cpp,3,18,30.07,1,1,0,c5ef909be6cda03f0f87a7354355468944e7f8840d5d2d83c344fdbf4a5d3bf6,04d5fc3bd443007507b8d2e2ea870060397833a500615e3e35ce6358bbe17cdf,7
ort_cpp,3,19,29.183,1,1,0,c5ef909be6cda03f0f87a7354355468944e7f8840d5d2d83c344fdbf4a5d3bf6,04d5fc3bd443007507b8d2e2ea870060397833a500615e3e35ce6358bbe17cdf,7
ort_cpp,3,20,28.082,1,1,0,c5ef909be6cda03f0f87a7354355468944e7f8840d5d2d83c344fdbf4a5d3bf6,04d5fc3bd443007507b8d2e2ea870060397833a500615e3e35ce6358bbe17cdf,7
ort_cpp,3,21,31.604,1,1,0,c5ef909be6cda03f0f87a7354355468944e7f8840d5d2d83c344fdbf4a5d3bf6,04d5fc3bd443007507b8d2e2ea870060397833a500615e3e35ce6358bbe17cdf,7
ort_cpp,3,22,29.625,1,1,0,c5ef909be6cda03f0f87a7354355468944e7f8840d5d2d83c344fdbf4a5d3bf6,04d5fc3bd443007507b8d2e2ea870060397833a500615e3e35ce6358bbe17cdf,7
ort_cpp,3,23,29.519,1,1,0,c5ef909be6cda03f0f87a7354355468944e7f8840d5d2d83c344fdbf4a5d3bf6,04d5fc3bd443007507b8d2e2ea870060397833a500615e3e35ce6358bbe17cdf,7
ort_cpp,3,24,27.826,1,1,0,c5ef909be6cda03f0f87a7354355468944e7f8840d5d2d83c344fdbf4a5d3bf6,04d5fc3bd443007507b8d2e2ea870060397833a500615e3e35ce6358bbe17cdf,7
ort_cpp,3,25,30.276,1,1,0,c5ef909be6cda03f0f87a7354355468944e7f8840d5d2d83c344fdbf4a5d3bf6,04d5fc3bd443007507b8d2e2ea870060397833a500615e3e35ce6358bbe17cdf,7
ort_cpp,3,26,29.157,1,1,0,c5ef909be6cda03f0f87a7354355468944e7f8840d5d2d83c344fdbf4a5d3bf6,04d5fc3bd443007507b8d2e2ea870060397833a500615e3e35ce6358bbe17cdf,7
ort_cpp,3,27,28.893,1,1,0,c5ef909be6cda03f0f87a7354355468944e7f8840d5d2d83c344fdbf4a5d3bf6,04d5fc3bd443007507b8d2e2ea870060397833a500615e3e35ce6358bbe17cdf,7
ort_cpp,3,28,30.243,1,1,0,c5ef909be6cda03f0f87a7354355468944e7f8840d5d2d83c344fdbf4a5d3bf6,04d5fc3bd443007507b8d2e2ea870060397833a500615e3e35ce6358bbe17cdf,7
ort_cpp,3,29,28.494,1,1,0,c5ef909be6cda03f0f87a7354355468944e7f8840d5d2d83c344fdbf4a5d3bf6,04d5fc3bd443007507b8d2e2ea870060397833a500615e3e35ce6358bbe17cdf,7
ort_cpp,3,30,28.728,1,1,0,c5ef909be6cda03f0f87a7354355468944e7f8840d5d2d83c344fdbf4a5d3bf6,04d5fc3bd443007507b8d2e2ea870060397833a500615e3e35ce6358bbe17cdf,7
ort_cpp,3,31,29.114,1,1,0,c5ef909be6cda03f0f87a7354355468944e7f8840d5d2d83c344fdbf4a5d3bf6,04d5fc3bd443007507b8d2e2ea870060397833a500615e3e35ce6358bbe17cdf,7
ort_cpp,3,32,30.422,1,1,0,c5ef909be6cda03f0f87a7354355468944e7f8840d5d2d83c344fdbf4a5d3bf6,04d5fc3bd443007507b8d2e2ea870060397833a500615e3e35ce6358bbe17cdf,7
ort_cpp,3,33,29.82,1,1,0,c5ef909be6cda03f0f87a7354355468944e7f8840d5d2d83c344fdbf4a5d3bf6,04d5fc3bd443007507b8d2e2ea870060397833a500615e3e35ce6358bbe17cdf,7
ort_cpp,3,34,29.586,1,1,0,c5ef909be6cda03f0f87a7354355468944e7f8840d5d2d83c344fdbf4a5d3bf6,04d5fc3bd443007507b8d2e2ea870060397833a500615e3e35ce6358bbe17cdf,7
ort_cpp,3,35,29.229,1,1,0,c5ef909be6cda03f0f87a7354355468944e7f8840d5d2d83c344fdbf4a5d3bf6,04d5fc3bd443007507b8d2e2ea870060397833a500615e3e35ce6358bbe17cdf,7
ort_cpp,3,36,30.551,1,1,0,c5ef909be6cda03f0f87a7354355468944e7f8840d5d2d83c344fdbf4a5d3bf6,04d5fc3bd443007507b8d2e2ea870060397833a500615e3e35ce6358bbe17cdf,7
ort_cpp,3,37,28.278,1,1,0,c5ef909be6cda03f0f87a7354355468944e7f8840d5d2d83c344fdbf4a5d3bf6,04d5fc3bd443007507b8d2e2ea870060397833a500615e3e35ce6358bbe17cdf,7
ort_cpp,3,38,30.777,1,1,0,c5ef909be6cda03f0f87a7354355468944e7f8840d5d2d83c344fdbf4a5d3bf6,04d5fc3bd443007507b8d2e2ea870060397833a500615e3e35ce6358bbe17cdf,7
ort_cpp,3,39,31.816,1,1,0,c5ef909be6cda03f0f87a7354355468944e7f8840d5d2d83c344fdbf4a5d3bf6,04d5fc3bd443007507b8d2e2ea870060397833a500615e3e35ce6358bbe17cdf,7
ort_cpp,3,40,29.101,1,1,0,c5ef909be6cda03f0f87a7354355468944e7f8840d5d2d83c344fdbf4a5d3bf6,04d5fc3bd443007507b8d2e2ea870060397833a500615e3e35ce6358bbe17cdf,7
ort_cpp,3,41,29.737,1,1,0,c5ef909be6cda03f0f87a7354355468944e7f8840d5d2d83c344fdbf4a5d3bf6,04d5fc3bd443007507b8d2e2ea870060397833a500615e3e35ce6358bbe17cdf,7
ort_cpp,3,42,28.478,1,1,0,c5ef909be6cda03f0f87a7354355468944e7f8840d5d2d83c344fdbf4a5d3bf6,04d5fc3bd443007507b8d2e2ea870060397833a500615e3e35ce6358bbe17cdf,7
ort_cpp,3,43,30.716,1,1,0,c5ef909be6cda03f0f87a7354355468944e7f8840d5d2d83c344fdbf4a5d3bf6,04d5fc3bd443007507b8d2e2ea870060397833a500615e3e35ce6358bbe17cdf,7
ort_cpp,3,44,30.843,1,1,0,c5ef909be6cda03f0f87a7354355468944e7f8840d5d2d83c344fdbf4a5d3bf6,04d5fc3bd443007507b8d2e2ea870060397833a500615e3e35ce6358bbe17cdf,7
ort_cpp,3,45,29.218,1,1,0,c5ef909be6cda03f0f87a7354355468944e7f8840d5d2d83c344fdbf4a5d3bf6,04d5fc3bd443007507b8d2e2ea870060397833a500615e3e35ce6358bbe17cdf,7
ort_cpp,3,46,30.494,1,1,0,c5ef909be6cda03f0f87a7354355468944e7f8840d5d2d83c344fdbf4a5d3bf6,04d5fc3bd443007507b8d2e2ea870060397833a500615e3e35ce6358bbe17cdf,7
ort_cpp,3,47,29.078,1,1,0,c5ef909be6cda03f0f87a7354355468944e7f8840d5d2d83c344fdbf4a5d3bf6,04d5fc3bd443007507b8d2e2ea870060397833a500615e3e35ce6358bbe17cdf,7
ort_cpp,3,48,28.532,1,1,0,c5ef909be6cda03f0f87a7354355468944e7f8840d5d2d83c344fdbf4a5d3bf6,04d5fc3bd443007507b8d2e2ea870060397833a500615e3e35ce6358bbe17cdf,7
ort_cpp,3,49,30.516,1,1,0,c5ef909be6cda03f0f87a7354355468944e7f8840d5d2d83c344fdbf4a5d3bf6,04d5fc3bd443007507b8d2e2ea870060397833a500615e3e35ce6358bbe17cdf,7
ort_cpp,3,50,29.175,1,1,0,c5ef909be6cda03f0f87a7354355468944e7f8840d5d2d83c344fdbf4a5d3bf6,04d5fc3bd443007507b8d2e2ea870060397833a500615e3e35ce6358bbe17cdf,7
ort_cpp,3,51,28.639,1,1,0,c5ef909be6cda03f0f87a7354355468944e7f8840d5d2d83c344fdbf4a5d3bf6,04d5fc3bd443007507b8d2e2ea870060397833a500615e3e35ce6358bbe17cdf,7
ort_cpp,3,52,29.536,1,1,0,c5ef909be6cda03f0f87a7354355468944e7f8840d5d2d83c344fdbf4a5d3bf6,04d5fc3bd443007507b8d2e2ea870060397833a500615e3e35ce6358bbe17cdf,7
ort_cpp,3,53,30.459,1,1,0,c5ef909be6cda03f0f87a7354355468944e7f8840d5d2d83c344fdbf4a5d3bf6,04d5fc3bd443007507b8d2e2ea870060397833a500615e3e35ce6358bbe17cdf,7
ort_cpp,3,54,28.3,1,1,0,c5ef909be6cda03f0f87a7354355468944e7f8840d5d2d83c344fdbf4a5d3bf6,04d5fc3bd443007507b8d2e2ea870060397833a500615e3e35ce6358bbe17cdf,7
ort_cpp,3,55,27.746,1,1,0,c5ef909be6cda03f0f87a7354355468944e7f8840d5d2d83c344fdbf4a5d3bf6,04d5fc3bd443007507b8d2e2ea870060397833a500615e3e35ce6358bbe17cdf,7
ort_cpp,3,56,28.224,1,1,0,c5ef909be6cda03f0f87a7354355468944e7f8840d5d2d83c344fdbf4a5d3bf6,04d5fc3bd443007507b8d2e2ea870060397833a500615e3e35ce6358bbe17cdf,7
ort_cpp,3,57,30.844,1,1,0,c5ef909be6cda03f0f87a7354355468944e7f8840d5d2d83c344fdbf4a5d3bf6,04d5fc3bd443007507b8d2e2ea870060397833a500615e3e35ce6358bbe17cdf,7
ort_cpp,3,58,29.79,1,1,0,c5ef909be6cda03f0f87a7354355468944e7f8840d5d2d83c344fdbf4a5d3bf6,04d5fc3bd443007507b8d2e2ea870060397833a500615e3e35ce6358bbe17cdf,7
ort_cpp,3,59,31.781,1,1,0,c5ef909be6cda03f0f87a7354355468944e7f8840d5d2d83c344fdbf4a5d3bf6,04d5fc3bd443007507b8d2e2ea870060397833a500615e3e35ce6358bbe17cdf,7
ort_cpp,3,60,30.132,1,1,0,c5ef909be6cda03f0f87a7354355468944e7f8840d5d2d83c344fdbf4a5d3bf6,04d5fc3bd443007507b8d2e2ea870060397833a500615e3e35ce6358bbe17cdf,7
ort_cpp,3,61,30.882,1,1,0,c5ef909be6cda03f0f87a7354355468944e7f8840d5d2d83c344fdbf4a5d3bf6,04d5fc3bd443007507b8d2e2ea870060397833a500615e3e35ce6358bbe17cdf,7
ort_cpp,3,62,29.081,1,1,0,c5ef909be6cda03f0f87a7354355468944e7f8840d5d2d83c344fdbf4a5d3bf6,04d5fc3bd443007507b8d2e2ea870060397833a500615e3e35ce6358bbe17cdf,7
ort_cpp,3,63,30.415,1,1,0,c5ef909be6cda03f0f87a7354355468944e7f8840d5d2d83c344fdbf4a5d3bf6,04d5fc3bd443007507b8d2e2ea870060397833a500615e3e35ce6358bbe17cdf,7
ort_cpp,3,64,28.535,1,1,0,c5ef909be6cda03f0f87a7354355468944e7f8840d5d2d83c344fdbf4a5d3bf6,04d5fc3bd443007507b8d2e2ea870060397833a500615e3e35ce6358bbe17cdf,7
ort_cpp,3,65,28.834,1,1,0,c5ef909be6cda03f0f87a7354355468944e7f8840d5d2d83c344fdbf4a5d3bf6,04d5fc3bd443007507b8d2e2ea870060397833a500615e3e35ce6358bbe17cdf,7
ort_cpp,3,66,30.015,1,1,0,c5ef909be6cda03f0f87a7354355468944e7f8840d5d2d83c344fdbf4a5d3bf6,04d5fc3bd443007507b8d2e2ea870060397833a500615e3e35ce6358bbe17cdf,7
ort_cpp,3,67,31.473,1,1,0,c5ef909be6cda03f0f87a7354355468944e7f8840d5d2d83c344fdbf4a5d3bf6,04d5fc3bd443007507b8d2e2ea870060397833a500615e3e35ce6358bbe17cdf,7
ort_cpp,3,68,30.117,1,1,0,c5ef909be6cda03f0f87a7354355468944e7f8840d5d2d83c344fdbf4a5d3bf6,04d5fc3bd443007507b8d2e2ea870060397833a500615e3e35ce6358bbe17cdf,7
ort_cpp,3,69,28.827,1,1,0,c5ef909be6cda03f0f87a7354355468944e7f8840d5d2d83c344fdbf4a5d3bf6,04d5fc3bd443007507b8d2e2ea870060397833a500615e3e35ce6358bbe17cdf,7
ort_cpp,3,70,30.719,1,1,0,c5ef909be6cda03f0f87a7354355468944e7f8840d5d2d83c344fdbf4a5d3bf6,04d5fc3bd443007507b8d2e2ea870060397833a500615e3e35ce6358bbe17cdf,7
ort_cpp,3,71,29.766,1,1,0,c5ef909be6cda03f0f87a7354355468944e7f8840d5d2d83c344fdbf4a5d3bf6,04d5fc3bd443007507b8d2e2ea870060397833a500615e3e35ce6358bbe17cdf,7
ort_cpp,3,72,29.173,1,1,0,c5ef909be6cda03f0f87a7354355468944e7f8840d5d2d83c344fdbf4a5d3bf6,04d5fc3bd443007507b8d2e2ea870060397833a500615e3e35ce6358bbe17cdf,7
ort_cpp,3,73,29.275,1,1,0,c5ef909be6cda03f0f87a7354355468944e7f8840d5d2d83c344fdbf4a5d3bf6,04d5fc3bd443007507b8d2e2ea870060397833a500615e3e35ce6358bbe17cdf,7
ort_cpp,3,74,31.376,1,1,0,c5ef909be6cda03f0f87a7354355468944e7f8840d5d2d83c344fdbf4a5d3bf6,04d5fc3bd443007507b8d2e2ea870060397833a500615e3e35ce6358bbe17cdf,7
ort_cpp,3,75,29.135,1,1,0,c5ef909be6cda03f0f87a7354355468944e7f8840d5d2d83c344fdbf4a5d3bf6,04d5fc3bd443007507b8d2e2ea870060397833a500615e3e35ce6358bbe17cdf,7
ort_cpp,3,76,28.744,1,1,0,c5ef909be6cda03f0f87a7354355468944e7f8840d5d2d83c344fdbf4a5d3bf6,04d5fc3bd443007507b8d2e2ea870060397833a500615e3e35ce6358bbe17cdf,7
ort_cpp,3,77,30.374,1,1,0,c5ef909be6cda03f0f87a7354355468944e7f8840d5d2d83c344fdbf4a5d3bf6,04d5fc3bd443007507b8d2e2ea870060397833a500615e3e35ce6358bbe17cdf,7
ort_cpp,3,78,30.013,1,1,0,c5ef909be6cda03f0f87a7354355468944e7f8840d5d2d83c344fdbf4a5d3bf6,04d5fc3bd443007507b8d2e2ea870060397833a500615e3e35ce6358bbe17cdf,7
ort_cpp,3,79,27.876,1,1,0,c5ef909be6cda03f0f87a7354355468944e7f8840d5d2d83c344fdbf4a5d3bf6,04d5fc3bd443007507b8d2e2ea870060397833a500615e3e35ce6358bbe17cdf,7
ort_cpp,3,80,28.857,1,1,0,c5ef909be6cda03f0f87a7354355468944e7f8840d5d2d83c344fdbf4a5d3bf6,04d5fc3bd443007507b8d2e2ea870060397833a500615e3e35ce6358bbe17cdf,7
ort_cpp,3,81,32.397,1,1,0,c5ef909be6cda03f0f87a7354355468944e7f8840d5d2d83c344fdbf4a5d3bf6,04d5fc3bd443007507b8d2e2ea870060397833a500615e3e35ce6358bbe17cdf,7
ort_cpp,3,82,29.301,1,1,0,c5ef909be6cda03f0f87a7354355468944e7f8840d5d2d83c344fdbf4a5d3bf6,04d5fc3bd443007507b8d2e2ea870060397833a500615e3e35ce6358bbe17cdf,7
ort_cpp,3,83,29.642,1,1,0,c5ef909be6cda03f0f87a7354355468944e7f8840d5d2d83c344fdbf4a5d3bf6,04d5fc3bd443007507b8d2e2ea870060397833a500615e3e35ce6358bbe17cdf,7
ort_cpp,3,84,31.344,1,1,0,c5ef909be6cda03f0f87a7354355468944e7f8840d5d2d83c344fdbf4a5d3bf6,04d5fc3bd443007507b8d2e2ea870060397833a500615e3e35ce6358bbe17cdf,7
ort_cpp,3,85,30.644,1,1,0,c5ef909be6cda03f0f87a7354355468944e7f8840d5d2d83c344fdbf4a5d3bf6,04d5fc3bd443007507b8d2e2ea870060397833a500615e3e35ce6358bbe17cdf,7
ort_cpp,3,86,31.721,1,1,0,c5ef909be6cda03f0f87a7354355468944e7f8840d5d2d83c344fdbf4a5d3bf6,04d5fc3bd443007507b8d2e2ea870060397833a500615e3e35ce6358bbe17cdf,7
ort_cpp,3,87,32.71,1,1,0,c5ef909be6cda03f0f87a7354355468944e7f8840d5d2d83c344fdbf4a5d3bf6,04d5fc3bd443007507b8d2e2ea870060397833a500615e3e35ce6358bbe17cdf,7
ort_cpp,3,88,29.125,1,1,0,c5ef909be6cda03f0f87a7354355468944e7f8840d5d2d83c344fdbf4a5d3bf6,04d5fc3bd443007507b8d2e2ea870060397833a500615e3e35ce6358bbe17cdf,7
ort_cpp,3,89,29.208,1,1,0,c5ef909be6cda03f0f87a7354355468944e7f8840d5d2d83c344fdbf4a5d3bf6,04d5fc3bd443007507b8d2e2ea870060397833a500615e3e35ce6358bbe17cdf,7
ort_cpp,3,90,28.606,1,1,0,c5ef909be6cda03f0f87a7354355468944e7f8840d5d2d83c344fdbf4a5d3bf6,04d5fc3bd443007507b8d2e2ea870060397833a500615e3e35ce6358bbe17cdf,7
ort_cpp,3,91,33.657,1,1,0,c5ef909be6cda03f0f87a7354355468944e7f8840d5d2d83c344fdbf4a5d3bf6,04d5fc3bd443007507b8d2e2ea870060397833a500615e3e35ce6358bbe17cdf,7
ort_cpp,3,92,38.722,1,1,0,c5ef909be6cda03f0f87a7354355468944e7f8840d5d2d83c344fdbf4a5d3bf6,04d5fc3bd443007507b8d2e2ea870060397833a500615e3e35ce6358bbe17cdf,7
ort_cpp,3,93,28.758,1,1,0,c5ef909be6cda03f0f87a7354355468944e7f8840d5d2d83c344fdbf4a5d3bf6,04d5fc3bd443007507b8d2e2ea870060397833a500615e3e35ce6358bbe17cdf,7
ort_cpp,3,94,47.022,1,1,0,c5ef909be6cda03f0f87a7354355468944e7f8840d5d2d83c344fdbf4a5d3bf6,04d5fc3bd443007507b8d2e2ea870060397833a500615e3e35ce6358bbe17cdf,7
ort_cpp,3,95,31.339,1,1,0,c5ef909be6cda03f0f87a7354355468944e7f8840d5d2d83c344fdbf4a5d3bf6,04d5fc3bd443007507b8d2e2ea870060397833a500615e3e35ce6358bbe17cdf,7
ort_cpp,3,96,32.617,1,1,0,c5ef909be6cda03f0f87a7354355468944e7f8840d5d2d83c344fdbf4a5d3bf6,04d5fc3bd443007507b8d2e2ea870060397833a500615e3e35ce6358bbe17cdf,7
ort_cpp,3,97,34.858,1,1,0,c5ef909be6cda03f0f87a7354355468944e7f8840d5d2d83c344fdbf4a5d3bf6,04d5fc3bd443007507b8d2e2ea870060397833a500615e3e35ce6358bbe17cdf,7
ort_cpp,3,98,32.493,1,1,0,c5ef909be6cda03f0f87a7354355468944e7f8840d5d2d83c344fdbf4a5d3bf6,04d5fc3bd443007507b8d2e2ea870060397833a500615e3e35ce6358bbe17cdf,7
ort_cpp,3,99,33.631,1,1,0,c5ef909be6cda03f0f87a7354355468944e7f8840d5d2d83c344fdbf4a5d3bf6,04d5fc3bd443007507b8d2e2ea870060397833a500615e3e35ce6358bbe17cdf,7
ort_cpp,3,100,30.77,1,1,0,c5ef909be6cda03f0f87a7354355468944e7f8840d5d2d83c344fdbf4a5d3bf6,04d5fc3bd443007507b8d2e2ea870060397833a500615e3e35ce6358bbe17cdf,7
ort_cpp,3,101,32.981,1,1,0,c5ef909be6cda03f0f87a7354355468944e7f8840d5d2d83c344fdbf4a5d3bf6,04d5fc3bd443007507b8d2e2ea870060397833a500615e3e35ce6358bbe17cdf,7
ort_cpp,3,102,32.223,1,1,0,c5ef909be6cda03f0f87a7354355468944e7f8840d5d2d83c344fdbf4a5d3bf6,04d5fc3bd443007507b8d2e2ea870060397833a500615e3e35ce6358bbe17cdf,7
ort_cpp,3,103,32.603,1,1,0,c5ef909be6cda03f0f87a7354355468944e7f8840d5d2d83c344fdbf4a5d3bf6,04d5fc3bd443007507b8d2e2ea870060397833a500615e3e35ce6358bbe17cdf,7
ort_cpp,3,104,32.492,1,1,0,c5ef909be6cda03f0f87a7354355468944e7f8840d5d2d83c344fdbf4a5d3bf6,04d5fc3bd443007507b8d2e2ea870060397833a500615e3e35ce6358bbe17cdf,7
ort_cpp,3,105,30.805,1,1,0,c5ef909be6cda03f0f87a7354355468944e7f8840d5d2d83c344fdbf4a5d3bf6,04d5fc3bd443007507b8d2e2ea870060397833a500615e3e35ce6358bbe17cdf,7
ort_cpp,3,106,31.959,1,1,0,c5ef909be6cda03f0f87a7354355468944e7f8840d5d2d83c344fdbf4a5d3bf6,04d5fc3bd443007507b8d2e2ea870060397833a500615e3e35ce6358bbe17cdf,7
ort_cpp,3,107,29.834,1,1,0,c5ef909be6cda03f0f87a7354355468944e7f8840d5d2d83c344fdbf4a5d3bf6,04d5fc3bd443007507b8d2e2ea870060397833a500615e3e35ce6358bbe17cdf,7
ort_cpp,3,108,30.259,1,1,0,c5ef909be6cda03f0f87a7354355468944e7f8840d5d2d83c344fdbf4a5d3bf6,04d5fc3bd443007507b8d2e2ea870060397833a500615e3e35ce6358bbe17cdf,7
ort_cpp,3,109,35.501,1,1,0,c5ef909be6cda03f0f87a7354355468944e7f8840d5d2d83c344fdbf4a5d3bf6,04d5fc3bd443007507b8d2e2ea870060397833a500615e3e35ce6358bbe17cdf,7
ort_cpp,3,110,42.711,1,1,0,c5ef909be6cda03f0f87a7354355468944e7f8840d5d2d83c344fdbf4a5d3bf6,04d5fc3bd443007507b8d2e2ea870060397833a500615e3e35ce6358bbe17cdf,7
ort_cpp,3,111,31.254,1,1,0,c5ef909be6cda03f0f87a7354355468944e7f8840d5d2d83c344fdbf4a5d3bf6,04d5fc3bd443007507b8d2e2ea870060397833a500615e3e35ce6358bbe17cdf,7
ort_cpp,3,112,33.766,1,1,0,c5ef909be6cda03f0f87a7354355468944e7f8840d5d2d83c344fdbf4a5d3bf6,04d5fc3bd443007507b8d2e2ea870060397833a500615e3e35ce6358bbe17cdf,7
ort_cpp,3,113,28.267,1,1,0,c5ef909be6cda03f0f87a7354355468944e7f8840d5d2d83c344fdbf4a5d3bf6,04d5fc3bd443007507b8d2e2ea870060397833a500615e3e35ce6358bbe17cdf,7
ort_cpp,3,114,29.849,1,1,0,c5ef909be6cda03f0f87a7354355468944e7f8840d5d2d83c344fdbf4a5d3bf6,04d5fc3bd443007507b8d2e2ea870060397833a500615e3e35ce6358bbe17cdf,7
ort_cpp,3,115,32.964,1,1,0,c5ef909be6cda03f0f87a7354355468944e7f8840d5d2d83c344fdbf4a5d3bf6,04d5fc3bd443007507b8d2e2ea870060397833a500615e3e35ce6358bbe17cdf,7
ort_cpp,3,116,30.26,1,1,0,c5ef909be6cda03f0f87a7354355468944e7f8840d5d2d83c344fdbf4a5d3bf6,04d5fc3bd443007507b8d2e2ea870060397833a500615e3e35ce6358bbe17cdf,7
ort_cpp,3,117,30.834,1,1,0,c5ef909be6cda03f0f87a7354355468944e7f8840d5d2d83c344fdbf4a5d3bf6,04d5fc3bd443007507b8d2e2ea870060397833a500615e3e35ce6358bbe17cdf,7
ort_cpp,3,118,28.963,1,1,0,c5ef909be6cda03f0f87a7354355468944e7f8840d5d2d83c344fdbf4a5d3bf6,04d5fc3bd443007507b8d2e2ea870060397833a500615e3e35ce6358bbe17cdf,7
ort_cpp,3,119,35.496,1,1,0,c5ef909be6cda03f0f87a7354355468944e7f8840d5d2d83c344fdbf4a5d3bf6,04d5fc3bd443007507b8d2e2ea870060397833a500615e3e35ce6358bbe17cdf,7
ort_cpp,3,120,29.923,1,1,0,c5ef909be6cda03f0f87a7354355468944e7f8840d5d2d83c344fdbf4a5d3bf6,04d5fc3bd443007507b8d2e2ea870060397833a500615e3e35ce6358bbe17cdf,7
ort_cpp,3,121,31.748,1,1,0,c5ef909be6cda03f0f87a7354355468944e7f8840d5d2d83c344fdbf4a5d3bf6,04d5fc3bd443007507b8d2e2ea870060397833a500615e3e35ce6358bbe17cdf,7
ort_cpp,3,122,30.873,1,1,0,c5ef909be6cda03f0f87a7354355468944e7f8840d5d2d83c344fdbf4a5d3bf6,04d5fc3bd443007507b8d2e2ea870060397833a500615e3e35ce6358bbe17cdf,7
ort_cpp,3,123,29.547,1,1,0,c5ef909be6cda03f0f87a7354355468944e7f8840d5d2d83c344fdbf4a5d3bf6,04d5fc3bd443007507b8d2e2ea870060397833a500615e3e35ce6358bbe17cdf,7
ort_cpp,3,124,30.055,1,1,0,c5ef909be6cda03f0f87a7354355468944e7f8840d5d2d83c344fdbf4a5d3bf6,04d5fc3bd443007507b8d2e2ea870060397833a500615e3e35ce6358bbe17cdf,7
ort_cpp,3,125,33.498,1,1,0,c5ef909be6cda03f0f87a7354355468944e7f8840d5d2d83c344fdbf4a5d3bf6,04d5fc3bd443007507b8d2e2ea870060397833a500615e3e35ce6358bbe17cdf,7
ort_cpp,3,126,30.252,1,1,0,c5ef909be6cda03f0f87a7354355468944e7f8840d5d2d83c344fdbf4a5d3bf6,04d5fc3bd443007507b8d2e2ea870060397833a500615e3e35ce6358bbe17cdf,7
ort_cpp,3,127,29.585,1,1,0,c5ef909be6cda03f0f87a7354355468944e7f8840d5d2d83c344fdbf4a5d3bf6,04d5fc3bd443007507b8d2e2ea870060397833a500615e3e35ce6358bbe17cdf,7
ort_cpp,3,128,36.707,1,1,0,c5ef909be6cda03f0f87a7354355468944e7f8840d5d2d83c344fdbf4a5d3bf6,04d5fc3bd443007507b8d2e2ea870060397833a500615e3e35ce6358bbe17cdf,7
ort_cpp,3,129,32.962,1,1,0,c5ef909be6cda03f0f87a7354355468944e7f8840d5d2d83c344fdbf4a5d3bf6,04d5fc3bd443007507b8d2e2ea870060397833a500615e3e35ce6358bbe17cdf,7
ort_cpp,3,130,29.805,1,1,0,c5ef909be6cda03f0f87a7354355468944e7f8840d5d2d83c344fdbf4a5d3bf6,04d5fc3bd443007507b8d2e2ea870060397833a500615e3e35ce6358bbe17cdf,7
ort_cpp,3,131,29.597,1,1,0,c5ef909be6cda03f0f87a7354355468944e7f8840d5d2d83c344fdbf4a5d3bf6,04d5fc3bd443007507b8d2e2ea870060397833a500615e3e35ce6358bbe17cdf,7
ort_cpp,3,132,32.234,1,1,0,c5ef909be6cda03f0f87a7354355468944e7f8840d5d2d83c344fdbf4a5d3bf6,04d5fc3bd443007507b8d2e2ea870060397833a500615e3e35ce6358bbe17cdf,7
ort_cpp,3,133,32.401,1,1,0,c5ef909be6cda03f0f87a7354355468944e7f8840d5d2d83c344fdbf4a5d3bf6,04d5fc3bd443007507b8d2e2ea870060397833a500615e3e35ce6358bbe17cdf,7
ort_cpp,3,134,31.492,1,1,0,c5ef909be6cda03f0f87a7354355468944e7f8840d5d2d83c344fdbf4a5d3bf6,04d5fc3bd443007507b8d2e2ea870060397833a500615e3e35ce6358bbe17cdf,7
ort_cpp,3,135,32.047,1,1,0,c5ef909be6cda03f0f87a7354355468944e7f8840d5d2d83c344fdbf4a5d3bf6,04d5fc3bd443007507b8d2e2ea870060397833a500615e3e35ce6358bbe17cdf,7
ort_cpp,3,136,31.315,1,1,0,c5ef909be6cda03f0f87a7354355468944e7f8840d5d2d83c344fdbf4a5d3bf6,04d5fc3bd443007507b8d2e2ea870060397833a500615e3e35ce6358bbe17cdf,7
ort_cpp,3,137,30.803,1,1,0,c5ef909be6cda03f0f87a7354355468944e7f8840d5d2d83c344fdbf4a5d3bf6,04d5fc3bd443007507b8d2e2ea870060397833a500615e3e35ce6358bbe17cdf,7
ort_cpp,3,138,30.739,1,1,0,c5ef909be6cda03f0f87a7354355468944e7f8840d5d2d83c344fdbf4a5d3bf6,04d5fc3bd443007507b8d2e2ea870060397833a500615e3e35ce6358bbe17cdf,7
ort_cpp,3,139,29.395,1,1,0,c5ef909be6cda03f0f87a7354355468944e7f8840d5d2d83c344fdbf4a5d3bf6,04d5fc3bd443007507b8d2e2ea870060397833a500615e3e35ce6358bbe17cdf,7
ort_cpp,3,140,30.463,1,1,0,c5ef909be6cda03f0f87a7354355468944e7f8840d5d2d83c344fdbf4a5d3bf6,04d5fc3bd443007507b8d2e2ea870060397833a500615e3e35ce6358bbe17cdf,7
ort_cpp,3,141,30.476,1,1,0,c5ef909be6cda03f0f87a7354355468944e7f8840d5d2d83c344fdbf4a5d3bf6,04d5fc3bd443007507b8d2e2ea870060397833a500615e3e35ce6358bbe17cdf,7
ort_cpp,3,142,31.703,1,1,0,c5ef909be6cda03f0f87a7354355468944e7f8840d5d2d83c344fdbf4a5d3bf6,04d5fc3bd443007507b8d2e2ea870060397833a500615e3e35ce6358bbe17cdf,7
ort_cpp,3,143,28.797,1,1,0,c5ef909be6cda03f0f87a7354355468944e7f8840d5d2d83c344fdbf4a5d3bf6,04d5fc3bd443007507b8d2e2ea870060397833a500615e3e35ce6358bbe17cdf,7
ort_cpp,3,144,29.146,1,1,0,c5ef909be6cda03f0f87a7354355468944e7f8840d5d2d83c344fdbf4a5d3bf6,04d5fc3bd443007507b8d2e2ea870060397833a500615e3e35ce6358bbe17cdf,7
ort_cpp,3,145,33.606,1,1,0,c5ef909be6cda03f0f87a7354355468944e7f8840d5d2d83c344fdbf4a5d3bf6,04d5fc3bd443007507b8d2e2ea870060397833a500615e3e35ce6358bbe17cdf,7
ort_cpp,3,146,29.425,1,1,0,c5ef909be6cda03f0f87a7354355468944e7f8840d5d2d83c344fdbf4a5d3bf6,04d5fc3bd443007507b8d2e2ea870060397833a500615e3e35ce6358bbe17cdf,7
ort_cpp,3,147,31.853,1,1,0,c5ef909be6cda03f0f87a7354355468944e7f8840d5d2d83c344fdbf4a5d3bf6,04d5fc3bd443007507b8d2e2ea870060397833a500615e3e35ce6358bbe17cdf,7
ort_cpp,3,148,32.494,1,1,0,c5ef909be6cda03f0f87a7354355468944e7f8840d5d2d83c344fdbf4a5d3bf6,04d5fc3bd443007507b8d2e2ea870060397833a500615e3e35ce6358bbe17cdf,7
ort_cpp,3,149,31.27,1,1,0,c5ef909be6cda03f0f87a7354355468944e7f8840d5d2d83c344fdbf4a5d3bf6,04d5fc3bd443007507b8d2e2ea870060397833a500615e3e35ce6358bbe17cdf,7
ort_cpp,3,150,30.411,1,1,0,c5ef909be6cda03f0f87a7354355468944e7f8840d5d2d83c344fdbf4a5d3bf6,04d5fc3bd443007507b8d2e2ea870060397833a500615e3e35ce6358bbe17cdf,7
ort_cpp,3,151,31.79,1,1,0,c5ef909be6cda03f0f87a7354355468944e7f8840d5d2d83c344fdbf4a5d3bf6,04d5fc3bd443007507b8d2e2ea870060397833a500615e3e35ce6358bbe17cdf,7
ort_cpp,3,152,29.046,1,1,0,c5ef909be6cda03f0f87a7354355468944e7f8840d5d2d83c344fdbf4a5d3bf6,04d5fc3bd443007507b8d2e2ea870060397833a500615e3e35ce6358bbe17cdf,7
ort_cpp,3,153,30.076,1,1,0,c5ef909be6cda03f0f87a7354355468944e7f8840d5d2d83c344fdbf4a5d3bf6,04d5fc3bd443007507b8d2e2ea870060397833a500615e3e35ce6358bbe17cdf,7
ort_cpp,3,154,29.443,1,1,0,c5ef909be6cda03f0f87a7354355468944e7f8840d5d2d83c344fdbf4a5d3bf6,04d5fc3bd443007507b8d2e2ea870060397833a500615e3e35ce6358bbe17cdf,7
ort_cpp,3,155,31.235,1,1,0,c5ef909be6cda03f0f87a7354355468944e7f8840d5d2d83c344fdbf4a5d3bf6,04d5fc3bd443007507b8d2e2ea870060397833a500615e3e35ce6358bbe17cdf,7
ort_cpp,3,156,28.432,1,1,0,c5ef909be6cda03f0f87a7354355468944e7f8840d5d2d83c344fdbf4a5d3bf6,04d5fc3bd443007507b8d2e2ea870060397833a500615e3e35ce6358bbe17cdf,7
ort_cpp,3,157,29.96,1,1,0,c5ef909be6cda03f0f87a7354355468944e7f8840d5d2d83c344fdbf4a5d3bf6,04d5fc3bd443007507b8d2e2ea870060397833a500615e3e35ce6358bbe17cdf,7
ort_cpp,3,158,31.348,1,1,0,c5ef909be6cda03f0f87a7354355468944e7f8840d5d2d83c344fdbf4a5d3bf6,04d5fc3bd443007507b8d2e2ea870060397833a500615e3e35ce6358bbe17cdf,7
ort_cpp,3,159,28.995,1,1,0,c5ef909be6cda03f0f87a7354355468944e7f8840d5d2d83c344fdbf4a5d3bf6,04d5fc3bd443007507b8d2e2ea870060397833a500615e3e35ce6358bbe17cdf,7
ort_cpp,3,160,29.323,1,1,0,c5ef909be6cda03f0f87a7354355468944e7f8840d5d2d83c344fdbf4a5d3bf6,04d5fc3bd443007507b8d2e2ea870060397833a500615e3e35ce6358bbe17cdf,7
ort_cpp,3,161,33.611,1,1,0,c5ef909be6cda03f0f87a7354355468944e7f8840d5d2d83c344fdbf4a5d3bf6,04d5fc3bd443007507b8d2e2ea870060397833a500615e3e35ce6358bbe17cdf,7
ort_cpp,3,162,36.975,1,1,0,c5ef909be6cda03f0f87a7354355468944e7f8840d5d2d83c344fdbf4a5d3bf6,04d5fc3bd443007507b8d2e2ea870060397833a500615e3e35ce6358bbe17cdf,7
ort_cpp,3,163,29.672,1,1,0,c5ef909be6cda03f0f87a7354355468944e7f8840d5d2d83c344fdbf4a5d3bf6,04d5fc3bd443007507b8d2e2ea870060397833a500615e3e35ce6358bbe17cdf,7
ort_cpp,3,164,30.342,1,1,0,c5ef909be6cda03f0f87a7354355468944e7f8840d5d2d83c344fdbf4a5d3bf6,04d5fc3bd443007507b8d2e2ea870060397833a500615e3e35ce6358bbe17cdf,7
ort_cpp,3,165,30.197,1,1,0,c5ef909be6cda03f0f87a7354355468944e7f8840d5d2d83c344fdbf4a5d3bf6,04d5fc3bd443007507b8d2e2ea870060397833a500615e3e35ce6358bbe17cdf,7
ort_cpp,3,166,30.422,1,1,0,c5ef909be6cda03f0f87a7354355468944e7f8840d5d2d83c344fdbf4a5d3bf6,04d5fc3bd443007507b8d2e2ea870060397833a500615e3e35ce6358bbe17cdf,7
ort_cpp,3,167,31.321,1,1,0,c5ef909be6cda03f0f87a7354355468944e7f8840d5d2d83c344fdbf4a5d3bf6,04d5fc3bd443007507b8d2e2ea870060397833a500615e3e35ce6358bbe17cdf,7
ort_cpp,3,168,31.171,1,1,0,c5ef909be6cda03f0f87a7354355468944e7f8840d5d2d83c344fdbf4a5d3bf6,04d5fc3bd443007507b8d2e2ea870060397833a500615e3e35ce6358bbe17cdf,7
ort_cpp,3,169,28.637,1,1,0,c5ef909be6cda03f0f87a7354355468944e7f8840d5d2d83c344fdbf4a5d3bf6,04d5fc3bd443007507b8d2e2ea870060397833a500615e3e35ce6358bbe17cdf,7
ort_cpp,3,170,31.411,1,1,0,c5ef909be6cda03f0f87a7354355468944e7f8840d5d2d83c344fdbf4a5d3bf6,04d5fc3bd443007507b8d2e2ea870060397833a500615e3e35ce6358bbe17cdf,7
ort_cpp,3,171,29.322,1,1,0,c5ef909be6cda03f0f87a7354355468944e7f8840d5d2d83c344fdbf4a5d3bf6,04d5fc3bd443007507b8d2e2ea870060397833a500615e3e35ce6358bbe17cdf,7
ort_cpp,3,172,30.385,1,1,0,c5ef909be6cda03f0f87a7354355468944e7f8840d5d2d83c344fdbf4a5d3bf6,04d5fc3bd443007507b8d2e2ea870060397833a500615e3e35ce6358bbe17cdf,7
ort_cpp,3,173,29.543,1,1,0,c5ef909be6cda03f0f87a7354355468944e7f8840d5d2d83c344fdbf4a5d3bf6,04d5fc3bd443007507b8d2e2ea870060397833a500615e3e35ce6358bbe17cdf,7
ort_cpp,3,174,28.875,1,1,0,c5ef909be6cda03f0f87a7354355468944e7f8840d5d2d83c344fdbf4a5d3bf6,04d5fc3bd443007507b8d2e2ea870060397833a500615e3e35ce6358bbe17cdf,7
ort_cpp,3,175,29.862,1,1,0,c5ef909be6cda03f0f87a7354355468944e7f8840d5d2d83c344fdbf4a5d3bf6,04d5fc3bd443007507b8d2e2ea870060397833a500615e3e35ce6358bbe17cdf,7
ort_cpp,3,176,27.789,1,1,0,c5ef909be6cda03f0f87a7354355468944e7f8840d5d2d83c344fdbf4a5d3bf6,04d5fc3bd443007507b8d2e2ea870060397833a500615e3e35ce6358bbe17cdf,7
ort_cpp,3,177,30.609,1,1,0,c5ef909be6cda03f0f87a7354355468944e7f8840d5d2d83c344fdbf4a5d3bf6,04d5fc3bd443007507b8d2e2ea870060397833a500615e3e35ce6358bbe17cdf,7
ort_cpp,3,178,30.0,1,1,0,c5ef909be6cda03f0f87a7354355468944e7f8840d5d2d83c344fdbf4a5d3bf6,04d5fc3bd443007507b8d2e2ea870060397833a500615e3e35ce6358bbe17cdf,7
ort_cpp,3,179,27.758,1,1,0,c5ef909be6cda03f0f87a7354355468944e7f8840d5d2d83c344fdbf4a5d3bf6,04d5fc3bd443007507b8d2e2ea870060397833a500615e3e35ce6358bbe17cdf,7
ort_cpp,3,180,28.276,1,1,0,c5ef909be6cda03f0f87a7354355468944e7f8840d5d2d83c344fdbf4a5d3bf6,04d5fc3bd443007507b8d2e2ea870060397833a500615e3e35ce6358bbe17cdf,7
ort_cpp,3,181,30.134,1,1,0,c5ef909be6cda03f0f87a7354355468944e7f8840d5d2d83c344fdbf4a5d3bf6,04d5fc3bd443007507b8d2e2ea870060397833a500615e3e35ce6358bbe17cdf,7
ort_cpp,3,182,28.849,1,1,0,c5ef909be6cda03f0f87a7354355468944e7f8840d5d2d83c344fdbf4a5d3bf6,04d5fc3bd443007507b8d2e2ea870060397833a500615e3e35ce6358bbe17cdf,7
ort_cpp,3,183,29.864,1,1,0,c5ef909be6cda03f0f87a7354355468944e7f8840d5d2d83c344fdbf4a5d3bf6,04d5fc3bd443007507b8d2e2ea870060397833a500615e3e35ce6358bbe17cdf,7
ort_cpp,3,184,30.251,1,1,0,c5ef909be6cda03f0f87a7354355468944e7f8840d5d2d83c344fdbf4a5d3bf6,04d5fc3bd443007507b8d2e2ea870060397833a500615e3e35ce6358bbe17cdf,7
ort_cpp,3,185,31.483,1,1,0,c5ef909be6cda03f0f87a7354355468944e7f8840d5d2d83c344fdbf4a5d3bf6,04d5fc3bd443007507b8d2e2ea870060397833a500615e3e35ce6358bbe17cdf,7
ort_cpp,3,186,28.856,1,1,0,c5ef909be6cda03f0f87a7354355468944e7f8840d5d2d83c344fdbf4a5d3bf6,04d5fc3bd443007507b8d2e2ea870060397833a500615e3e35ce6358bbe17cdf,7
ort_cpp,3,187,28.821,1,1,0,c5ef909be6cda03f0f87a7354355468944e7f8840d5d2d83c344fdbf4a5d3bf6,04d5fc3bd443007507b8d2e2ea870060397833a500615e3e35ce6358bbe17cdf,7
ort_cpp,3,188,28.436,1,1,0,c5ef909be6cda03f0f87a7354355468944e7f8840d5d2d83c344fdbf4a5d3bf6,04d5fc3bd443007507b8d2e2ea870060397833a500615e3e35ce6358bbe17cdf,7
ort_cpp,3,189,30.349,1,1,0,c5ef909be6cda03f0f87a7354355468944e7f8840d5d2d83c344fdbf4a5d3bf6,04d5fc3bd443007507b8d2e2ea870060397833a500615e3e35ce6358bbe17cdf,7
ort_cpp,3,190,28.966,1,1,0,c5ef909be6cda03f0f87a7354355468944e7f8840d5d2d83c344fdbf4a5d3bf6,04d5fc3bd443007507b8d2e2ea870060397833a500615e3e35ce6358bbe17cdf,7
ort_cpp,3,191,27.793,1,1,0,c5ef909be6cda03f0f87a7354355468944e7f8840d5d2d83c344fdbf4a5d3bf6,04d5fc3bd443007507b8d2e2ea870060397833a500615e3e35ce6358bbe17cdf,7
ort_cpp,3,192,30.28,1,1,0,c5ef909be6cda03f0f87a7354355468944e7f8840d5d2d83c344fdbf4a5d3bf6,04d5fc3bd443007507b8d2e2ea870060397833a500615e3e35ce6358bbe17cdf,7
ort_cpp,3,193,28.591,1,1,0,c5ef909be6cda03f0f87a7354355468944e7f8840d5d2d83c344fdbf4a5d3bf6,04d5fc3bd443007507b8d2e2ea870060397833a500615e3e35ce6358bbe17cdf,7
ort_cpp,3,194,28.647,1,1,0,c5ef909be6cda03f0f87a7354355468944e7f8840d5d2d83c344fdbf4a5d3bf6,04d5fc3bd443007507b8d2e2ea870060397833a500615e3e35ce6358bbe17cdf,7
ort_cpp,3,195,28.743,1,1,0,c5ef909be6cda03f0f87a7354355468944e7f8840d5d2d83c344fdbf4a5d3bf6,04d5fc3bd443007507b8d2e2ea870060397833a500615e3e35ce6358bbe17cdf,7
ort_cpp,3,196,30.726,1,1,0,c5ef909be6cda03f0f87a7354355468944e7f8840d5d2d83c344fdbf4a5d3bf6,04d5fc3bd443007507b8d2e2ea870060397833a500615e3e35ce6358bbe17cdf,7
ort_cpp,3,197,29.515,1,1,0,c5ef909be6cda03f0f87a7354355468944e7f8840d5d2d83c344fdbf4a5d3bf6,04d5fc3bd443007507b8d2e2ea870060397833a500615e3e35ce6358bbe17cdf,7
ort_cpp,3,198,29.476,1,1,0,c5ef909be6cda03f0f87a7354355468944e7f8840d5d2d83c344fdbf4a5d3bf6,04d5fc3bd443007507b8d2e2ea870060397833a500615e3e35ce6358bbe17cdf,7
ort_cpp,3,199,30.204,1,1,0,c5ef909be6cda03f0f87a7354355468944e7f8840d5d2d83c344fdbf4a5d3bf6,04d5fc3bd443007507b8d2e2ea870060397833a500615e3e35ce6358bbe17cdf,7
ort_cpp,3,200,27.617,1,1,0,c5ef909be6cda03f0f87a7354355468944e7f8840d5d2d83c344fdbf4a5d3bf6,04d5fc3bd443007507b8d2e2ea870060397833a500615e3e35ce6358bbe17cdf,7
ort_cpp,3,201,28.7,1,1,0,c5ef909be6cda03f0f87a7354355468944e7f8840d5d2d83c344fdbf4a5d3bf6,04d5fc3bd443007507b8d2e2ea870060397833a500615e3e35ce6358bbe17cdf,7
ort_cpp,3,202,29.323,1,1,0,c5ef909be6cda03f0f87a7354355468944e7f8840d5d2d83c344fdbf4a5d3bf6,04d5fc3bd443007507b8d2e2ea870060397833a500615e3e35ce6358bbe17cdf,7
ort_cpp,3,203,29.777,1,1,0,c5ef909be6cda03f0f87a7354355468944e7f8840d5d2d83c344fdbf4a5d3bf6,04d5fc3bd443007507b8d2e2ea870060397833a500615e3e35ce6358bbe17cdf,7
ort_cpp,3,204,27.393,1,1,0,c5ef909be6cda03f0f87a7354355468944e7f8840d5d2d83c344fdbf4a5d3bf6,04d5fc3bd443007507b8d2e2ea870060397833a500615e3e35ce6358bbe17cdf,7
ort_cpp,3,205,28.819,1,1,0,c5ef909be6cda03f0f87a7354355468944e7f8840d5d2d83c344fdbf4a5d3bf6,04d5fc3bd443007507b8d2e2ea870060397833a500615e3e35ce6358bbe17cdf,7
ort_cpp,3,206,31.15,1,1,0,c5ef909be6cda03f0f87a7354355468944e7f8840d5d2d83c344fdbf4a5d3bf6,04d5fc3bd443007507b8d2e2ea870060397833a500615e3e35ce6358bbe17cdf,7
ort_cpp,3,207,32.418,1,1,0,c5ef909be6cda03f0f87a7354355468944e7f8840d5d2d83c344fdbf4a5d3bf6,04d5fc3bd443007507b8d2e2ea870060397833a500615e3e35ce6358bbe17cdf,7
ort_cpp,3,208,27.908,1,1,0,c5ef909be6cda03f0f87a7354355468944e7f8840d5d2d83c344fdbf4a5d3bf6,04d5fc3bd443007507b8d2e2ea870060397833a500615e3e35ce6358bbe17cdf,7
ort_cpp,3,209,30.551,1,1,0,c5ef909be6cda03f0f87a7354355468944e7f8840d5d2d83c344fdbf4a5d3bf6,04d5fc3bd443007507b8d2e2ea870060397833a500615e3e35ce6358bbe17cdf,7
ort_cpp,3,210,30.954,1,1,0,c5ef909be6cda03f0f87a7354355468944e7f8840d5d2d83c344fdbf4a5d3bf6,04d5fc3bd443007507b8d2e2ea870060397833a500615e3e35ce6358bbe17cdf,7
ort_cpp,3,211,29.533,1,1,0,c5ef909be6cda03f0f87a7354355468944e7f8840d5d2d83c344fdbf4a5d3bf6,04d5fc3bd443007507b8d2e2ea870060397833a500615e3e35ce6358bbe17cdf,7
ort_cpp,3,212,30.122,1,1,0,c5ef909be6cda03f0f87a7354355468944e7f8840d5d2d83c344fdbf4a5d3bf6,04d5fc3bd443007507b8d2e2ea870060397833a500615e3e35ce6358bbe17cdf,7
ort_cpp,3,213,31.216,1,1,0,c5ef909be6cda03f0f87a7354355468944e7f8840d5d2d83c344fdbf4a5d3bf6,04d5fc3bd443007507b8d2e2ea870060397833a500615e3e35ce6358bbe17cdf,7
ort_cpp,3,214,28.265,1,1,0,c5ef909be6cda03f0f87a7354355468944e7f8840d5d2d83c344fdbf4a5d3bf6,04d5fc3bd443007507b8d2e2ea870060397833a500615e3e35ce6358bbe17cdf,7
ort_cpp,3,215,28.767,1,1,0,c5ef909be6cda03f0f87a7354355468944e7f8840d5d2d83c344fdbf4a5d3bf6,04d5fc3bd443007507b8d2e2ea870060397833a500615e3e35ce6358bbe17cdf,7
ort_cpp,3,216,30.601,1,1,0,c5ef909be6cda03f0f87a7354355468944e7f8840d5d2d83c344fdbf4a5d3bf6,04d5fc3bd443007507b8d2e2ea870060397833a500615e3e35ce6358bbe17cdf,7
ort_cpp,3,217,30.432,1,1,0,c5ef909be6cda03f0f87a7354355468944e7f8840d5d2d83c344fdbf4a5d3bf6,04d5fc3bd443007507b8d2e2ea870060397833a500615e3e35ce6358bbe17cdf,7
ort_cpp,3,218,28.121,1,1,0,c5ef909be6cda03f0f87a7354355468944e7f8840d5d2d83c344fdbf4a5d3bf6,04d5fc3bd443007507b8d2e2ea870060397833a500615e3e35ce6358bbe17cdf,7
ort_cpp,3,219,29.129,1,1,0,c5ef909be6cda03f0f87a7354355468944e7f8840d5d2d83c344fdbf4a5d3bf6,04d5fc3bd443007507b8d2e2ea870060397833a500615e3e35ce6358bbe17cdf,7
ort_cpp,3,220,30.715,1,1,0,c5ef909be6cda03f0f87a7354355468944e7f8840d5d2d83c344fdbf4a5d3bf6,04d5fc3bd443007507b8d2e2ea870060397833a500615e3e35ce6358bbe17cdf,7
ort_cpp,3,221,29.946,1,1,0,c5ef909be6cda03f0f87a7354355468944e7f8840d5d2d83c344fdbf4a5d3bf6,04d5fc3bd443007507b8d2e2ea870060397833a500615e3e35ce6358bbe17cdf,7
ort_cpp,3,222,28.659,1,1,0,c5ef909be6cda03f0f87a7354355468944e7f8840d5d2d83c344fdbf4a5d3bf6,04d5fc3bd443007507b8d2e2ea870060397833a500615e3e35ce6358bbe17cdf,7
ort_cpp,3,223,30.362,1,1,0,c5ef909be6cda03f0f87a7354355468944e7f8840d5d2d83c344fdbf4a5d3bf6,04d5fc3bd443007507b8d2e2ea870060397833a500615e3e35ce6358bbe17cdf,7
ort_cpp,3,224,30.626,1,1,0,c5ef909be6cda03f0f87a7354355468944e7f8840d5d2d83c344fdbf4a5d3bf6,04d5fc3bd443007507b8d2e2ea870060397833a500615e3e35ce6358bbe17cdf,7
ort_cpp,3,225,31.717,1,1,0,c5ef909be6cda03f0f87a7354355468944e7f8840d5d2d83c344fdbf4a5d3bf6,04d5fc3bd443007507b8d2e2ea870060397833a500615e3e35ce6358bbe17cdf,7
ort_cpp,3,226,29.874,1,1,0,c5ef909be6cda03f0f87a7354355468944e7f8840d5d2d83c344fdbf4a5d3bf6,04d5fc3bd443007507b8d2e2ea870060397833a500615e3e35ce6358bbe17cdf,7
ort_cpp,3,227,31.108,1,1,0,c5ef909be6cda03f0f87a7354355468944e7f8840d5d2d83c344fdbf4a5d3bf6,04d5fc3bd443007507b8d2e2ea870060397833a500615e3e35ce6358bbe17cdf,7
ort_cpp,3,228,27.972,1,1,0,c5ef909be6cda03f0f87a7354355468944e7f8840d5d2d83c344fdbf4a5d3bf6,04d5fc3bd443007507b8d2e2ea870060397833a500615e3e35ce6358bbe17cdf,7
ort_cpp,3,229,30.289,1,1,0,c5ef909be6cda03f0f87a7354355468944e7f8840d5d2d83c344fdbf4a5d3bf6,04d5fc3bd443007507b8d2e2ea870060397833a500615e3e35ce6358bbe17cdf,7
ort_cpp,3,230,30.271,1,1,0,c5ef909be6cda03f0f87a7354355468944e7f8840d5d2d83c344fdbf4a5d3bf6,04d5fc3bd443007507b8d2e2ea870060397833a500615e3e35ce6358bbe17cdf,7
ort_cpp,3,231,29.928,1,1,0,c5ef909be6cda03f0f87a7354355468944e7f8840d5d2d83c344fdbf4a5d3bf6,04d5fc3bd443007507b8d2e2ea870060397833a500615e3e35ce6358bbe17cdf,7
ort_cpp,3,232,32.883,1,1,0,c5ef909be6cda03f0f87a7354355468944e7f8840d5d2d83c344fdbf4a5d3bf6,04d5fc3bd443007507b8d2e2ea870060397833a500615e3e35ce6358bbe17cdf,7
ort_cpp,3,233,31.482,1,1,0,c5ef909be6cda03f0f87a7354355468944e7f8840d5d2d83c344fdbf4a5d3bf6,04d5fc3bd443007507b8d2e2ea870060397833a500615e3e35ce6358bbe17cdf,7
ort_cpp,3,234,29.568,1,1,0,c5ef909be6cda03f0f87a7354355468944e7f8840d5d2d83c344fdbf4a5d3bf6,04d5fc3bd443007507b8d2e2ea870060397833a500615e3e35ce6358bbe17cdf,7
ort_cpp,3,235,29.18,1,1,0,c5ef909be6cda03f0f87a7354355468944e7f8840d5d2d83c344fdbf4a5d3bf6,04d5fc3bd443007507b8d2e2ea870060397833a500615e3e35ce6358bbe17cdf,7
ort_cpp,3,236,31.371,1,1,0,c5ef909be6cda03f0f87a7354355468944e7f8840d5d2d83c344fdbf4a5d3bf6,04d5fc3bd443007507b8d2e2ea870060397833a500615e3e35ce6358bbe17cdf,7
ort_cpp,3,237,32.06,1,1,0,c5ef909be6cda03f0f87a7354355468944e7f8840d5d2d83c344fdbf4a5d3bf6,04d5fc3bd443007507b8d2e2ea870060397833a500615e3e35ce6358bbe17cdf,7
ort_cpp,3,238,29.997,1,1,0,c5ef909be6cda03f0f87a7354355468944e7f8840d5d2d83c344fdbf4a5d3bf6,04d5fc3bd443007507b8d2e2ea870060397833a500615e3e35ce6358bbe17cdf,7
ort_cpp,3,239,30.076,1,1,0,c5ef909be6cda03f0f87a7354355468944e7f8840d5d2d83c344fdbf4a5d3bf6,04d5fc3bd443007507b8d2e2ea870060397833a500615e3e35ce6358bbe17cdf,7
ort_cpp,3,240,30.214,1,1,0,c5ef909be6cda03f0f87a7354355468944e7f8840d5d2d83c344fdbf4a5d3bf6,04d5fc3bd443007507b8d2e2ea870060397833a500615e3e35ce6358bbe17cdf,7
ort_cpp,3,241,29.386,1,1,0,c5ef909be6cda03f0f87a7354355468944e7f8840d5d2d83c344fdbf4a5d3bf6,04d5fc3bd443007507b8d2e2ea870060397833a500615e3e35ce6358bbe17cdf,7
ort_cpp,3,242,29.347,1,1,0,c5ef909be6cda03f0f87a7354355468944e7f8840d5d2d83c344fdbf4a5d3bf6,04d5fc3bd443007507b8d2e2ea870060397833a500615e3e35ce6358bbe17cdf,7
ort_cpp,3,243,29.164,1,1,0,c5ef909be6cda03f0f87a7354355468944e7f8840d5d2d83c344fdbf4a5d3bf6,04d5fc3bd443007507b8d2e2ea870060397833a500615e3e35ce6358bbe17cdf,7
ort_cpp,3,244,31.32,1,1,0,c5ef909be6cda03f0f87a7354355468944e7f8840d5d2d83c344fdbf4a5d3bf6,04d5fc3bd443007507b8d2e2ea870060397833a500615e3e35ce6358bbe17cdf,7
ort_cpp,3,245,29.95,1,1,0,c5ef909be6cda03f0f87a7354355468944e7f8840d5d2d83c344fdbf4a5d3bf6,04d5fc3bd443007507b8d2e2ea870060397833a500615e3e35ce6358bbe17cdf,7
ort_cpp,3,246,29.319,1,1,0,c5ef909be6cda03f0f87a7354355468944e7f8840d5d2d83c344fdbf4a5d3bf6,04d5fc3bd443007507b8d2e2ea870060397833a500615e3e35ce6358bbe17cdf,7
ort_cpp,3,247,31.103,1,1,0,c5ef909be6cda03f0f87a7354355468944e7f8840d5d2d83c344fdbf4a5d3bf6,04d5fc3bd443007507b8d2e2ea870060397833a500615e3e35ce6358bbe17cdf,7
ort_cpp,3,248,29.605,1,1,0,c5ef909be6cda03f0f87a7354355468944e7f8840d5d2d83c344fdbf4a5d3bf6,04d5fc3bd443007507b8d2e2ea870060397833a500615e3e35ce6358bbe17cdf,7
ort_cpp,3,249,31.369,1,1,0,c5ef909be6cda03f0f87a7354355468944e7f8840d5d2d83c344fdbf4a5d3bf6,04d5fc3bd443007507b8d2e2ea870060397833a500615e3e35ce6358bbe17cdf,7
ort_cpp,3,250,34.252,1,1,0,c5ef909be6cda03f0f87a7354355468944e7f8840d5d2d83c344fdbf4a5d3bf6,04d5fc3bd443007507b8d2e2ea870060397833a500615e3e35ce6358bbe17cdf,7
ort_cpp,3,251,29.073,1,1,0,c5ef909be6cda03f0f87a7354355468944e7f8840d5d2d83c344fdbf4a5d3bf6,04d5fc3bd443007507b8d2e2ea870060397833a500615e3e35ce6358bbe17cdf,7
ort_cpp,3,252,30.97,1,1,0,c5ef909be6cda03f0f87a7354355468944e7f8840d5d2d83c344fdbf4a5d3bf6,04d5fc3bd443007507b8d2e2ea870060397833a500615e3e35ce6358bbe17cdf,7
ort_cpp,3,253,30.468,1,1,0,c5ef909be6cda03f0f87a7354355468944e7f8840d5d2d83c344fdbf4a5d3bf6,04d5fc3bd443007507b8d2e2ea870060397833a500615e3e35ce6358bbe17cdf,7
ort_cpp,3,254,31.516,1,1,0,c5ef909be6cda03f0f87a7354355468944e7f8840d5d2d83c344fdbf4a5d3bf6,04d5fc3bd443007507b8d2e2ea870060397833a500615e3e35ce6358bbe17cdf,7
ort_cpp,3,255,32.118,1,1,0,c5ef909be6cda03f0f87a7354355468944e7f8840d5d2d83c344fdbf4a5d3bf6,04d5fc3bd443007507b8d2e2ea870060397833a500615e3e35ce6358bbe17cdf,7
ort_cpp,3,256,31.503,1,1,0,c5ef909be6cda03f0f87a7354355468944e7f8840d5d2d83c344fdbf4a5d3bf6,04d5fc3bd443007507b8d2e2ea870060397833a500615e3e35ce6358bbe17cdf,7
ort_cpp,3,257,33.903,1,1,0,c5ef909be6cda03f0f87a7354355468944e7f8840d5d2d83c344fdbf4a5d3bf6,04d5fc3bd443007507b8d2e2ea870060397833a500615e3e35ce6358bbe17cdf,7
ort_cpp,3,258,31.997,1,1,0,c5ef909be6cda03f0f87a7354355468944e7f8840d5d2d83c344fdbf4a5d3bf6,04d5fc3bd443007507b8d2e2ea870060397833a500615e3e35ce6358bbe17cdf,7
ort_cpp,3,259,32.113,1,1,0,c5ef909be6cda03f0f87a7354355468944e7f8840d5d2d83c344fdbf4a5d3bf6,04d5fc3bd443007507b8d2e2ea870060397833a500615e3e35ce6358bbe17cdf,7
ort_cpp,3,260,31.055,1,1,0,c5ef909be6cda03f0f87a7354355468944e7f8840d5d2d83c344fdbf4a5d3bf6,04d5fc3bd443007507b8d2e2ea870060397833a500615e3e35ce6358bbe17cdf,7
ort_cpp,3,261,32.213,1,1,0,c5ef909be6cda03f0f87a7354355468944e7f8840d5d2d83c344fdbf4a5d3bf6,04d5fc3bd443007507b8d2e2ea870060397833a500615e3e35ce6358bbe17cdf,7
ort_cpp,3,262,29.174,1,1,0,c5ef909be6cda03f0f87a7354355468944e7f8840d5d2d83c344fdbf4a5d3bf6,04d5fc3bd443007507b8d2e2ea870060397833a500615e3e35ce6358bbe17cdf,7
ort_cpp,3,263,31.041,1,1,0,c5ef909be6cda03f0f87a7354355468944e7f8840d5d2d83c344fdbf4a5d3bf6,04d5fc3bd443007507b8d2e2ea870060397833a500615e3e35ce6358bbe17cdf,7
ort_cpp,3,264,30.163,1,1,0,c5ef909be6cda03f0f87a7354355468944e7f8840d5d2d83c344fdbf4a5d3bf6,04d5fc3bd443007507b8d2e2ea870060397833a500615e3e35ce6358bbe17cdf,7
ort_cpp,3,265,29.372,1,1,0,c5ef909be6cda03f0f87a7354355468944e7f8840d5d2d83c344fdbf4a5d3bf6,04d5fc3bd443007507b8d2e2ea870060397833a500615e3e35ce6358bbe17cdf,7
ort_cpp,3,266,29.061,1,1,0,c5ef909be6cda03f0f87a7354355468944e7f8840d5d2d83c344fdbf4a5d3bf6,04d5fc3bd443007507b8d2e2ea870060397833a500615e3e35ce6358bbe17cdf,7
ort_cpp,3,267,32.287,1,1,0,c5ef909be6cda03f0f87a7354355468944e7f8840d5d2d83c344fdbf4a5d3bf6,04d5fc3bd443007507b8d2e2ea870060397833a500615e3e35ce6358bbe17cdf,7
ort_cpp,3,268,28.856,1,1,0,c5ef909be6cda03f0f87a7354355468944e7f8840d5d2d83c344fdbf4a5d3bf6,04d5fc3bd443007507b8d2e2ea870060397833a500615e3e35ce6358bbe17cdf,7
ort_cpp,3,269,29.262,1,1,0,c5ef909be6cda03f0f87a7354355468944e7f8840d5d2d83c344fdbf4a5d3bf6,04d5fc3bd443007507b8d2e2ea870060397833a500615e3e35ce6358bbe17cdf,7
ort_cpp,3,270,31.651,1,1,0,c5ef909be6cda03f0f87a7354355468944e7f8840d5d2d83c344fdbf4a5d3bf6,04d5fc3bd443007507b8d2e2ea870060397833a500615e3e35ce6358bbe17cdf,7
ort_cpp,3,271,29.586,1,1,0,c5ef909be6cda03f0f87a7354355468944e7f8840d5d2d83c344fdbf4a5d3bf6,04d5fc3bd443007507b8d2e2ea870060397833a500615e3e35ce6358bbe17cdf,7
ort_cpp,3,272,29.673,1,1,0,c5ef909be6cda03f0f87a7354355468944e7f8840d5d2d83c344fdbf4a5d3bf6,04d5fc3bd443007507b8d2e2ea870060397833a500615e3e35ce6358bbe17cdf,7
ort_cpp,3,273,31.606,1,1,0,c5ef909be6cda03f0f87a7354355468944e7f8840d5d2d83c344fdbf4a5d3bf6,04d5fc3bd443007507b8d2e2ea870060397833a500615e3e35ce6358bbe17cdf,7
ort_cpp,3,274,30.436,1,1,0,c5ef909be6cda03f0f87a7354355468944e7f8840d5d2d83c344fdbf4a5d3bf6,04d5fc3bd443007507b8d2e2ea870060397833a500615e3e35ce6358bbe17cdf,7
ort_cpp,3,275,32.204,1,1,0,c5ef909be6cda03f0f87a7354355468944e7f8840d5d2d83c344fdbf4a5d3bf6,04d5fc3bd443007507b8d2e2ea870060397833a500615e3e35ce6358bbe17cdf,7
ort_cpp,3,276,31.215,1,1,0,c5ef909be6cda03f0f87a7354355468944e7f8840d5d2d83c344fdbf4a5d3bf6,04d5fc3bd443007507b8d2e2ea870060397833a500615e3e35ce6358bbe17cdf,7
ort_cpp,3,277,32.938,1,1,0,c5ef909be6cda03f0f87a7354355468944e7f8840d5d2d83c344fdbf4a5d3bf6,04d5fc3bd443007507b8d2e2ea870060397833a500615e3e35ce6358bbe17cdf,7
ort_cpp,3,278,29.471,1,1,0,c5ef909be6cda03f0f87a7354355468944e7f8840d5d2d83c344fdbf4a5d3bf6,04d5fc3bd443007507b8d2e2ea870060397833a500615e3e35ce6358bbe17cdf,7
ort_cpp,3,279,28.108,1,1,0,c5ef909be6cda03f0f87a7354355468944e7f8840d5d2d83c344fdbf4a5d3bf6,04d5fc3bd443007507b8d2e2ea870060397833a500615e3e35ce6358bbe17cdf,7
ort_cpp,3,280,32.008,1,1,0,c5ef909be6cda03f0f87a7354355468944e7f8840d5d2d83c344fdbf4a5d3bf6,04d5fc3bd443007507b8d2e2ea870060397833a500615e3e35ce6358bbe17cdf,7
ort_cpp,3,281,30.964,1,1,0,c5ef909be6cda03f0f87a7354355468944e7f8840d5d2d83c344fdbf4a5d3bf6,04d5fc3bd443007507b8d2e2ea870060397833a500615e3e35ce6358bbe17cdf,7
ort_cpp,3,282,29.129,1,1,0,c5ef909be6cda03f0f87a7354355468944e7f8840d5d2d83c344fdbf4a5d3bf6,04d5fc3bd443007507b8d2e2ea870060397833a500615e3e35ce6358bbe17cdf,7
ort_cpp,3,283,31.081,1,1,0,c5ef909be6cda03f0f87a7354355468944e7f8840d5d2d83c344fdbf4a5d3bf6,04d5fc3bd443007507b8d2e2ea870060397833a500615e3e35ce6358bbe17cdf,7
ort_cpp,3,284,29.307,1,1,0,c5ef909be6cda03f0f87a7354355468944e7f8840d5d2d83c344fdbf4a5d3bf6,04d5fc3bd443007507b8d2e2ea870060397833a500615e3e35ce6358bbe17cdf,7
ort_cpp,3,285,28.53,1,1,0,c5ef909be6cda03f0f87a7354355468944e7f8840d5d2d83c344fdbf4a5d3bf6,04d5fc3bd443007507b8d2e2ea870060397833a500615e3e35ce6358bbe17cdf,7
ort_cpp,3,286,30.042,1,1,0,c5ef909be6cda03f0f87a7354355468944e7f8840d5d2d83c344fdbf4a5d3bf6,04d5fc3bd443007507b8d2e2ea870060397833a500615e3e35ce6358bbe17cdf,7
ort_cpp,3,287,31.191,1,1,0,c5ef909be6cda03f0f87a7354355468944e7f8840d5d2d83c344fdbf4a5d3bf6,04d5fc3bd443007507b8d2e2ea870060397833a500615e3e35ce6358bbe17cdf,7
ort_cpp,3,288,30.577,1,1,0,c5ef909be6cda03f0f87a7354355468944e7f8840d5d2d83c344fdbf4a5d3bf6,04d5fc3bd443007507b8d2e2ea870060397833a500615e3e35ce6358bbe17cdf,7
ort_cpp,3,289,28.228,1,1,0,c5ef909be6cda03f0f87a7354355468944e7f8840d5d2d83c344fdbf4a5d3bf6,04d5fc3bd443007507b8d2e2ea870060397833a500615e3e35ce6358bbe17cdf,7
ort_cpp,3,290,31.441,1,1,0,c5ef909be6cda03f0f87a7354355468944e7f8840d5d2d83c344fdbf4a5d3bf6,04d5fc3bd443007507b8d2e2ea870060397833a500615e3e35ce6358bbe17cdf,7
ort_cpp,3,291,29.544,1,1,0,c5ef909be6cda03f0f87a7354355468944e7f8840d5d2d83c344fdbf4a5d3bf6,04d5fc3bd443007507b8d2e2ea870060397833a500615e3e35ce6358bbe17cdf,7
ort_cpp,3,292,31.426,1,1,0,c5ef909be6cda03f0f87a7354355468944e7f8840d5d2d83c344fdbf4a5d3bf6,04d5fc3bd443007507b8d2e2ea870060397833a500615e3e35ce6358bbe17cdf,7
ort_cpp,3,293,31.886,1,1,0,c5ef909be6cda03f0f87a7354355468944e7f8840d5d2d83c344fdbf4a5d3bf6,04d5fc3bd443007507b8d2e2ea870060397833a500615e3e35ce6358bbe17cdf,7
ort_cpp,3,294,29.838,1,1,0,c5ef909be6cda03f0f87a7354355468944e7f8840d5d2d83c344fdbf4a5d3bf6,04d5fc3bd443007507b8d2e2ea870060397833a500615e3e35ce6358bbe17cdf,7
ort_cpp,3,295,29.212,1,1,0,c5ef909be6cda03f0f87a7354355468944e7f8840d5d2d83c344fdbf4a5d3bf6,04d5fc3bd443007507b8d2e2ea870060397833a500615e3e35ce6358bbe17cdf,7
ort_cpp,3,296,28.91,1,1,0,c5ef909be6cda03f0f87a7354355468944e7f8840d5d2d83c344fdbf4a5d3bf6,04d5fc3bd443007507b8d2e2ea870060397833a500615e3e35ce6358bbe17cdf,7
ort_cpp,3,297,31.156,1,1,0,c5ef909be6cda03f0f87a7354355468944e7f8840d5d2d83c344fdbf4a5d3bf6,04d5fc3bd443007507b8d2e2ea870060397833a500615e3e35ce6358bbe17cdf,7
ort_cpp,3,298,29.3,1,1,0,c5ef909be6cda03f0f87a7354355468944e7f8840d5d2d83c344fdbf4a5d3bf6,04d5fc3bd443007507b8d2e2ea870060397833a500615e3e35ce6358bbe17cdf,7
ort_cpp,3,299,29.194,1,1,0,c5ef909be6cda03f0f87a7354355468944e7f8840d5d2d83c344fdbf4a5d3bf6,04d5fc3bd443007507b8d2e2ea870060397833a500615e3e35ce6358bbe17cdf,7
pytorch,1,0,47.1548,1,1,0,c5ef909be6cda03f0f87a7354355468944e7f8840d5d2d83c344fdbf4a5d3bf6,04d5fc3bd443007507b8d2e2ea870060397833a500615e3e35ce6358bbe17cdf,8
pytorch,1,1,51.1681,1,1,0,c5ef909be6cda03f0f87a7354355468944e7f8840d5d2d83c344fdbf4a5d3bf6,04d5fc3bd443007507b8d2e2ea870060397833a500615e3e35ce6358bbe17cdf,8
pytorch,1,2,43.5122,1,1,0,c5ef909be6cda03f0f87a7354355468944e7f8840d5d2d83c344fdbf4a5d3bf6,04d5fc3bd443007507b8d2e2ea870060397833a500615e3e35ce6358bbe17cdf,8
pytorch,1,3,47.0917,1,1,0,c5ef909be6cda03f0f87a7354355468944e7f8840d5d2d83c344fdbf4a5d3bf6,04d5fc3bd443007507b8d2e2ea870060397833a500615e3e35ce6358bbe17cdf,8
pytorch,1,4,50.7173,1,1,0,c5ef909be6cda03f0f87a7354355468944e7f8840d5d2d83c344fdbf4a5d3bf6,04d5fc3bd443007507b8d2e2ea870060397833a500615e3e35ce6358bbe17cdf,8
pytorch,1,5,49.2871,1,1,0,c5ef909be6cda03f0f87a7354355468944e7f8840d5d2d83c344fdbf4a5d3bf6,04d5fc3bd443007507b8d2e2ea870060397833a500615e3e35ce6358bbe17cdf,8
pytorch,1,6,47.0569,1,1,0,c5ef909be6cda03f0f87a7354355468944e7f8840d5d2d83c344fdbf4a5d3bf6,04d5fc3bd443007507b8d2e2ea870060397833a500615e3e35ce6358bbe17cdf,8
pytorch,1,7,48.5429,1,1,0,c5ef909be6cda03f0f87a7354355468944e7f8840d5d2d83c344fdbf4a5d3bf6,04d5fc3bd443007507b8d2e2ea870060397833a500615e3e35ce6358bbe17cdf,8
pytorch,1,8,50.8165,1,1,0,c5ef909be6cda03f0f87a7354355468944e7f8840d5d2d83c344fdbf4a5d3bf6,04d5fc3bd443007507b8d2e2ea870060397833a500615e3e35ce6358bbe17cdf,8
pytorch,1,9,46.2484,1,1,0,c5ef909be6cda03f0f87a7354355468944e7f8840d5d2d83c344fdbf4a5d3bf6,04d5fc3bd443007507b8d2e2ea870060397833a500615e3e35ce6358bbe17cdf,8
pytorch,1,10,47.5526,1,1,0,c5ef909be6cda03f0f87a7354355468944e7f8840d5d2d83c344fdbf4a5d3bf6,04d5fc3bd443007507b8d2e2ea870060397833a500615e3e35ce6358bbe17cdf,8
pytorch,1,11,45.7293,1,1,0,c5ef909be6cda03f0f87a7354355468944e7f8840d5d2d83c344fdbf4a5d3bf6,04d5fc3bd443007507b8d2e2ea870060397833a500615e3e35ce6358bbe17cdf,8
pytorch,1,12,48.9346,1,1,0,c5ef909be6cda03f0f87a7354355468944e7f8840d5d2d83c344fdbf4a5d3bf6,04d5fc3bd443007507b8d2e2ea870060397833a500615e3e35ce6358bbe17cdf,8
pytorch,1,13,48.9579,1,1,0,c5ef909be6cda03f0f87a7354355468944e7f8840d5d2d83c344fdbf4a5d3bf6,04d5fc3bd443007507b8d2e2ea870060397833a500615e3e35ce6358bbe17cdf,8
pytorch,1,14,49.0032,1,1,0,c5ef909be6cda03f0f87a7354355468944e7f8840d5d2d83c344fdbf4a5d3bf6,04d5fc3bd443007507b8d2e2ea870060397833a500615e3e35ce6358bbe17cdf,8
pytorch,1,15,48.7388,1,1,0,c5ef909be6cda03f0f87a7354355468944e7f8840d5d2d83c344fdbf4a5d3bf6,04d5fc3bd443007507b8d2e2ea870060397833a500615e3e35ce6358bbe17cdf,8
pytorch,1,16,48.9966,1,1,0,c5ef909be6cda03f0f87a7354355468944e7f8840d5d2d83c344fdbf4a5d3bf6,04d5fc3bd443007507b8d2e2ea870060397833a500615e3e35ce6358bbe17cdf,8
pytorch,1,17,54.5265,1,1,0,c5ef909be6cda03f0f87a7354355468944e7f8840d5d2d83c344fdbf4a5d3bf6,04d5fc3bd443007507b8d2e2ea870060397833a500615e3e35ce6358bbe17cdf,8
pytorch,1,18,48.468,1,1,0,c5ef909be6cda03f0f87a7354355468944e7f8840d5d2d83c344fdbf4a5d3bf6,04d5fc3bd443007507b8d2e2ea870060397833a500615e3e35ce6358bbe17cdf,8
pytorch,1,19,45.8595,1,1,0,c5ef909be6cda03f0f87a7354355468944e7f8840d5d2d83c344fdbf4a5d3bf6,04d5fc3bd443007507b8d2e2ea870060397833a500615e3e35ce6358bbe17cdf,8
pytorch,1,20,48.3443,1,1,0,c5ef909be6cda03f0f87a7354355468944e7f8840d5d2d83c344fdbf4a5d3bf6,04d5fc3bd443007507b8d2e2ea870060397833a500615e3e35ce6358bbe17cdf,8
pytorch,1,21,47.934,1,1,0,c5ef909be6cda03f0f87a7354355468944e7f8840d5d2d83c344fdbf4a5d3bf6,04d5fc3bd443007507b8d2e2ea870060397833a500615e3e35ce6358bbe17cdf,8
pytorch,1,22,50.2,1,1,0,c5ef909be6cda03f0f87a7354355468944e7f8840d5d2d83c344fdbf4a5d3bf6,04d5fc3bd443007507b8d2e2ea870060397833a500615e3e35ce6358bbe17cdf,8
pytorch,1,23,44.4674,1,1,0,c5ef909be6cda03f0f87a7354355468944e7f8840d5d2d83c344fdbf4a5d3bf6,04d5fc3bd443007507b8d2e2ea870060397833a500615e3e35ce6358bbe17cdf,8
pytorch,1,24,48.2952,1,1,0,c5ef909be6cda03f0f87a7354355468944e7f8840d5d2d83c344fdbf4a5d3bf6,04d5fc3bd443007507b8d2e2ea870060397833a500615e3e35ce6358bbe17cdf,8
pytorch,1,25,46.2865,1,1,0,c5ef909be6cda03f0f87a7354355468944e7f8840d5d2d83c344fdbf4a5d3bf6,04d5fc3bd443007507b8d2e2ea870060397833a500615e3e35ce6358bbe17cdf,8
pytorch,1,26,49.6583,1,1,0,c5ef909be6cda03f0f87a7354355468944e7f8840d5d2d83c344fdbf4a5d3bf6,04d5fc3bd443007507b8d2e2ea870060397833a500615e3e35ce6358bbe17cdf,8
pytorch,1,27,47.0138,1,1,0,c5ef909be6cda03f0f87a7354355468944e7f8840d5d2d83c344fdbf4a5d3bf6,04d5fc3bd443007507b8d2e2ea870060397833a500615e3e35ce6358bbe17cdf,8
pytorch,1,28,47.0131,1,1,0,c5ef909be6cda03f0f87a7354355468944e7f8840d5d2d83c344fdbf4a5d3bf6,04d5fc3bd443007507b8d2e2ea870060397833a500615e3e35ce6358bbe17cdf,8
pytorch,1,29,48.9206,1,1,0,c5ef909be6cda03f0f87a7354355468944e7f8840d5d2d83c344fdbf4a5d3bf6,04d5fc3bd443007507b8d2e2ea870060397833a500615e3e35ce6358bbe17cdf,8
pytorch,1,30,45.687,1,1,0,c5ef909be6cda03f0f87a7354355468944e7f8840d5d2d83c344fdbf4a5d3bf6,04d5fc3bd443007507b8d2e2ea870060397833a500615e3e35ce6358bbe17cdf,8
pytorch,1,31,47.1703,1,1,0,c5ef909be6cda03f0f87a7354355468944e7f8840d5d2d83c344fdbf4a5d3bf6,04d5fc3bd443007507b8d2e2ea870060397833a500615e3e35ce6358bbe17cdf,8
pytorch,1,32,47.6853,1,1,0,c5ef909be6cda03f0f87a7354355468944e7f8840d5d2d83c344fdbf4a5d3bf6,04d5fc3bd443007507b8d2e2ea870060397833a500615e3e35ce6358bbe17cdf,8
pytorch,1,33,50.0536,1,1,0,c5ef909be6cda03f0f87a7354355468944e7f8840d5d2d83c344fdbf4a5d3bf6,04d5fc3bd443007507b8d2e2ea870060397833a500615e3e35ce6358bbe17cdf,8
pytorch,1,34,48.5876,1,1,0,c5ef909be6cda03f0f87a7354355468944e7f8840d5d2d83c344fdbf4a5d3bf6,04d5fc3bd443007507b8d2e2ea870060397833a500615e3e35ce6358bbe17cdf,8
pytorch,1,35,49.0733,1,1,0,c5ef909be6cda03f0f87a7354355468944e7f8840d5d2d83c344fdbf4a5d3bf6,04d5fc3bd443007507b8d2e2ea870060397833a500615e3e35ce6358bbe17cdf,8
pytorch,1,36,46.5322,1,1,0,c5ef909be6cda03f0f87a7354355468944e7f8840d5d2d83c344fdbf4a5d3bf6,04d5fc3bd443007507b8d2e2ea870060397833a500615e3e35ce6358bbe17cdf,8
pytorch,1,37,48.296,1,1,0,c5ef909be6cda03f0f87a7354355468944e7f8840d5d2d83c344fdbf4a5d3bf6,04d5fc3bd443007507b8d2e2ea870060397833a500615e3e35ce6358bbe17cdf,8
pytorch,1,38,47.6375,1,1,0,c5ef909be6cda03f0f87a7354355468944e7f8840d5d2d83c344fdbf4a5d3bf6,04d5fc3bd443007507b8d2e2ea870060397833a500615e3e35ce6358bbe17cdf,8
pytorch,1,39,47.3387,1,1,0,c5ef909be6cda03f0f87a7354355468944e7f8840d5d2d83c344fdbf4a5d3bf6,04d5fc3bd443007507b8d2e2ea870060397833a500615e3e35ce6358bbe17cdf,8
pytorch,1,40,47.3871,1,1,0,c5ef909be6cda03f0f87a7354355468944e7f8840d5d2d83c344fdbf4a5d3bf6,04d5fc3bd443007507b8d2e2ea870060397833a500615e3e35ce6358bbe17cdf,8
pytorch,1,41,48.5631,1,1,0,c5ef909be6cda03f0f87a7354355468944e7f8840d5d2d83c344fdbf4a5d3bf6,04d5fc3bd443007507b8d2e2ea870060397833a500615e3e35ce6358bbe17cdf,8
pytorch,1,42,46.5374,1,1,0,c5ef909be6cda03f0f87a7354355468944e7f8840d5d2d83c344fdbf4a5d3bf6,04d5fc3bd443007507b8d2e2ea870060397833a500615e3e35ce6358bbe17cdf,8
pytorch,1,43,45.965,1,1,0,c5ef909be6cda03f0f87a7354355468944e7f8840d5d2d83c344fdbf4a5d3bf6,04d5fc3bd443007507b8d2e2ea870060397833a500615e3e35ce6358bbe17cdf,8
pytorch,1,44,46.3931,1,1,0,c5ef909be6cda03f0f87a7354355468944e7f8840d5d2d83c344fdbf4a5d3bf6,04d5fc3bd443007507b8d2e2ea870060397833a500615e3e35ce6358bbe17cdf,8
pytorch,1,45,45.9889,1,1,0,c5ef909be6cda03f0f87a7354355468944e7f8840d5d2d83c344fdbf4a5d3bf6,04d5fc3bd443007507b8d2e2ea870060397833a500615e3e35ce6358bbe17cdf,8
pytorch,1,46,52.069,1,1,0,c5ef909be6cda03f0f87a7354355468944e7f8840d5d2d83c344fdbf4a5d3bf6,04d5fc3bd443007507b8d2e2ea870060397833a500615e3e35ce6358bbe17cdf,8
pytorch,1,47,47.1699,1,1,0,c5ef909be6cda03f0f87a7354355468944e7f8840d5d2d83c344fdbf4a5d3bf6,04d5fc3bd443007507b8d2e2ea870060397833a500615e3e35ce6358bbe17cdf,8
pytorch,1,48,48.4937,1,1,0,c5ef909be6cda03f0f87a7354355468944e7f8840d5d2d83c344fdbf4a5d3bf6,04d5fc3bd443007507b8d2e2ea870060397833a500615e3e35ce6358bbe17cdf,8
pytorch,1,49,45.9421,1,1,0,c5ef909be6cda03f0f87a7354355468944e7f8840d5d2d83c344fdbf4a5d3bf6,04d5fc3bd443007507b8d2e2ea870060397833a500615e3e35ce6358bbe17cdf,8
pytorch,1,50,49.9491,1,1,0,c5ef909be6cda03f0f87a7354355468944e7f8840d5d2d83c344fdbf4a5d3bf6,04d5fc3bd443007507b8d2e2ea870060397833a500615e3e35ce6358bbe17cdf,8
pytorch,1,51,45.9768,1,1,0,c5ef909be6cda03f0f87a7354355468944e7f8840d5d2d83c344fdbf4a5d3bf6,04d5fc3bd443007507b8d2e2ea870060397833a500615e3e35ce6358bbe17cdf,8
pytorch,1,52,49.6724,1,1,0,c5ef909be6cda03f0f87a7354355468944e7f8840d5d2d83c344fdbf4a5d3bf6,04d5fc3bd443007507b8d2e2ea870060397833a500615e3e35ce6358bbe17cdf,8
pytorch,1,53,45.608,1,1,0,c5ef909be6cda03f0f87a7354355468944e7f8840d5d2d83c344fdbf4a5d3bf6,04d5fc3bd443007507b8d2e2ea870060397833a500615e3e35ce6358bbe17cdf,8
pytorch,1,54,48.8228,1,1,0,c5ef909be6cda03f0f87a7354355468944e7f8840d5d2d83c344fdbf4a5d3bf6,04d5fc3bd443007507b8d2e2ea870060397833a500615e3e35ce6358bbe17cdf,8
pytorch,1,55,46.0171,1,1,0,c5ef909be6cda03f0f87a7354355468944e7f8840d5d2d83c344fdbf4a5d3bf6,04d5fc3bd443007507b8d2e2ea870060397833a500615e3e35ce6358bbe17cdf,8
pytorch,1,56,45.2781,1,1,0,c5ef909be6cda03f0f87a7354355468944e7f8840d5d2d83c344fdbf4a5d3bf6,04d5fc3bd443007507b8d2e2ea870060397833a500615e3e35ce6358bbe17cdf,8
pytorch,1,57,47.6025,1,1,0,c5ef909be6cda03f0f87a7354355468944e7f8840d5d2d83c344fdbf4a5d3bf6,04d5fc3bd443007507b8d2e2ea870060397833a500615e3e35ce6358bbe17cdf,8
pytorch,1,58,46.791,1,1,0,c5ef909be6cda03f0f87a7354355468944e7f8840d5d2d83c344fdbf4a5d3bf6,04d5fc3bd443007507b8d2e2ea870060397833a500615e3e35ce6358bbe17cdf,8
pytorch,1,59,48.0856,1,1,0,c5ef909be6cda03f0f87a7354355468944e7f8840d5d2d83c344fdbf4a5d3bf6,04d5fc3bd443007507b8d2e2ea870060397833a500615e3e35ce6358bbe17cdf,8
pytorch,1,60,47.3966,1,1,0,c5ef909be6cda03f0f87a7354355468944e7f8840d5d2d83c344fdbf4a5d3bf6,04d5fc3bd443007507b8d2e2ea870060397833a500615e3e35ce6358bbe17cdf,8
pytorch,1,61,49.97,1,1,0,c5ef909be6cda03f0f87a7354355468944e7f8840d5d2d83c344fdbf4a5d3bf6,04d5fc3bd443007507b8d2e2ea870060397833a500615e3e35ce6358bbe17cdf,8
pytorch,1,62,47.33,1,1,0,c5ef909be6cda03f0f87a7354355468944e7f8840d5d2d83c344fdbf4a5d3bf6,04d5fc3bd443007507b8d2e2ea870060397833a500615e3e35ce6358bbe17cdf,8
pytorch,1,63,48.3466,1,1,0,c5ef909be6cda03f0f87a7354355468944e7f8840d5d2d83c344fdbf4a5d3bf6,04d5fc3bd443007507b8d2e2ea870060397833a500615e3e35ce6358bbe17cdf,8
pytorch,1,64,45.2617,1,1,0,c5ef909be6cda03f0f87a7354355468944e7f8840d5d2d83c344fdbf4a5d3bf6,04d5fc3bd443007507b8d2e2ea870060397833a500615e3e35ce6358bbe17cdf,8
pytorch,1,65,49.0795,1,1,0,c5ef909be6cda03f0f87a7354355468944e7f8840d5d2d83c344fdbf4a5d3bf6,04d5fc3bd443007507b8d2e2ea870060397833a500615e3e35ce6358bbe17cdf,8
pytorch,1,66,45.1916,1,1,0,c5ef909be6cda03f0f87a7354355468944e7f8840d5d2d83c344fdbf4a5d3bf6,04d5fc3bd443007507b8d2e2ea870060397833a500615e3e35ce6358bbe17cdf,8
pytorch,1,67,47.9812,1,1,0,c5ef909be6cda03f0f87a7354355468944e7f8840d5d2d83c344fdbf4a5d3bf6,04d5fc3bd443007507b8d2e2ea870060397833a500615e3e35ce6358bbe17cdf,8
pytorch,1,68,47.3279,1,1,0,c5ef909be6cda03f0f87a7354355468944e7f8840d5d2d83c344fdbf4a5d3bf6,04d5fc3bd443007507b8d2e2ea870060397833a500615e3e35ce6358bbe17cdf,8
pytorch,1,69,46.7774,1,1,0,c5ef909be6cda03f0f87a7354355468944e7f8840d5d2d83c344fdbf4a5d3bf6,04d5fc3bd443007507b8d2e2ea870060397833a500615e3e35ce6358bbe17cdf,8
pytorch,1,70,46.334,1,1,0,c5ef909be6cda03f0f87a7354355468944e7f8840d5d2d83c344fdbf4a5d3bf6,04d5fc3bd443007507b8d2e2ea870060397833a500615e3e35ce6358bbe17cdf,8
pytorch,1,71,45.2671,1,1,0,c5ef909be6cda03f0f87a7354355468944e7f8840d5d2d83c344fdbf4a5d3bf6,04d5fc3bd443007507b8d2e2ea870060397833a500615e3e35ce6358bbe17cdf,8
pytorch,1,72,48.4394,1,1,0,c5ef909be6cda03f0f87a7354355468944e7f8840d5d2d83c344fdbf4a5d3bf6,04d5fc3bd443007507b8d2e2ea870060397833a500615e3e35ce6358bbe17cdf,8
pytorch,1,73,48.1505,1,1,0,c5ef909be6cda03f0f87a7354355468944e7f8840d5d2d83c344fdbf4a5d3bf6,04d5fc3bd443007507b8d2e2ea870060397833a500615e3e35ce6358bbe17cdf,8
pytorch,1,74,50.2077,1,1,0,c5ef909be6cda03f0f87a7354355468944e7f8840d5d2d83c344fdbf4a5d3bf6,04d5fc3bd443007507b8d2e2ea870060397833a500615e3e35ce6358bbe17cdf,8
pytorch,1,75,46.4303,1,1,0,c5ef909be6cda03f0f87a7354355468944e7f8840d5d2d83c344fdbf4a5d3bf6,04d5fc3bd443007507b8d2e2ea870060397833a500615e3e35ce6358bbe17cdf,8
pytorch,1,76,48.3398,1,1,0,c5ef909be6cda03f0f87a7354355468944e7f8840d5d2d83c344fdbf4a5d3bf6,04d5fc3bd443007507b8d2e2ea870060397833a500615e3e35ce6358bbe17cdf,8
pytorch,1,77,47.4267,1,1,0,c5ef909be6cda03f0f87a7354355468944e7f8840d5d2d83c344fdbf4a5d3bf6,04d5fc3bd443007507b8d2e2ea870060397833a500615e3e35ce6358bbe17cdf,8
pytorch,1,78,47.6989,1,1,0,c5ef909be6cda03f0f87a7354355468944e7f8840d5d2d83c344fdbf4a5d3bf6,04d5fc3bd443007507b8d2e2ea870060397833a500615e3e35ce6358bbe17cdf,8
pytorch,1,79,45.8672,1,1,0,c5ef909be6cda03f0f87a7354355468944e7f8840d5d2d83c344fdbf4a5d3bf6,04d5fc3bd443007507b8d2e2ea870060397833a500615e3e35ce6358bbe17cdf,8
pytorch,1,80,49.5275,1,1,0,c5ef909be6cda03f0f87a7354355468944e7f8840d5d2d83c344fdbf4a5d3bf6,04d5fc3bd443007507b8d2e2ea870060397833a500615e3e35ce6358bbe17cdf,8
pytorch,1,81,46.5461,1,1,0,c5ef909be6cda03f0f87a7354355468944e7f8840d5d2d83c344fdbf4a5d3bf6,04d5fc3bd443007507b8d2e2ea870060397833a500615e3e35ce6358bbe17cdf,8
pytorch,1,82,44.2565,1,1,0,c5ef909be6cda03f0f87a7354355468944e7f8840d5d2d83c344fdbf4a5d3bf6,04d5fc3bd443007507b8d2e2ea870060397833a500615e3e35ce6358bbe17cdf,8
pytorch,1,83,48.7758,1,1,0,c5ef909be6cda03f0f87a7354355468944e7f8840d5d2d83c344fdbf4a5d3bf6,04d5fc3bd443007507b8d2e2ea870060397833a500615e3e35ce6358bbe17cdf,8
pytorch,1,84,45.3092,1,1,0,c5ef909be6cda03f0f87a7354355468944e7f8840d5d2d83c344fdbf4a5d3bf6,04d5fc3bd443007507b8d2e2ea870060397833a500615e3e35ce6358bbe17cdf,8
pytorch,1,85,47.8382,1,1,0,c5ef909be6cda03f0f87a7354355468944e7f8840d5d2d83c344fdbf4a5d3bf6,04d5fc3bd443007507b8d2e2ea870060397833a500615e3e35ce6358bbe17cdf,8
pytorch,1,86,46.8172,1,1,0,c5ef909be6cda03f0f87a7354355468944e7f8840d5d2d83c344fdbf4a5d3bf6,04d5fc3bd443007507b8d2e2ea870060397833a500615e3e35ce6358bbe17cdf,8
pytorch,1,87,47.0587,1,1,0,c5ef909be6cda03f0f87a7354355468944e7f8840d5d2d83c344fdbf4a5d3bf6,04d5fc3bd443007507b8d2e2ea870060397833a500615e3e35ce6358bbe17cdf,8
pytorch,1,88,44.6448,1,1,0,c5ef909be6cda03f0f87a7354355468944e7f8840d5d2d83c344fdbf4a5d3bf6,04d5fc3bd443007507b8d2e2ea870060397833a500615e3e35ce6358bbe17cdf,8
pytorch,1,89,47.7987,1,1,0,c5ef909be6cda03f0f87a7354355468944e7f8840d5d2d83c344fdbf4a5d3bf6,04d5fc3bd443007507b8d2e2ea870060397833a500615e3e35ce6358bbe17cdf,8
pytorch,1,90,45.7481,1,1,0,c5ef909be6cda03f0f87a7354355468944e7f8840d5d2d83c344fdbf4a5d3bf6,04d5fc3bd443007507b8d2e2ea870060397833a500615e3e35ce6358bbe17cdf,8
pytorch,1,91,47.844,1,1,0,c5ef909be6cda03f0f87a7354355468944e7f8840d5d2d83c344fdbf4a5d3bf6,04d5fc3bd443007507b8d2e2ea870060397833a500615e3e35ce6358bbe17cdf,8
pytorch,1,92,48.5663,1,1,0,c5ef909be6cda03f0f87a7354355468944e7f8840d5d2d83c344fdbf4a5d3bf6,04d5fc3bd443007507b8d2e2ea870060397833a500615e3e35ce6358bbe17cdf,8
pytorch,1,93,44.8516,1,1,0,c5ef909be6cda03f0f87a7354355468944e7f8840d5d2d83c344fdbf4a5d3bf6,04d5fc3bd443007507b8d2e2ea870060397833a500615e3e35ce6358bbe17cdf,8
pytorch,1,94,47.2013,1,1,0,c5ef909be6cda03f0f87a7354355468944e7f8840d5d2d83c344fdbf4a5d3bf6,04d5fc3bd443007507b8d2e2ea870060397833a500615e3e35ce6358bbe17cdf,8
pytorch,1,95,46.3299,1,1,0,c5ef909be6cda03f0f87a7354355468944e7f8840d5d2d83c344fdbf4a5d3bf6,04d5fc3bd443007507b8d2e2ea870060397833a500615e3e35ce6358bbe17cdf,8
pytorch,1,96,48.5575,1,1,0,c5ef909be6cda03f0f87a7354355468944e7f8840d5d2d83c344fdbf4a5d3bf6,04d5fc3bd443007507b8d2e2ea870060397833a500615e3e35ce6358bbe17cdf,8
pytorch,1,97,46.4922,1,1,0,c5ef909be6cda03f0f87a7354355468944e7f8840d5d2d83c344fdbf4a5d3bf6,04d5fc3bd443007507b8d2e2ea870060397833a500615e3e35ce6358bbe17cdf,8
pytorch,1,98,50.6492,1,1,0,c5ef909be6cda03f0f87a7354355468944e7f8840d5d2d83c344fdbf4a5d3bf6,04d5fc3bd443007507b8d2e2ea870060397833a500615e3e35ce6358bbe17cdf,8
pytorch,1,99,46.0049,1,1,0,c5ef909be6cda03f0f87a7354355468944e7f8840d5d2d83c344fdbf4a5d3bf6,04d5fc3bd443007507b8d2e2ea870060397833a500615e3e35ce6358bbe17cdf,8
pytorch,1,100,46.4826,1,1,0,c5ef909be6cda03f0f87a7354355468944e7f8840d5d2d83c344fdbf4a5d3bf6,04d5fc3bd443007507b8d2e2ea870060397833a500615e3e35ce6358bbe17cdf,8
pytorch,1,101,46.0993,1,1,0,c5ef909be6cda03f0f87a7354355468944e7f8840d5d2d83c344fdbf4a5d3bf6,04d5fc3bd443007507b8d2e2ea870060397833a500615e3e35ce6358bbe17cdf,8
pytorch,1,102,47.9113,1,1,0,c5ef909be6cda03f0f87a7354355468944e7f8840d5d2d83c344fdbf4a5d3bf6,04d5fc3bd443007507b8d2e2ea870060397833a500615e3e35ce6358bbe17cdf,8
pytorch,1,103,47.1458,1,1,0,c5ef909be6cda03f0f87a7354355468944e7f8840d5d2d83c344fdbf4a5d3bf6,04d5fc3bd443007507b8d2e2ea870060397833a500615e3e35ce6358bbe17cdf,8
pytorch,1,104,48.453,1,1,0,c5ef909be6cda03f0f87a7354355468944e7f8840d5d2d83c344fdbf4a5d3bf6,04d5fc3bd443007507b8d2e2ea870060397833a500615e3e35ce6358bbe17cdf,8
pytorch,1,105,45.4477,1,1,0,c5ef909be6cda03f0f87a7354355468944e7f8840d5d2d83c344fdbf4a5d3bf6,04d5fc3bd443007507b8d2e2ea870060397833a500615e3e35ce6358bbe17cdf,8
pytorch,1,106,45.4404,1,1,0,c5ef909be6cda03f0f87a7354355468944e7f8840d5d2d83c344fdbf4a5d3bf6,04d5fc3bd443007507b8d2e2ea870060397833a500615e3e35ce6358bbe17cdf,8
pytorch,1,107,49.2234,1,1,0,c5ef909be6cda03f0f87a7354355468944e7f8840d5d2d83c344fdbf4a5d3bf6,04d5fc3bd443007507b8d2e2ea870060397833a500615e3e35ce6358bbe17cdf,8
pytorch,1,108,46.2647,1,1,0,c5ef909be6cda03f0f87a7354355468944e7f8840d5d2d83c344fdbf4a5d3bf6,04d5fc3bd443007507b8d2e2ea870060397833a500615e3e35ce6358bbe17cdf,8
pytorch,1,109,48.5489,1,1,0,c5ef909be6cda03f0f87a7354355468944e7f8840d5d2d83c344fdbf4a5d3bf6,04d5fc3bd443007507b8d2e2ea870060397833a500615e3e35ce6358bbe17cdf,8
pytorch,1,110,44.5881,1,1,0,c5ef909be6cda03f0f87a7354355468944e7f8840d5d2d83c344fdbf4a5d3bf6,04d5fc3bd443007507b8d2e2ea870060397833a500615e3e35ce6358bbe17cdf,8
pytorch,1,111,47.3673,1,1,0,c5ef909be6cda03f0f87a7354355468944e7f8840d5d2d83c344fdbf4a5d3bf6,04d5fc3bd443007507b8d2e2ea870060397833a500615e3e35ce6358bbe17cdf,8
pytorch,1,112,46.0687,1,1,0,c5ef909be6cda03f0f87a7354355468944e7f8840d5d2d83c344fdbf4a5d3bf6,04d5fc3bd443007507b8d2e2ea870060397833a500615e3e35ce6358bbe17cdf,8
pytorch,1,113,49.7702,1,1,0,c5ef909be6cda03f0f87a7354355468944e7f8840d5d2d83c344fdbf4a5d3bf6,04d5fc3bd443007507b8d2e2ea870060397833a500615e3e35ce6358bbe17cdf,8
pytorch,1,114,47.7819,1,1,0,c5ef909be6cda03f0f87a7354355468944e7f8840d5d2d83c344fdbf4a5d3bf6,04d5fc3bd443007507b8d2e2ea870060397833a500615e3e35ce6358bbe17cdf,8
pytorch,1,115,47.7003,1,1,0,c5ef909be6cda03f0f87a7354355468944e7f8840d5d2d83c344fdbf4a5d3bf6,04d5fc3bd443007507b8d2e2ea870060397833a500615e3e35ce6358bbe17cdf,8
pytorch,1,116,46.1654,1,1,0,c5ef909be6cda03f0f87a7354355468944e7f8840d5d2d83c344fdbf4a5d3bf6,04d5fc3bd443007507b8d2e2ea870060397833a500615e3e35ce6358bbe17cdf,8
pytorch,1,117,47.2359,1,1,0,c5ef909be6cda03f0f87a7354355468944e7f8840d5d2d83c344fdbf4a5d3bf6,04d5fc3bd443007507b8d2e2ea870060397833a500615e3e35ce6358bbe17cdf,8
pytorch,1,118,47.6295,1,1,0,c5ef909be6cda03f0f87a7354355468944e7f8840d5d2d83c344fdbf4a5d3bf6,04d5fc3bd443007507b8d2e2ea870060397833a500615e3e35ce6358bbe17cdf,8
pytorch,1,119,46.7227,1,1,0,c5ef909be6cda03f0f87a7354355468944e7f8840d5d2d83c344fdbf4a5d3bf6,04d5fc3bd443007507b8d2e2ea870060397833a500615e3e35ce6358bbe17cdf,8
pytorch,1,120,48.9228,1,1,0,c5ef909be6cda03f0f87a7354355468944e7f8840d5d2d83c344fdbf4a5d3bf6,04d5fc3bd443007507b8d2e2ea870060397833a500615e3e35ce6358bbe17cdf,8
pytorch,1,121,47.7623,1,1,0,c5ef909be6cda03f0f87a7354355468944e7f8840d5d2d83c344fdbf4a5d3bf6,04d5fc3bd443007507b8d2e2ea870060397833a500615e3e35ce6358bbe17cdf,8
pytorch,1,122,51.7314,1,1,0,c5ef909be6cda03f0f87a7354355468944e7f8840d5d2d83c344fdbf4a5d3bf6,04d5fc3bd443007507b8d2e2ea870060397833a500615e3e35ce6358bbe17cdf,8
pytorch,1,123,49.556,1,1,0,c5ef909be6cda03f0f87a7354355468944e7f8840d5d2d83c344fdbf4a5d3bf6,04d5fc3bd443007507b8d2e2ea870060397833a500615e3e35ce6358bbe17cdf,8
pytorch,1,124,49.8987,1,1,0,c5ef909be6cda03f0f87a7354355468944e7f8840d5d2d83c344fdbf4a5d3bf6,04d5fc3bd443007507b8d2e2ea870060397833a500615e3e35ce6358bbe17cdf,8
pytorch,1,125,46.2429,1,1,0,c5ef909be6cda03f0f87a7354355468944e7f8840d5d2d83c344fdbf4a5d3bf6,04d5fc3bd443007507b8d2e2ea870060397833a500615e3e35ce6358bbe17cdf,8
pytorch,1,126,49.5589,1,1,0,c5ef909be6cda03f0f87a7354355468944e7f8840d5d2d83c344fdbf4a5d3bf6,04d5fc3bd443007507b8d2e2ea870060397833a500615e3e35ce6358bbe17cdf,8
pytorch,1,127,45.4012,1,1,0,c5ef909be6cda03f0f87a7354355468944e7f8840d5d2d83c344fdbf4a5d3bf6,04d5fc3bd443007507b8d2e2ea870060397833a500615e3e35ce6358bbe17cdf,8
pytorch,1,128,47.5205,1,1,0,c5ef909be6cda03f0f87a7354355468944e7f8840d5d2d83c344fdbf4a5d3bf6,04d5fc3bd443007507b8d2e2ea870060397833a500615e3e35ce6358bbe17cdf,8
pytorch,1,129,49.8869,1,1,0,c5ef909be6cda03f0f87a7354355468944e7f8840d5d2d83c344fdbf4a5d3bf6,04d5fc3bd443007507b8d2e2ea870060397833a500615e3e35ce6358bbe17cdf,8
pytorch,1,130,47.3709,1,1,0,c5ef909be6cda03f0f87a7354355468944e7f8840d5d2d83c344fdbf4a5d3bf6,04d5fc3bd443007507b8d2e2ea870060397833a500615e3e35ce6358bbe17cdf,8
pytorch,1,131,49.0501,1,1,0,c5ef909be6cda03f0f87a7354355468944e7f8840d5d2d83c344fdbf4a5d3bf6,04d5fc3bd443007507b8d2e2ea870060397833a500615e3e35ce6358bbe17cdf,8
pytorch,1,132,49.1785,1,1,0,c5ef909be6cda03f0f87a7354355468944e7f8840d5d2d83c344fdbf4a5d3bf6,04d5fc3bd443007507b8d2e2ea870060397833a500615e3e35ce6358bbe17cdf,8
pytorch,1,133,47.2968,1,1,0,c5ef909be6cda03f0f87a7354355468944e7f8840d5d2d83c344fdbf4a5d3bf6,04d5fc3bd443007507b8d2e2ea870060397833a500615e3e35ce6358bbe17cdf,8
pytorch,1,134,50.49,1,1,0,c5ef909be6cda03f0f87a7354355468944e7f8840d5d2d83c344fdbf4a5d3bf6,04d5fc3bd443007507b8d2e2ea870060397833a500615e3e35ce6358bbe17cdf,8
pytorch,1,135,47.3835,1,1,0,c5ef909be6cda03f0f87a7354355468944e7f8840d5d2d83c344fdbf4a5d3bf6,04d5fc3bd443007507b8d2e2ea870060397833a500615e3e35ce6358bbe17cdf,8
pytorch,1,136,50.9481,1,1,0,c5ef909be6cda03f0f87a7354355468944e7f8840d5d2d83c344fdbf4a5d3bf6,04d5fc3bd443007507b8d2e2ea870060397833a500615e3e35ce6358bbe17cdf,8
pytorch,1,137,46.8633,1,1,0,c5ef909be6cda03f0f87a7354355468944e7f8840d5d2d83c344fdbf4a5d3bf6,04d5fc3bd443007507b8d2e2ea870060397833a500615e3e35ce6358bbe17cdf,8
pytorch,1,138,50.0895,1,1,0,c5ef909be6cda03f0f87a7354355468944e7f8840d5d2d83c344fdbf4a5d3bf6,04d5fc3bd443007507b8d2e2ea870060397833a500615e3e35ce6358bbe17cdf,8
pytorch,1,139,47.7175,1,1,0,c5ef909be6cda03f0f87a7354355468944e7f8840d5d2d83c344fdbf4a5d3bf6,04d5fc3bd443007507b8d2e2ea870060397833a500615e3e35ce6358bbe17cdf,8
pytorch,1,140,45.5565,1,1,0,c5ef909be6cda03f0f87a7354355468944e7f8840d5d2d83c344fdbf4a5d3bf6,04d5fc3bd443007507b8d2e2ea870060397833a500615e3e35ce6358bbe17cdf,8
pytorch,1,141,50.2453,1,1,0,c5ef909be6cda03f0f87a7354355468944e7f8840d5d2d83c344fdbf4a5d3bf6,04d5fc3bd443007507b8d2e2ea870060397833a500615e3e35ce6358bbe17cdf,8
pytorch,1,142,51.9125,1,1,0,c5ef909be6cda03f0f87a7354355468944e7f8840d5d2d83c344fdbf4a5d3bf6,04d5fc3bd443007507b8d2e2ea870060397833a500615e3e35ce6358bbe17cdf,8
pytorch,1,143,57.6115,1,1,0,c5ef909be6cda03f0f87a7354355468944e7f8840d5d2d83c344fdbf4a5d3bf6,04d5fc3bd443007507b8d2e2ea870060397833a500615e3e35ce6358bbe17cdf,8
pytorch,1,144,55.298,1,1,0,c5ef909be6cda03f0f87a7354355468944e7f8840d5d2d83c344fdbf4a5d3bf6,04d5fc3bd443007507b8d2e2ea870060397833a500615e3e35ce6358bbe17cdf,8
pytorch,1,145,48.6054,1,1,0,c5ef909be6cda03f0f87a7354355468944e7f8840d5d2d83c344fdbf4a5d3bf6,04d5fc3bd443007507b8d2e2ea870060397833a500615e3e35ce6358bbe17cdf,8
pytorch,1,146,52.6003,1,1,0,c5ef909be6cda03f0f87a7354355468944e7f8840d5d2d83c344fdbf4a5d3bf6,04d5fc3bd443007507b8d2e2ea870060397833a500615e3e35ce6358bbe17cdf,8
pytorch,1,147,48.471,1,1,0,c5ef909be6cda03f0f87a7354355468944e7f8840d5d2d83c344fdbf4a5d3bf6,04d5fc3bd443007507b8d2e2ea870060397833a500615e3e35ce6358bbe17cdf,8
pytorch,1,148,50.8442,1,1,0,c5ef909be6cda03f0f87a7354355468944e7f8840d5d2d83c344fdbf4a5d3bf6,04d5fc3bd443007507b8d2e2ea870060397833a500615e3e35ce6358bbe17cdf,8
pytorch,1,149,51.9068,1,1,0,c5ef909be6cda03f0f87a7354355468944e7f8840d5d2d83c344fdbf4a5d3bf6,04d5fc3bd443007507b8d2e2ea870060397833a500615e3e35ce6358bbe17cdf,8
pytorch,1,150,50.3696,1,1,0,c5ef909be6cda03f0f87a7354355468944e7f8840d5d2d83c344fdbf4a5d3bf6,04d5fc3bd443007507b8d2e2ea870060397833a500615e3e35ce6358bbe17cdf,8
pytorch,1,151,58.7415,1,1,0,c5ef909be6cda03f0f87a7354355468944e7f8840d5d2d83c344fdbf4a5d3bf6,04d5fc3bd443007507b8d2e2ea870060397833a500615e3e35ce6358bbe17cdf,8
pytorch,1,152,51.0835,1,1,0,c5ef909be6cda03f0f87a7354355468944e7f8840d5d2d83c344fdbf4a5d3bf6,04d5fc3bd443007507b8d2e2ea870060397833a500615e3e35ce6358bbe17cdf,8
pytorch,1,153,47.3174,1,1,0,c5ef909be6cda03f0f87a7354355468944e7f8840d5d2d83c344fdbf4a5d3bf6,04d5fc3bd443007507b8d2e2ea870060397833a500615e3e35ce6358bbe17cdf,8
pytorch,1,154,45.7245,1,1,0,c5ef909be6cda03f0f87a7354355468944e7f8840d5d2d83c344fdbf4a5d3bf6,04d5fc3bd443007507b8d2e2ea870060397833a500615e3e35ce6358bbe17cdf,8
pytorch,1,155,51.0908,1,1,0,c5ef909be6cda03f0f87a7354355468944e7f8840d5d2d83c344fdbf4a5d3bf6,04d5fc3bd443007507b8d2e2ea870060397833a500615e3e35ce6358bbe17cdf,8
pytorch,1,156,45.2364,1,1,0,c5ef909be6cda03f0f87a7354355468944e7f8840d5d2d83c344fdbf4a5d3bf6,04d5fc3bd443007507b8d2e2ea870060397833a500615e3e35ce6358bbe17cdf,8
pytorch,1,157,49.0434,1,1,0,c5ef909be6cda03f0f87a7354355468944e7f8840d5d2d83c344fdbf4a5d3bf6,04d5fc3bd443007507b8d2e2ea870060397833a500615e3e35ce6358bbe17cdf,8
pytorch,1,158,46.4186,1,1,0,c5ef909be6cda03f0f87a7354355468944e7f8840d5d2d83c344fdbf4a5d3bf6,04d5fc3bd443007507b8d2e2ea870060397833a500615e3e35ce6358bbe17cdf,8
pytorch,1,159,50.4751,1,1,0,c5ef909be6cda03f0f87a7354355468944e7f8840d5d2d83c344fdbf4a5d3bf6,04d5fc3bd443007507b8d2e2ea870060397833a500615e3e35ce6358bbe17cdf,8
pytorch,1,160,48.8283,1,1,0,c5ef909be6cda03f0f87a7354355468944e7f8840d5d2d83c344fdbf4a5d3bf6,04d5fc3bd443007507b8d2e2ea870060397833a500615e3e35ce6358bbe17cdf,8
pytorch,1,161,49.023,1,1,0,c5ef909be6cda03f0f87a7354355468944e7f8840d5d2d83c344fdbf4a5d3bf6,04d5fc3bd443007507b8d2e2ea870060397833a500615e3e35ce6358bbe17cdf,8
pytorch,1,162,49.4402,1,1,0,c5ef909be6cda03f0f87a7354355468944e7f8840d5d2d83c344fdbf4a5d3bf6,04d5fc3bd443007507b8d2e2ea870060397833a500615e3e35ce6358bbe17cdf,8
pytorch,1,163,53.245,1,1,0,c5ef909be6cda03f0f87a7354355468944e7f8840d5d2d83c344fdbf4a5d3bf6,04d5fc3bd443007507b8d2e2ea870060397833a500615e3e35ce6358bbe17cdf,8
pytorch,1,164,47.198,1,1,0,c5ef909be6cda03f0f87a7354355468944e7f8840d5d2d83c344fdbf4a5d3bf6,04d5fc3bd443007507b8d2e2ea870060397833a500615e3e35ce6358bbe17cdf,8
pytorch,1,165,50.1353,1,1,0,c5ef909be6cda03f0f87a7354355468944e7f8840d5d2d83c344fdbf4a5d3bf6,04d5fc3bd443007507b8d2e2ea870060397833a500615e3e35ce6358bbe17cdf,8
pytorch,1,166,49.5532,1,1,0,c5ef909be6cda03f0f87a7354355468944e7f8840d5d2d83c344fdbf4a5d3bf6,04d5fc3bd443007507b8d2e2ea870060397833a500615e3e35ce6358bbe17cdf,8
pytorch,1,167,49.7857,1,1,0,c5ef909be6cda03f0f87a7354355468944e7f8840d5d2d83c344fdbf4a5d3bf6,04d5fc3bd443007507b8d2e2ea870060397833a500615e3e35ce6358bbe17cdf,8
pytorch,1,168,46.8325,1,1,0,c5ef909be6cda03f0f87a7354355468944e7f8840d5d2d83c344fdbf4a5d3bf6,04d5fc3bd443007507b8d2e2ea870060397833a500615e3e35ce6358bbe17cdf,8
pytorch,1,169,48.4421,1,1,0,c5ef909be6cda03f0f87a7354355468944e7f8840d5d2d83c344fdbf4a5d3bf6,04d5fc3bd443007507b8d2e2ea870060397833a500615e3e35ce6358bbe17cdf,8
pytorch,1,170,47.5539,1,1,0,c5ef909be6cda03f0f87a7354355468944e7f8840d5d2d83c344fdbf4a5d3bf6,04d5fc3bd443007507b8d2e2ea870060397833a500615e3e35ce6358bbe17cdf,8
pytorch,1,171,49.1602,1,1,0,c5ef909be6cda03f0f87a7354355468944e7f8840d5d2d83c344fdbf4a5d3bf6,04d5fc3bd443007507b8d2e2ea870060397833a500615e3e35ce6358bbe17cdf,8
pytorch,1,172,46.4873,1,1,0,c5ef909be6cda03f0f87a7354355468944e7f8840d5d2d83c344fdbf4a5d3bf6,04d5fc3bd443007507b8d2e2ea870060397833a500615e3e35ce6358bbe17cdf,8
pytorch,1,173,50.1518,1,1,0,c5ef909be6cda03f0f87a7354355468944e7f8840d5d2d83c344fdbf4a5d3bf6,04d5fc3bd443007507b8d2e2ea870060397833a500615e3e35ce6358bbe17cdf,8
pytorch,1,174,47.6201,1,1,0,c5ef909be6cda03f0f87a7354355468944e7f8840d5d2d83c344fdbf4a5d3bf6,04d5fc3bd443007507b8d2e2ea870060397833a500615e3e35ce6358bbe17cdf,8
pytorch,1,175,48.4514,1,1,0,c5ef909be6cda03f0f87a7354355468944e7f8840d5d2d83c344fdbf4a5d3bf6,04d5fc3bd443007507b8d2e2ea870060397833a500615e3e35ce6358bbe17cdf,8
pytorch,1,176,49.0475,1,1,0,c5ef909be6cda03f0f87a7354355468944e7f8840d5d2d83c344fdbf4a5d3bf6,04d5fc3bd443007507b8d2e2ea870060397833a500615e3e35ce6358bbe17cdf,8
pytorch,1,177,49.6253,1,1,0,c5ef909be6cda03f0f87a7354355468944e7f8840d5d2d83c344fdbf4a5d3bf6,04d5fc3bd443007507b8d2e2ea870060397833a500615e3e35ce6358bbe17cdf,8
pytorch,1,178,47.8446,1,1,0,c5ef909be6cda03f0f87a7354355468944e7f8840d5d2d83c344fdbf4a5d3bf6,04d5fc3bd443007507b8d2e2ea870060397833a500615e3e35ce6358bbe17cdf,8
pytorch,1,179,45.9605,1,1,0,c5ef909be6cda03f0f87a7354355468944e7f8840d5d2d83c344fdbf4a5d3bf6,04d5fc3bd443007507b8d2e2ea870060397833a500615e3e35ce6358bbe17cdf,8
pytorch,1,180,50.0541,1,1,0,c5ef909be6cda03f0f87a7354355468944e7f8840d5d2d83c344fdbf4a5d3bf6,04d5fc3bd443007507b8d2e2ea870060397833a500615e3e35ce6358bbe17cdf,8
pytorch,1,181,46.3492,1,1,0,c5ef909be6cda03f0f87a7354355468944e7f8840d5d2d83c344fdbf4a5d3bf6,04d5fc3bd443007507b8d2e2ea870060397833a500615e3e35ce6358bbe17cdf,8
pytorch,1,182,49.4186,1,1,0,c5ef909be6cda03f0f87a7354355468944e7f8840d5d2d83c344fdbf4a5d3bf6,04d5fc3bd443007507b8d2e2ea870060397833a500615e3e35ce6358bbe17cdf,8
pytorch,1,183,46.643,1,1,0,c5ef909be6cda03f0f87a7354355468944e7f8840d5d2d83c344fdbf4a5d3bf6,04d5fc3bd443007507b8d2e2ea870060397833a500615e3e35ce6358bbe17cdf,8
pytorch,1,184,49.859,1,1,0,c5ef909be6cda03f0f87a7354355468944e7f8840d5d2d83c344fdbf4a5d3bf6,04d5fc3bd443007507b8d2e2ea870060397833a500615e3e35ce6358bbe17cdf,8
pytorch,1,185,51.9741,1,1,0,c5ef909be6cda03f0f87a7354355468944e7f8840d5d2d83c344fdbf4a5d3bf6,04d5fc3bd443007507b8d2e2ea870060397833a500615e3e35ce6358bbe17cdf,8
pytorch,1,186,48.5076,1,1,0,c5ef909be6cda03f0f87a7354355468944e7f8840d5d2d83c344fdbf4a5d3bf6,04d5fc3bd443007507b8d2e2ea870060397833a500615e3e35ce6358bbe17cdf,8
pytorch,1,187,47.205,1,1,0,c5ef909be6cda03f0f87a7354355468944e7f8840d5d2d83c344fdbf4a5d3bf6,04d5fc3bd443007507b8d2e2ea870060397833a500615e3e35ce6358bbe17cdf,8
pytorch,1,188,49.0675,1,1,0,c5ef909be6cda03f0f87a7354355468944e7f8840d5d2d83c344fdbf4a5d3bf6,04d5fc3bd443007507b8d2e2ea870060397833a500615e3e35ce6358bbe17cdf,8
pytorch,1,189,46.012,1,1,0,c5ef909be6cda03f0f87a7354355468944e7f8840d5d2d83c344fdbf4a5d3bf6,04d5fc3bd443007507b8d2e2ea870060397833a500615e3e35ce6358bbe17cdf,8
pytorch,1,190,48.3293,1,1,0,c5ef909be6cda03f0f87a7354355468944e7f8840d5d2d83c344fdbf4a5d3bf6,04d5fc3bd443007507b8d2e2ea870060397833a500615e3e35ce6358bbe17cdf,8
pytorch,1,191,46.114,1,1,0,c5ef909be6cda03f0f87a7354355468944e7f8840d5d2d83c344fdbf4a5d3bf6,04d5fc3bd443007507b8d2e2ea870060397833a500615e3e35ce6358bbe17cdf,8
pytorch,1,192,46.4753,1,1,0,c5ef909be6cda03f0f87a7354355468944e7f8840d5d2d83c344fdbf4a5d3bf6,04d5fc3bd443007507b8d2e2ea870060397833a500615e3e35ce6358bbe17cdf,8
pytorch,1,193,48.1057,1,1,0,c5ef909be6cda03f0f87a7354355468944e7f8840d5d2d83c344fdbf4a5d3bf6,04d5fc3bd443007507b8d2e2ea870060397833a500615e3e35ce6358bbe17cdf,8
pytorch,1,194,46.3797,1,1,0,c5ef909be6cda03f0f87a7354355468944e7f8840d5d2d83c344fdbf4a5d3bf6,04d5fc3bd443007507b8d2e2ea870060397833a500615e3e35ce6358bbe17cdf,8
pytorch,1,195,50.5952,1,1,0,c5ef909be6cda03f0f87a7354355468944e7f8840d5d2d83c344fdbf4a5d3bf6,04d5fc3bd443007507b8d2e2ea870060397833a500615e3e35ce6358bbe17cdf,8
pytorch,1,196,45.8633,1,1,0,c5ef909be6cda03f0f87a7354355468944e7f8840d5d2d83c344fdbf4a5d3bf6,04d5fc3bd443007507b8d2e2ea870060397833a500615e3e35ce6358bbe17cdf,8
pytorch,1,197,49.3936,1,1,0,c5ef909be6cda03f0f87a7354355468944e7f8840d5d2d83c344fdbf4a5d3bf6,04d5fc3bd443007507b8d2e2ea870060397833a500615e3e35ce6358bbe17cdf,8
pytorch,1,198,45.2309,1,1,0,c5ef909be6cda03f0f87a7354355468944e7f8840d5d2d83c344fdbf4a5d3bf6,04d5fc3bd443007507b8d2e2ea870060397833a500615e3e35ce6358bbe17cdf,8
pytorch,1,199,50.4604,1,1,0,c5ef909be6cda03f0f87a7354355468944e7f8840d5d2d83c344fdbf4a5d3bf6,04d5fc3bd443007507b8d2e2ea870060397833a500615e3e35ce6358bbe17cdf,8
pytorch,1,200,47.5288,1,1,0,c5ef909be6cda03f0f87a7354355468944e7f8840d5d2d83c344fdbf4a5d3bf6,04d5fc3bd443007507b8d2e2ea870060397833a500615e3e35ce6358bbe17cdf,8
pytorch,1,201,50.8042,1,1,0,c5ef909be6cda03f0f87a7354355468944e7f8840d5d2d83c344fdbf4a5d3bf6,04d5fc3bd443007507b8d2e2ea870060397833a500615e3e35ce6358bbe17cdf,8
pytorch,1,202,49.0532,1,1,0,c5ef909be6cda03f0f87a7354355468944e7f8840d5d2d83c344fdbf4a5d3bf6,04d5fc3bd443007507b8d2e2ea870060397833a500615e3e35ce6358bbe17cdf,8
pytorch,1,203,48.3514,1,1,0,c5ef909be6cda03f0f87a7354355468944e7f8840d5d2d83c344fdbf4a5d3bf6,04d5fc3bd443007507b8d2e2ea870060397833a500615e3e35ce6358bbe17cdf,8
pytorch,1,204,47.39,1,1,0,c5ef909be6cda03f0f87a7354355468944e7f8840d5d2d83c344fdbf4a5d3bf6,04d5fc3bd443007507b8d2e2ea870060397833a500615e3e35ce6358bbe17cdf,8
pytorch,1,205,48.9564,1,1,0,c5ef909be6cda03f0f87a7354355468944e7f8840d5d2d83c344fdbf4a5d3bf6,04d5fc3bd443007507b8d2e2ea870060397833a500615e3e35ce6358bbe17cdf,8
pytorch,1,206,44.664,1,1,0,c5ef909be6cda03f0f87a7354355468944e7f8840d5d2d83c344fdbf4a5d3bf6,04d5fc3bd443007507b8d2e2ea870060397833a500615e3e35ce6358bbe17cdf,8
pytorch,1,207,46.8592,1,1,0,c5ef909be6cda03f0f87a7354355468944e7f8840d5d2d83c344fdbf4a5d3bf6,04d5fc3bd443007507b8d2e2ea870060397833a500615e3e35ce6358bbe17cdf,8
pytorch,1,208,48.9988,1,1,0,c5ef909be6cda03f0f87a7354355468944e7f8840d5d2d83c344fdbf4a5d3bf6,04d5fc3bd443007507b8d2e2ea870060397833a500615e3e35ce6358bbe17cdf,8
pytorch,1,209,47.827,1,1,0,c5ef909be6cda03f0f87a7354355468944e7f8840d5d2d83c344fdbf4a5d3bf6,04d5fc3bd443007507b8d2e2ea870060397833a500615e3e35ce6358bbe17cdf,8
pytorch,1,210,48.3141,1,1,0,c5ef909be6cda03f0f87a7354355468944e7f8840d5d2d83c344fdbf4a5d3bf6,04d5fc3bd443007507b8d2e2ea870060397833a500615e3e35ce6358bbe17cdf,8
pytorch,1,211,46.1416,1,1,0,c5ef909be6cda03f0f87a7354355468944e7f8840d5d2d83c344fdbf4a5d3bf6,04d5fc3bd443007507b8d2e2ea870060397833a500615e3e35ce6358bbe17cdf,8
pytorch,1,212,48.5701,1,1,0,c5ef909be6cda03f0f87a7354355468944e7f8840d5d2d83c344fdbf4a5d3bf6,04d5fc3bd443007507b8d2e2ea870060397833a500615e3e35ce6358bbe17cdf,8
pytorch,1,213,44.8873,1,1,0,c5ef909be6cda03f0f87a7354355468944e7f8840d5d2d83c344fdbf4a5d3bf6,04d5fc3bd443007507b8d2e2ea870060397833a500615e3e35ce6358bbe17cdf,8
pytorch,1,214,48.1656,1,1,0,c5ef909be6cda03f0f87a7354355468944e7f8840d5d2d83c344fdbf4a5d3bf6,04d5fc3bd443007507b8d2e2ea870060397833a500615e3e35ce6358bbe17cdf,8
pytorch,1,215,48.9881,1,1,0,c5ef909be6cda03f0f87a7354355468944e7f8840d5d2d83c344fdbf4a5d3bf6,04d5fc3bd443007507b8d2e2ea870060397833a500615e3e35ce6358bbe17cdf,8
pytorch,1,216,50.9726,1,1,0,c5ef909be6cda03f0f87a7354355468944e7f8840d5d2d83c344fdbf4a5d3bf6,04d5fc3bd443007507b8d2e2ea870060397833a500615e3e35ce6358bbe17cdf,8
pytorch,1,217,46.5615,1,1,0,c5ef909be6cda03f0f87a7354355468944e7f8840d5d2d83c344fdbf4a5d3bf6,04d5fc3bd443007507b8d2e2ea870060397833a500615e3e35ce6358bbe17cdf,8
pytorch,1,218,48.5587,1,1,0,c5ef909be6cda03f0f87a7354355468944e7f8840d5d2d83c344fdbf4a5d3bf6,04d5fc3bd443007507b8d2e2ea870060397833a500615e3e35ce6358bbe17cdf,8
pytorch,1,219,47.217,1,1,0,c5ef909be6cda03f0f87a7354355468944e7f8840d5d2d83c344fdbf4a5d3bf6,04d5fc3bd443007507b8d2e2ea870060397833a500615e3e35ce6358bbe17cdf,8
pytorch,1,220,48.8383,1,1,0,c5ef909be6cda03f0f87a7354355468944e7f8840d5d2d83c344fdbf4a5d3bf6,04d5fc3bd443007507b8d2e2ea870060397833a500615e3e35ce6358bbe17cdf,8
pytorch,1,221,44.7428,1,1,0,c5ef909be6cda03f0f87a7354355468944e7f8840d5d2d83c344fdbf4a5d3bf6,04d5fc3bd443007507b8d2e2ea870060397833a500615e3e35ce6358bbe17cdf,8
pytorch,1,222,54.7902,1,1,0,c5ef909be6cda03f0f87a7354355468944e7f8840d5d2d83c344fdbf4a5d3bf6,04d5fc3bd443007507b8d2e2ea870060397833a500615e3e35ce6358bbe17cdf,8
pytorch,1,223,43.7121,1,1,0,c5ef909be6cda03f0f87a7354355468944e7f8840d5d2d83c344fdbf4a5d3bf6,04d5fc3bd443007507b8d2e2ea870060397833a500615e3e35ce6358bbe17cdf,8
pytorch,1,224,49.9128,1,1,0,c5ef909be6cda03f0f87a7354355468944e7f8840d5d2d83c344fdbf4a5d3bf6,04d5fc3bd443007507b8d2e2ea870060397833a500615e3e35ce6358bbe17cdf,8
pytorch,1,225,49.2512,1,1,0,c5ef909be6cda03f0f87a7354355468944e7f8840d5d2d83c344fdbf4a5d3bf6,04d5fc3bd443007507b8d2e2ea870060397833a500615e3e35ce6358bbe17cdf,8
pytorch,1,226,48.6762,1,1,0,c5ef909be6cda03f0f87a7354355468944e7f8840d5d2d83c344fdbf4a5d3bf6,04d5fc3bd443007507b8d2e2ea870060397833a500615e3e35ce6358bbe17cdf,8
pytorch,1,227,51.5082,1,1,0,c5ef909be6cda03f0f87a7354355468944e7f8840d5d2d83c344fdbf4a5d3bf6,04d5fc3bd443007507b8d2e2ea870060397833a500615e3e35ce6358bbe17cdf,8
pytorch,1,228,48.7143,1,1,0,c5ef909be6cda03f0f87a7354355468944e7f8840d5d2d83c344fdbf4a5d3bf6,04d5fc3bd443007507b8d2e2ea870060397833a500615e3e35ce6358bbe17cdf,8
pytorch,1,229,48.5176,1,1,0,c5ef909be6cda03f0f87a7354355468944e7f8840d5d2d83c344fdbf4a5d3bf6,04d5fc3bd443007507b8d2e2ea870060397833a500615e3e35ce6358bbe17cdf,8
pytorch,1,230,48.4457,1,1,0,c5ef909be6cda03f0f87a7354355468944e7f8840d5d2d83c344fdbf4a5d3bf6,04d5fc3bd443007507b8d2e2ea870060397833a500615e3e35ce6358bbe17cdf,8
pytorch,1,231,51.3494,1,1,0,c5ef909be6cda03f0f87a7354355468944e7f8840d5d2d83c344fdbf4a5d3bf6,04d5fc3bd443007507b8d2e2ea870060397833a500615e3e35ce6358bbe17cdf,8
pytorch,1,232,47.0185,1,1,0,c5ef909be6cda03f0f87a7354355468944e7f8840d5d2d83c344fdbf4a5d3bf6,04d5fc3bd443007507b8d2e2ea870060397833a500615e3e35ce6358bbe17cdf,8
pytorch,1,233,49.65,1,1,0,c5ef909be6cda03f0f87a7354355468944e7f8840d5d2d83c344fdbf4a5d3bf6,04d5fc3bd443007507b8d2e2ea870060397833a500615e3e35ce6358bbe17cdf,8
pytorch,1,234,47.5726,1,1,0,c5ef909be6cda03f0f87a7354355468944e7f8840d5d2d83c344fdbf4a5d3bf6,04d5fc3bd443007507b8d2e2ea870060397833a500615e3e35ce6358bbe17cdf,8
pytorch,1,235,49.194,1,1,0,c5ef909be6cda03f0f87a7354355468944e7f8840d5d2d83c344fdbf4a5d3bf6,04d5fc3bd443007507b8d2e2ea870060397833a500615e3e35ce6358bbe17cdf,8
pytorch,1,236,45.5201,1,1,0,c5ef909be6cda03f0f87a7354355468944e7f8840d5d2d83c344fdbf4a5d3bf6,04d5fc3bd443007507b8d2e2ea870060397833a500615e3e35ce6358bbe17cdf,8
pytorch,1,237,50.1844,1,1,0,c5ef909be6cda03f0f87a7354355468944e7f8840d5d2d83c344fdbf4a5d3bf6,04d5fc3bd443007507b8d2e2ea870060397833a500615e3e35ce6358bbe17cdf,8
pytorch,1,238,46.1291,1,1,0,c5ef909be6cda03f0f87a7354355468944e7f8840d5d2d83c344fdbf4a5d3bf6,04d5fc3bd443007507b8d2e2ea870060397833a500615e3e35ce6358bbe17cdf,8
pytorch,1,239,50.4487,1,1,0,c5ef909be6cda03f0f87a7354355468944e7f8840d5d2d83c344fdbf4a5d3bf6,04d5fc3bd443007507b8d2e2ea870060397833a500615e3e35ce6358bbe17cdf,8
pytorch,1,240,47.6065,1,1,0,c5ef909be6cda03f0f87a7354355468944e7f8840d5d2d83c344fdbf4a5d3bf6,04d5fc3bd443007507b8d2e2ea870060397833a500615e3e35ce6358bbe17cdf,8
pytorch,1,241,47.4955,1,1,0,c5ef909be6cda03f0f87a7354355468944e7f8840d5d2d83c344fdbf4a5d3bf6,04d5fc3bd443007507b8d2e2ea870060397833a500615e3e35ce6358bbe17cdf,8
pytorch,1,242,49.7912,1,1,0,c5ef909be6cda03f0f87a7354355468944e7f8840d5d2d83c344fdbf4a5d3bf6,04d5fc3bd443007507b8d2e2ea870060397833a500615e3e35ce6358bbe17cdf,8
pytorch,1,243,47.9683,1,1,0,c5ef909be6cda03f0f87a7354355468944e7f8840d5d2d83c344fdbf4a5d3bf6,04d5fc3bd443007507b8d2e2ea870060397833a500615e3e35ce6358bbe17cdf,8
pytorch,1,244,50.7938,1,1,0,c5ef909be6cda03f0f87a7354355468944e7f8840d5d2d83c344fdbf4a5d3bf6,04d5fc3bd443007507b8d2e2ea870060397833a500615e3e35ce6358bbe17cdf,8
pytorch,1,245,48.4098,1,1,0,c5ef909be6cda03f0f87a7354355468944e7f8840d5d2d83c344fdbf4a5d3bf6,04d5fc3bd443007507b8d2e2ea870060397833a500615e3e35ce6358bbe17cdf,8
pytorch,1,246,48.1065,1,1,0,c5ef909be6cda03f0f87a7354355468944e7f8840d5d2d83c344fdbf4a5d3bf6,04d5fc3bd443007507b8d2e2ea870060397833a500615e3e35ce6358bbe17cdf,8
pytorch,1,247,46.4004,1,1,0,c5ef909be6cda03f0f87a7354355468944e7f8840d5d2d83c344fdbf4a5d3bf6,04d5fc3bd443007507b8d2e2ea870060397833a500615e3e35ce6358bbe17cdf,8
pytorch,1,248,47.2647,1,1,0,c5ef909be6cda03f0f87a7354355468944e7f8840d5d2d83c344fdbf4a5d3bf6,04d5fc3bd443007507b8d2e2ea870060397833a500615e3e35ce6358bbe17cdf,8
pytorch,1,249,46.7524,1,1,0,c5ef909be6cda03f0f87a7354355468944e7f8840d5d2d83c344fdbf4a5d3bf6,04d5fc3bd443007507b8d2e2ea870060397833a500615e3e35ce6358bbe17cdf,8
pytorch,1,250,49.5653,1,1,0,c5ef909be6cda03f0f87a7354355468944e7f8840d5d2d83c344fdbf4a5d3bf6,04d5fc3bd443007507b8d2e2ea870060397833a500615e3e35ce6358bbe17cdf,8
pytorch,1,251,45.4229,1,1,0,c5ef909be6cda03f0f87a7354355468944e7f8840d5d2d83c344fdbf4a5d3bf6,04d5fc3bd443007507b8d2e2ea870060397833a500615e3e35ce6358bbe17cdf,8
pytorch,1,252,50.2935,1,1,0,c5ef909be6cda03f0f87a7354355468944e7f8840d5d2d83c344fdbf4a5d3bf6,04d5fc3bd443007507b8d2e2ea870060397833a500615e3e35ce6358bbe17cdf,8
pytorch,1,253,46.255,1,1,0,c5ef909be6cda03f0f87a7354355468944e7f8840d5d2d83c344fdbf4a5d3bf6,04d5fc3bd443007507b8d2e2ea870060397833a500615e3e35ce6358bbe17cdf,8
pytorch,1,254,49.043,1,1,0,c5ef909be6cda03f0f87a7354355468944e7f8840d5d2d83c344fdbf4a5d3bf6,04d5fc3bd443007507b8d2e2ea870060397833a500615e3e35ce6358bbe17cdf,8
pytorch,1,255,47.7619,1,1,0,c5ef909be6cda03f0f87a7354355468944e7f8840d5d2d83c344fdbf4a5d3bf6,04d5fc3bd443007507b8d2e2ea870060397833a500615e3e35ce6358bbe17cdf,8
pytorch,1,256,48.0627,1,1,0,c5ef909be6cda03f0f87a7354355468944e7f8840d5d2d83c344fdbf4a5d3bf6,04d5fc3bd443007507b8d2e2ea870060397833a500615e3e35ce6358bbe17cdf,8
pytorch,1,257,46.1232,1,1,0,c5ef909be6cda03f0f87a7354355468944e7f8840d5d2d83c344fdbf4a5d3bf6,04d5fc3bd443007507b8d2e2ea870060397833a500615e3e35ce6358bbe17cdf,8
pytorch,1,258,47.6073,1,1,0,c5ef909be6cda03f0f87a7354355468944e7f8840d5d2d83c344fdbf4a5d3bf6,04d5fc3bd443007507b8d2e2ea870060397833a500615e3e35ce6358bbe17cdf,8
pytorch,1,259,49.9822,1,1,0,c5ef909be6cda03f0f87a7354355468944e7f8840d5d2d83c344fdbf4a5d3bf6,04d5fc3bd443007507b8d2e2ea870060397833a500615e3e35ce6358bbe17cdf,8
pytorch,1,260,48.1592,1,1,0,c5ef909be6cda03f0f87a7354355468944e7f8840d5d2d83c344fdbf4a5d3bf6,04d5fc3bd443007507b8d2e2ea870060397833a500615e3e35ce6358bbe17cdf,8
pytorch,1,261,47.5292,1,1,0,c5ef909be6cda03f0f87a7354355468944e7f8840d5d2d83c344fdbf4a5d3bf6,04d5fc3bd443007507b8d2e2ea870060397833a500615e3e35ce6358bbe17cdf,8
pytorch,1,262,43.8761,1,1,0,c5ef909be6cda03f0f87a7354355468944e7f8840d5d2d83c344fdbf4a5d3bf6,04d5fc3bd443007507b8d2e2ea870060397833a500615e3e35ce6358bbe17cdf,8
pytorch,1,263,48.8215,1,1,0,c5ef909be6cda03f0f87a7354355468944e7f8840d5d2d83c344fdbf4a5d3bf6,04d5fc3bd443007507b8d2e2ea870060397833a500615e3e35ce6358bbe17cdf,8
pytorch,1,264,48.2732,1,1,0,c5ef909be6cda03f0f87a7354355468944e7f8840d5d2d83c344fdbf4a5d3bf6,04d5fc3bd443007507b8d2e2ea870060397833a500615e3e35ce6358bbe17cdf,8
pytorch,1,265,48.0401,1,1,0,c5ef909be6cda03f0f87a7354355468944e7f8840d5d2d83c344fdbf4a5d3bf6,04d5fc3bd443007507b8d2e2ea870060397833a500615e3e35ce6358bbe17cdf,8
pytorch,1,266,45.9028,1,1,0,c5ef909be6cda03f0f87a7354355468944e7f8840d5d2d83c344fdbf4a5d3bf6,04d5fc3bd443007507b8d2e2ea870060397833a500615e3e35ce6358bbe17cdf,8
pytorch,1,267,53.1247,1,1,0,c5ef909be6cda03f0f87a7354355468944e7f8840d5d2d83c344fdbf4a5d3bf6,04d5fc3bd443007507b8d2e2ea870060397833a500615e3e35ce6358bbe17cdf,8
pytorch,1,268,46.797,1,1,0,c5ef909be6cda03f0f87a7354355468944e7f8840d5d2d83c344fdbf4a5d3bf6,04d5fc3bd443007507b8d2e2ea870060397833a500615e3e35ce6358bbe17cdf,8
pytorch,1,269,48.9663,1,1,0,c5ef909be6cda03f0f87a7354355468944e7f8840d5d2d83c344fdbf4a5d3bf6,04d5fc3bd443007507b8d2e2ea870060397833a500615e3e35ce6358bbe17cdf,8
pytorch,1,270,44.5594,1,1,0,c5ef909be6cda03f0f87a7354355468944e7f8840d5d2d83c344fdbf4a5d3bf6,04d5fc3bd443007507b8d2e2ea870060397833a500615e3e35ce6358bbe17cdf,8
pytorch,1,271,48.5648,1,1,0,c5ef909be6cda03f0f87a7354355468944e7f8840d5d2d83c344fdbf4a5d3bf6,04d5fc3bd443007507b8d2e2ea870060397833a500615e3e35ce6358bbe17cdf,8
pytorch,1,272,48.4939,1,1,0,c5ef909be6cda03f0f87a7354355468944e7f8840d5d2d83c344fdbf4a5d3bf6,04d5fc3bd443007507b8d2e2ea870060397833a500615e3e35ce6358bbe17cdf,8
pytorch,1,273,46.3017,1,1,0,c5ef909be6cda03f0f87a7354355468944e7f8840d5d2d83c344fdbf4a5d3bf6,04d5fc3bd443007507b8d2e2ea870060397833a500615e3e35ce6358bbe17cdf,8
pytorch,1,274,50.2195,1,1,0,c5ef909be6cda03f0f87a7354355468944e7f8840d5d2d83c344fdbf4a5d3bf6,04d5fc3bd443007507b8d2e2ea870060397833a500615e3e35ce6358bbe17cdf,8
pytorch,1,275,46.3815,1,1,0,c5ef909be6cda03f0f87a7354355468944e7f8840d5d2d83c344fdbf4a5d3bf6,04d5fc3bd443007507b8d2e2ea870060397833a500615e3e35ce6358bbe17cdf,8
pytorch,1,276,47.1887,1,1,0,c5ef909be6cda03f0f87a7354355468944e7f8840d5d2d83c344fdbf4a5d3bf6,04d5fc3bd443007507b8d2e2ea870060397833a500615e3e35ce6358bbe17cdf,8
pytorch,1,277,45.7547,1,1,0,c5ef909be6cda03f0f87a7354355468944e7f8840d5d2d83c344fdbf4a5d3bf6,04d5fc3bd443007507b8d2e2ea870060397833a500615e3e35ce6358bbe17cdf,8
pytorch,1,278,47.6249,1,1,0,c5ef909be6cda03f0f87a7354355468944e7f8840d5d2d83c344fdbf4a5d3bf6,04d5fc3bd443007507b8d2e2ea870060397833a500615e3e35ce6358bbe17cdf,8
pytorch,1,279,45.6133,1,1,0,c5ef909be6cda03f0f87a7354355468944e7f8840d5d2d83c344fdbf4a5d3bf6,04d5fc3bd443007507b8d2e2ea870060397833a500615e3e35ce6358bbe17cdf,8
pytorch,1,280,48.7726,1,1,0,c5ef909be6cda03f0f87a7354355468944e7f8840d5d2d83c344fdbf4a5d3bf6,04d5fc3bd443007507b8d2e2ea870060397833a500615e3e35ce6358bbe17cdf,8
pytorch,1,281,45.4942,1,1,0,c5ef909be6cda03f0f87a7354355468944e7f8840d5d2d83c344fdbf4a5d3bf6,04d5fc3bd443007507b8d2e2ea870060397833a500615e3e35ce6358bbe17cdf,8
pytorch,1,282,50.1808,1,1,0,c5ef909be6cda03f0f87a7354355468944e7f8840d5d2d83c344fdbf4a5d3bf6,04d5fc3bd443007507b8d2e2ea870060397833a500615e3e35ce6358bbe17cdf,8
pytorch,1,283,45.163,1,1,0,c5ef909be6cda03f0f87a7354355468944e7f8840d5d2d83c344fdbf4a5d3bf6,04d5fc3bd443007507b8d2e2ea870060397833a500615e3e35ce6358bbe17cdf,8
pytorch,1,284,48.5831,1,1,0,c5ef909be6cda03f0f87a7354355468944e7f8840d5d2d83c344fdbf4a5d3bf6,04d5fc3bd443007507b8d2e2ea870060397833a500615e3e35ce6358bbe17cdf,8
pytorch,1,285,46.7769,1,1,0,c5ef909be6cda03f0f87a7354355468944e7f8840d5d2d83c344fdbf4a5d3bf6,04d5fc3bd443007507b8d2e2ea870060397833a500615e3e35ce6358bbe17cdf,8
pytorch,1,286,45.6066,1,1,0,c5ef909be6cda03f0f87a7354355468944e7f8840d5d2d83c344fdbf4a5d3bf6,04d5fc3bd443007507b8d2e2ea870060397833a500615e3e35ce6358bbe17cdf,8
pytorch,1,287,50.2912,1,1,0,c5ef909be6cda03f0f87a7354355468944e7f8840d5d2d83c344fdbf4a5d3bf6,04d5fc3bd443007507b8d2e2ea870060397833a500615e3e35ce6358bbe17cdf,8
pytorch,1,288,45.913,1,1,0,c5ef909be6cda03f0f87a7354355468944e7f8840d5d2d83c344fdbf4a5d3bf6,04d5fc3bd443007507b8d2e2ea870060397833a500615e3e35ce6358bbe17cdf,8
pytorch,1,289,49.8487,1,1,0,c5ef909be6cda03f0f87a7354355468944e7f8840d5d2d83c344fdbf4a5d3bf6,04d5fc3bd443007507b8d2e2ea870060397833a500615e3e35ce6358bbe17cdf,8
pytorch,1,290,46.1857,1,1,0,c5ef909be6cda03f0f87a7354355468944e7f8840d5d2d83c344fdbf4a5d3bf6,04d5fc3bd443007507b8d2e2ea870060397833a500615e3e35ce6358bbe17cdf,8
pytorch,1,291,48.1495,1,1,0,c5ef909be6cda03f0f87a7354355468944e7f8840d5d2d83c344fdbf4a5d3bf6,04d5fc3bd443007507b8d2e2ea870060397833a500615e3e35ce6358bbe17cdf,8
pytorch,1,292,46.7713,1,1,0,c5ef909be6cda03f0f87a7354355468944e7f8840d5d2d83c344fdbf4a5d3bf6,04d5fc3bd443007507b8d2e2ea870060397833a500615e3e35ce6358bbe17cdf,8
pytorch,1,293,47.2553,1,1,0,c5ef909be6cda03f0f87a7354355468944e7f8840d5d2d83c344fdbf4a5d3bf6,04d5fc3bd443007507b8d2e2ea870060397833a500615e3e35ce6358bbe17cdf,8
pytorch,1,294,45.8139,1,1,0,c5ef909be6cda03f0f87a7354355468944e7f8840d5d2d83c344fdbf4a5d3bf6,04d5fc3bd443007507b8d2e2ea870060397833a500615e3e35ce6358bbe17cdf,8
pytorch,1,295,47.5516,1,1,0,c5ef909be6cda03f0f87a7354355468944e7f8840d5d2d83c344fdbf4a5d3bf6,04d5fc3bd443007507b8d2e2ea870060397833a500615e3e35ce6358bbe17cdf,8
pytorch,1,296,45.8857,1,1,0,c5ef909be6cda03f0f87a7354355468944e7f8840d5d2d83c344fdbf4a5d3bf6,04d5fc3bd443007507b8d2e2ea870060397833a500615e3e35ce6358bbe17cdf,8
pytorch,1,297,49.3428,1,1,0,c5ef909be6cda03f0f87a7354355468944e7f8840d5d2d83c344fdbf4a5d3bf6,04d5fc3bd443007507b8d2e2ea870060397833a500615e3e35ce6358bbe17cdf,8
pytorch,1,298,46.253,1,1,0,c5ef909be6cda03f0f87a7354355468944e7f8840d5d2d83c344fdbf4a5d3bf6,04d5fc3bd443007507b8d2e2ea870060397833a500615e3e35ce6358bbe17cdf,8
pytorch,1,299,48.4525,1,1,0,c5ef909be6cda03f0f87a7354355468944e7f8840d5d2d83c344fdbf4a5d3bf6,04d5fc3bd443007507b8d2e2ea870060397833a500615e3e35ce6358bbe17cdf,8
ort_cpp,5,0,30.928,1,1,0,c5ef909be6cda03f0f87a7354355468944e7f8840d5d2d83c344fdbf4a5d3bf6,04d5fc3bd443007507b8d2e2ea870060397833a500615e3e35ce6358bbe17cdf,9
ort_cpp,5,1,28.044,1,1,0,c5ef909be6cda03f0f87a7354355468944e7f8840d5d2d83c344fdbf4a5d3bf6,04d5fc3bd443007507b8d2e2ea870060397833a500615e3e35ce6358bbe17cdf,9
ort_cpp,5,2,28.359,1,1,0,c5ef909be6cda03f0f87a7354355468944e7f8840d5d2d83c344fdbf4a5d3bf6,04d5fc3bd443007507b8d2e2ea870060397833a500615e3e35ce6358bbe17cdf,9
ort_cpp,5,3,27.98,1,1,0,c5ef909be6cda03f0f87a7354355468944e7f8840d5d2d83c344fdbf4a5d3bf6,04d5fc3bd443007507b8d2e2ea870060397833a500615e3e35ce6358bbe17cdf,9
ort_cpp,5,4,30.515,1,1,0,c5ef909be6cda03f0f87a7354355468944e7f8840d5d2d83c344fdbf4a5d3bf6,04d5fc3bd443007507b8d2e2ea870060397833a500615e3e35ce6358bbe17cdf,9
ort_cpp,5,5,28.36,1,1,0,c5ef909be6cda03f0f87a7354355468944e7f8840d5d2d83c344fdbf4a5d3bf6,04d5fc3bd443007507b8d2e2ea870060397833a500615e3e35ce6358bbe17cdf,9
ort_cpp,5,6,28.72,1,1,0,c5ef909be6cda03f0f87a7354355468944e7f8840d5d2d83c344fdbf4a5d3bf6,04d5fc3bd443007507b8d2e2ea870060397833a500615e3e35ce6358bbe17cdf,9
ort_cpp,5,7,29.891,1,1,0,c5ef909be6cda03f0f87a7354355468944e7f8840d5d2d83c344fdbf4a5d3bf6,04d5fc3bd443007507b8d2e2ea870060397833a500615e3e35ce6358bbe17cdf,9
ort_cpp,5,8,29.703,1,1,0,c5ef909be6cda03f0f87a7354355468944e7f8840d5d2d83c344fdbf4a5d3bf6,04d5fc3bd443007507b8d2e2ea870060397833a500615e3e35ce6358bbe17cdf,9
ort_cpp,5,9,28.371,1,1,0,c5ef909be6cda03f0f87a7354355468944e7f8840d5d2d83c344fdbf4a5d3bf6,04d5fc3bd443007507b8d2e2ea870060397833a500615e3e35ce6358bbe17cdf,9
ort_cpp,5,10,28.55,1,1,0,c5ef909be6cda03f0f87a7354355468944e7f8840d5d2d83c344fdbf4a5d3bf6,04d5fc3bd443007507b8d2e2ea870060397833a500615e3e35ce6358bbe17cdf,9
ort_cpp,5,11,30.117,1,1,0,c5ef909be6cda03f0f87a7354355468944e7f8840d5d2d83c344fdbf4a5d3bf6,04d5fc3bd443007507b8d2e2ea870060397833a500615e3e35ce6358bbe17cdf,9
ort_cpp,5,12,28.35,1,1,0,c5ef909be6cda03f0f87a7354355468944e7f8840d5d2d83c344fdbf4a5d3bf6,04d5fc3bd443007507b8d2e2ea870060397833a500615e3e35ce6358bbe17cdf,9
ort_cpp,5,13,28.331,1,1,0,c5ef909be6cda03f0f87a7354355468944e7f8840d5d2d83c344fdbf4a5d3bf6,04d5fc3bd443007507b8d2e2ea870060397833a500615e3e35ce6358bbe17cdf,9
ort_cpp,5,14,27.807,1,1,0,c5ef909be6cda03f0f87a7354355468944e7f8840d5d2d83c344fdbf4a5d3bf6,04d5fc3bd443007507b8d2e2ea870060397833a500615e3e35ce6358bbe17cdf,9
ort_cpp,5,15,31.9,1,1,0,c5ef909be6cda03f0f87a7354355468944e7f8840d5d2d83c344fdbf4a5d3bf6,04d5fc3bd443007507b8d2e2ea870060397833a500615e3e35ce6358bbe17cdf,9
ort_cpp,5,16,28.018,1,1,0,c5ef909be6cda03f0f87a7354355468944e7f8840d5d2d83c344fdbf4a5d3bf6,04d5fc3bd443007507b8d2e2ea870060397833a500615e3e35ce6358bbe17cdf,9
ort_cpp,5,17,28.39,1,1,0,c5ef909be6cda03f0f87a7354355468944e7f8840d5d2d83c344fdbf4a5d3bf6,04d5fc3bd443007507b8d2e2ea870060397833a500615e3e35ce6358bbe17cdf,9
ort_cpp,5,18,29.166,1,1,0,c5ef909be6cda03f0f87a7354355468944e7f8840d5d2d83c344fdbf4a5d3bf6,04d5fc3bd443007507b8d2e2ea870060397833a500615e3e35ce6358bbe17cdf,9
ort_cpp,5,19,30.012,1,1,0,c5ef909be6cda03f0f87a7354355468944e7f8840d5d2d83c344fdbf4a5d3bf6,04d5fc3bd443007507b8d2e2ea870060397833a500615e3e35ce6358bbe17cdf,9
ort_cpp,5,20,29.157,1,1,0,c5ef909be6cda03f0f87a7354355468944e7f8840d5d2d83c344fdbf4a5d3bf6,04d5fc3bd443007507b8d2e2ea870060397833a500615e3e35ce6358bbe17cdf,9
ort_cpp,5,21,29.697,1,1,0,c5ef909be6cda03f0f87a7354355468944e7f8840d5d2d83c344fdbf4a5d3bf6,04d5fc3bd443007507b8d2e2ea870060397833a500615e3e35ce6358bbe17cdf,9
ort_cpp,5,22,30.828,1,1,0,c5ef909be6cda03f0f87a7354355468944e7f8840d5d2d83c344fdbf4a5d3bf6,04d5fc3bd443007507b8d2e2ea870060397833a500615e3e35ce6358bbe17cdf,9
ort_cpp,5,23,28.715,1,1,0,c5ef909be6cda03f0f87a7354355468944e7f8840d5d2d83c344fdbf4a5d3bf6,04d5fc3bd443007507b8d2e2ea870060397833a500615e3e35ce6358bbe17cdf,9
ort_cpp,5,24,28.142,1,1,0,c5ef909be6cda03f0f87a7354355468944e7f8840d5d2d83c344fdbf4a5d3bf6,04d5fc3bd443007507b8d2e2ea870060397833a500615e3e35ce6358bbe17cdf,9
ort_cpp,5,25,28.819,1,1,0,c5ef909be6cda03f0f87a7354355468944e7f8840d5d2d83c344fdbf4a5d3bf6,04d5fc3bd443007507b8d2e2ea870060397833a500615e3e35ce6358bbe17cdf,9
ort_cpp,5,26,31.481,1,1,0,c5ef909be6cda03f0f87a7354355468944e7f8840d5d2d83c344fdbf4a5d3bf6,04d5fc3bd443007507b8d2e2ea870060397833a500615e3e35ce6358bbe17cdf,9
ort_cpp,5,27,29.218,1,1,0,c5ef909be6cda03f0f87a7354355468944e7f8840d5d2d83c344fdbf4a5d3bf6,04d5fc3bd443007507b8d2e2ea870060397833a500615e3e35ce6358bbe17cdf,9
ort_cpp,5,28,29.245,1,1,0,c5ef909be6cda03f0f87a7354355468944e7f8840d5d2d83c344fdbf4a5d3bf6,04d5fc3bd443007507b8d2e2ea870060397833a500615e3e35ce6358bbe17cdf,9
ort_cpp,5,29,28.541,1,1,0,c5ef909be6cda03f0f87a7354355468944e7f8840d5d2d83c344fdbf4a5d3bf6,04d5fc3bd443007507b8d2e2ea870060397833a500615e3e35ce6358bbe17cdf,9
ort_cpp,5,30,30.606,1,1,0,c5ef909be6cda03f0f87a7354355468944e7f8840d5d2d83c344fdbf4a5d3bf6,04d5fc3bd443007507b8d2e2ea870060397833a500615e3e35ce6358bbe17cdf,9
ort_cpp,5,31,28.323,1,1,0,c5ef909be6cda03f0f87a7354355468944e7f8840d5d2d83c344fdbf4a5d3bf6,04d5fc3bd443007507b8d2e2ea870060397833a500615e3e35ce6358bbe17cdf,9
ort_cpp,5,32,28.679,1,1,0,c5ef909be6cda03f0f87a7354355468944e7f8840d5d2d83c344fdbf4a5d3bf6,04d5fc3bd443007507b8d2e2ea870060397833a500615e3e35ce6358bbe17cdf,9
ort_cpp,5,33,30.702,1,1,0,c5ef909be6cda03f0f87a7354355468944e7f8840d5d2d83c344fdbf4a5d3bf6,04d5fc3bd443007507b8d2e2ea870060397833a500615e3e35ce6358bbe17cdf,9
ort_cpp,5,34,29.262,1,1,0,c5ef909be6cda03f0f87a7354355468944e7f8840d5d2d83c344fdbf4a5d3bf6,04d5fc3bd443007507b8d2e2ea870060397833a500615e3e35ce6358bbe17cdf,9
ort_cpp,5,35,28.554,1,1,0,c5ef909be6cda03f0f87a7354355468944e7f8840d5d2d83c344fdbf4a5d3bf6,04d5fc3bd443007507b8d2e2ea870060397833a500615e3e35ce6358bbe17cdf,9
ort_cpp,5,36,28.412,1,1,0,c5ef909be6cda03f0f87a7354355468944e7f8840d5d2d83c344fdbf4a5d3bf6,04d5fc3bd443007507b8d2e2ea870060397833a500615e3e35ce6358bbe17cdf,9
ort_cpp,5,37,28.569,1,1,0,c5ef909be6cda03f0f87a7354355468944e7f8840d5d2d83c344fdbf4a5d3bf6,04d5fc3bd443007507b8d2e2ea870060397833a500615e3e35ce6358bbe17cdf,9
ort_cpp,5,38,30.662,1,1,0,c5ef909be6cda03f0f87a7354355468944e7f8840d5d2d83c344fdbf4a5d3bf6,04d5fc3bd443007507b8d2e2ea870060397833a500615e3e35ce6358bbe17cdf,9
ort_cpp,5,39,28.565,1,1,0,c5ef909be6cda03f0f87a7354355468944e7f8840d5d2d83c344fdbf4a5d3bf6,04d5fc3bd443007507b8d2e2ea870060397833a500615e3e35ce6358bbe17cdf,9
ort_cpp,5,40,27.806,1,1,0,c5ef909be6cda03f0f87a7354355468944e7f8840d5d2d83c344fdbf4a5d3bf6,04d5fc3bd443007507b8d2e2ea870060397833a500615e3e35ce6358bbe17cdf,9
ort_cpp,5,41,30.516,1,1,0,c5ef909be6cda03f0f87a7354355468944e7f8840d5d2d83c344fdbf4a5d3bf6,04d5fc3bd443007507b8d2e2ea870060397833a500615e3e35ce6358bbe17cdf,9
ort_cpp,5,42,28.631,1,1,0,c5ef909be6cda03f0f87a7354355468944e7f8840d5d2d83c344fdbf4a5d3bf6,04d5fc3bd443007507b8d2e2ea870060397833a500615e3e35ce6358bbe17cdf,9
ort_cpp,5,43,28.4,1,1,0,c5ef909be6cda03f0f87a7354355468944e7f8840d5d2d83c344fdbf4a5d3bf6,04d5fc3bd443007507b8d2e2ea870060397833a500615e3e35ce6358bbe17cdf,9
ort_cpp,5,44,30.675,1,1,0,c5ef909be6cda03f0f87a7354355468944e7f8840d5d2d83c344fdbf4a5d3bf6,04d5fc3bd443007507b8d2e2ea870060397833a500615e3e35ce6358bbe17cdf,9
ort_cpp,5,45,30.164,1,1,0,c5ef909be6cda03f0f87a7354355468944e7f8840d5d2d83c344fdbf4a5d3bf6,04d5fc3bd443007507b8d2e2ea870060397833a500615e3e35ce6358bbe17cdf,9
ort_cpp,5,46,28.682,1,1,0,c5ef909be6cda03f0f87a7354355468944e7f8840d5d2d83c344fdbf4a5d3bf6,04d5fc3bd443007507b8d2e2ea870060397833a500615e3e35ce6358bbe17cdf,9
ort_cpp,5,47,30.075,1,1,0,c5ef909be6cda03f0f87a7354355468944e7f8840d5d2d83c344fdbf4a5d3bf6,04d5fc3bd443007507b8d2e2ea870060397833a500615e3e35ce6358bbe17cdf,9
ort_cpp,5,48,29.922,1,1,0,c5ef909be6cda03f0f87a7354355468944e7f8840d5d2d83c344fdbf4a5d3bf6,04d5fc3bd443007507b8d2e2ea870060397833a500615e3e35ce6358bbe17cdf,9
ort_cpp,5,49,29.329,1,1,0,c5ef909be6cda03f0f87a7354355468944e7f8840d5d2d83c344fdbf4a5d3bf6,04d5fc3bd443007507b8d2e2ea870060397833a500615e3e35ce6358bbe17cdf,9
ort_cpp,5,50,28.604,1,1,0,c5ef909be6cda03f0f87a7354355468944e7f8840d5d2d83c344fdbf4a5d3bf6,04d5fc3bd443007507b8d2e2ea870060397833a500615e3e35ce6358bbe17cdf,9
ort_cpp,5,51,28.899,1,1,0,c5ef909be6cda03f0f87a7354355468944e7f8840d5d2d83c344fdbf4a5d3bf6,04d5fc3bd443007507b8d2e2ea870060397833a500615e3e35ce6358bbe17cdf,9
ort_cpp,5,52,31.66,1,1,0,c5ef909be6cda03f0f87a7354355468944e7f8840d5d2d83c344fdbf4a5d3bf6,04d5fc3bd443007507b8d2e2ea870060397833a500615e3e35ce6358bbe17cdf,9
ort_cpp,5,53,29.702,1,1,0,c5ef909be6cda03f0f87a7354355468944e7f8840d5d2d83c344fdbf4a5d3bf6,04d5fc3bd443007507b8d2e2ea870060397833a500615e3e35ce6358bbe17cdf,9
ort_cpp,5,54,27.883,1,1,0,c5ef909be6cda03f0f87a7354355468944e7f8840d5d2d83c344fdbf4a5d3bf6,04d5fc3bd443007507b8d2e2ea870060397833a500615e3e35ce6358bbe17cdf,9
ort_cpp,5,55,30.078,1,1,0,c5ef909be6cda03f0f87a7354355468944e7f8840d5d2d83c344fdbf4a5d3bf6,04d5fc3bd443007507b8d2e2ea870060397833a500615e3e35ce6358bbe17cdf,9
ort_cpp,5,56,29.874,1,1,0,c5ef909be6cda03f0f87a7354355468944e7f8840d5d2d83c344fdbf4a5d3bf6,04d5fc3bd443007507b8d2e2ea870060397833a500615e3e35ce6358bbe17cdf,9
ort_cpp,5,57,29.379,1,1,0,c5ef909be6cda03f0f87a7354355468944e7f8840d5d2d83c344fdbf4a5d3bf6,04d5fc3bd443007507b8d2e2ea870060397833a500615e3e35ce6358bbe17cdf,9
ort_cpp,5,58,29.907,1,1,0,c5ef909be6cda03f0f87a7354355468944e7f8840d5d2d83c344fdbf4a5d3bf6,04d5fc3bd443007507b8d2e2ea870060397833a500615e3e35ce6358bbe17cdf,9
ort_cpp,5,59,28.222,1,1,0,c5ef909be6cda03f0f87a7354355468944e7f8840d5d2d83c344fdbf4a5d3bf6,04d5fc3bd443007507b8d2e2ea870060397833a500615e3e35ce6358bbe17cdf,9
ort_cpp,5,60,29.004,1,1,0,c5ef909be6cda03f0f87a7354355468944e7f8840d5d2d83c344fdbf4a5d3bf6,04d5fc3bd443007507b8d2e2ea870060397833a500615e3e35ce6358bbe17cdf,9
ort_cpp,5,61,28.58,1,1,0,c5ef909be6cda03f0f87a7354355468944e7f8840d5d2d83c344fdbf4a5d3bf6,04d5fc3bd443007507b8d2e2ea870060397833a500615e3e35ce6358bbe17cdf,9
ort_cpp,5,62,30.785,1,1,0,c5ef909be6cda03f0f87a7354355468944e7f8840d5d2d83c344fdbf4a5d3bf6,04d5fc3bd443007507b8d2e2ea870060397833a500615e3e35ce6358bbe17cdf,9
ort_cpp,5,63,28.642,1,1,0,c5ef909be6cda03f0f87a7354355468944e7f8840d5d2d83c344fdbf4a5d3bf6,04d5fc3bd443007507b8d2e2ea870060397833a500615e3e35ce6358bbe17cdf,9
ort_cpp,5,64,29.166,1,1,0,c5ef909be6cda03f0f87a7354355468944e7f8840d5d2d83c344fdbf4a5d3bf6,04d5fc3bd443007507b8d2e2ea870060397833a500615e3e35ce6358bbe17cdf,9
ort_cpp,5,65,28.318,1,1,0,c5ef909be6cda03f0f87a7354355468944e7f8840d5d2d83c344fdbf4a5d3bf6,04d5fc3bd443007507b8d2e2ea870060397833a500615e3e35ce6358bbe17cdf,9
ort_cpp,5,66,30.413,1,1,0,c5ef909be6cda03f0f87a7354355468944e7f8840d5d2d83c344fdbf4a5d3bf6,04d5fc3bd443007507b8d2e2ea870060397833a500615e3e35ce6358bbe17cdf,9
ort_cpp,5,67,29.202,1,1,0,c5ef909be6cda03f0f87a7354355468944e7f8840d5d2d83c344fdbf4a5d3bf6,04d5fc3bd443007507b8d2e2ea870060397833a500615e3e35ce6358bbe17cdf,9
ort_cpp,5,68,28.58,1,1,0,c5ef909be6cda03f0f87a7354355468944e7f8840d5d2d83c344fdbf4a5d3bf6,04d5fc3bd443007507b8d2e2ea870060397833a500615e3e35ce6358bbe17cdf,9
ort_cpp,5,69,31.26,1,1,0,c5ef909be6cda03f0f87a7354355468944e7f8840d5d2d83c344fdbf4a5d3bf6,04d5fc3bd443007507b8d2e2ea870060397833a500615e3e35ce6358bbe17cdf,9
ort_cpp,5,70,28.504,1,1,0,c5ef909be6cda03f0f87a7354355468944e7f8840d5d2d83c344fdbf4a5d3bf6,04d5fc3bd443007507b8d2e2ea870060397833a500615e3e35ce6358bbe17cdf,9
ort_cpp,5,71,28.392,1,1,0,c5ef909be6cda03f0f87a7354355468944e7f8840d5d2d83c344fdbf4a5d3bf6,04d5fc3bd443007507b8d2e2ea870060397833a500615e3e35ce6358bbe17cdf,9
ort_cpp,5,72,30.912,1,1,0,c5ef909be6cda03f0f87a7354355468944e7f8840d5d2d83c344fdbf4a5d3bf6,04d5fc3bd443007507b8d2e2ea870060397833a500615e3e35ce6358bbe17cdf,9
ort_cpp,5,73,28.988,1,1,0,c5ef909be6cda03f0f87a7354355468944e7f8840d5d2d83c344fdbf4a5d3bf6,04d5fc3bd443007507b8d2e2ea870060397833a500615e3e35ce6358bbe17cdf,9
ort_cpp,5,74,31.228,1,1,0,c5ef909be6cda03f0f87a7354355468944e7f8840d5d2d83c344fdbf4a5d3bf6,04d5fc3bd443007507b8d2e2ea870060397833a500615e3e35ce6358bbe17cdf,9
ort_cpp,5,75,27.549,1,1,0,c5ef909be6cda03f0f87a7354355468944e7f8840d5d2d83c344fdbf4a5d3bf6,04d5fc3bd443007507b8d2e2ea870060397833a500615e3e35ce6358bbe17cdf,9
ort_cpp,5,76,30.572,1,1,0,c5ef909be6cda03f0f87a7354355468944e7f8840d5d2d83c344fdbf4a5d3bf6,04d5fc3bd443007507b8d2e2ea870060397833a500615e3e35ce6358bbe17cdf,9
ort_cpp,5,77,29.45,1,1,0,c5ef909be6cda03f0f87a7354355468944e7f8840d5d2d83c344fdbf4a5d3bf6,04d5fc3bd443007507b8d2e2ea870060397833a500615e3e35ce6358bbe17cdf,9
ort_cpp,5,78,31.512,1,1,0,c5ef909be6cda03f0f87a7354355468944e7f8840d5d2d83c344fdbf4a5d3bf6,04d5fc3bd443007507b8d2e2ea870060397833a500615e3e35ce6358bbe17cdf,9
ort_cpp,5,79,30.258,1,1,0,c5ef909be6cda03f0f87a7354355468944e7f8840d5d2d83c344fdbf4a5d3bf6,04d5fc3bd443007507b8d2e2ea870060397833a500615e3e35ce6358bbe17cdf,9
ort_cpp,5,80,27.817,1,1,0,c5ef909be6cda03f0f87a7354355468944e7f8840d5d2d83c344fdbf4a5d3bf6,04d5fc3bd443007507b8d2e2ea870060397833a500615e3e35ce6358bbe17cdf,9
ort_cpp,5,81,30.026,1,1,0,c5ef909be6cda03f0f87a7354355468944e7f8840d5d2d83c344fdbf4a5d3bf6,04d5fc3bd443007507b8d2e2ea870060397833a500615e3e35ce6358bbe17cdf,9
ort_cpp,5,82,29.787,1,1,0,c5ef909be6cda03f0f87a7354355468944e7f8840d5d2d83c344fdbf4a5d3bf6,04d5fc3bd443007507b8d2e2ea870060397833a500615e3e35ce6358bbe17cdf,9
ort_cpp,5,83,31.019,1,1,0,c5ef909be6cda03f0f87a7354355468944e7f8840d5d2d83c344fdbf4a5d3bf6,04d5fc3bd443007507b8d2e2ea870060397833a500615e3e35ce6358bbe17cdf,9
ort_cpp,5,84,28.659,1,1,0,c5ef909be6cda03f0f87a7354355468944e7f8840d5d2d83c344fdbf4a5d3bf6,04d5fc3bd443007507b8d2e2ea870060397833a500615e3e35ce6358bbe17cdf,9
ort_cpp,5,85,28.256,1,1,0,c5ef909be6cda03f0f87a7354355468944e7f8840d5d2d83c344fdbf4a5d3bf6,04d5fc3bd443007507b8d2e2ea870060397833a500615e3e35ce6358bbe17cdf,9
ort_cpp,5,86,34.077,1,1,0,c5ef909be6cda03f0f87a7354355468944e7f8840d5d2d83c344fdbf4a5d3bf6,04d5fc3bd443007507b8d2e2ea870060397833a500615e3e35ce6358bbe17cdf,9
ort_cpp,5,87,30.594,1,1,0,c5ef909be6cda03f0f87a7354355468944e7f8840d5d2d83c344fdbf4a5d3bf6,04d5fc3bd443007507b8d2e2ea870060397833a500615e3e35ce6358bbe17cdf,9
ort_cpp,5,88,29.48,1,1,0,c5ef909be6cda03f0f87a7354355468944e7f8840d5d2d83c344fdbf4a5d3bf6,04d5fc3bd443007507b8d2e2ea870060397833a500615e3e35ce6358bbe17cdf,9
ort_cpp,5,89,30.693,1,1,0,c5ef909be6cda03f0f87a7354355468944e7f8840d5d2d83c344fdbf4a5d3bf6,04d5fc3bd443007507b8d2e2ea870060397833a500615e3e35ce6358bbe17cdf,9
ort_cpp,5,90,28.354,1,1,0,c5ef909be6cda03f0f87a7354355468944e7f8840d5d2d83c344fdbf4a5d3bf6,04d5fc3bd443007507b8d2e2ea870060397833a500615e3e35ce6358bbe17cdf,9
ort_cpp,5,91,30.534,1,1,0,c5ef909be6cda03f0f87a7354355468944e7f8840d5d2d83c344fdbf4a5d3bf6,04d5fc3bd443007507b8d2e2ea870060397833a500615e3e35ce6358bbe17cdf,9
ort_cpp,5,92,28.744,1,1,0,c5ef909be6cda03f0f87a7354355468944e7f8840d5d2d83c344fdbf4a5d3bf6,04d5fc3bd443007507b8d2e2ea870060397833a500615e3e35ce6358bbe17cdf,9
ort_cpp,5,93,30.52,1,1,0,c5ef909be6cda03f0f87a7354355468944e7f8840d5d2d83c344fdbf4a5d3bf6,04d5fc3bd443007507b8d2e2ea870060397833a500615e3e35ce6358bbe17cdf,9
ort_cpp,5,94,28.576,1,1,0,c5ef909be6cda03f0f87a7354355468944e7f8840d5d2d83c344fdbf4a5d3bf6,04d5fc3bd443007507b8d2e2ea870060397833a500615e3e35ce6358bbe17cdf,9
ort_cpp,5,95,27.987,1,1,0,c5ef909be6cda03f0f87a7354355468944e7f8840d5d2d83c344fdbf4a5d3bf6,04d5fc3bd443007507b8d2e2ea870060397833a500615e3e35ce6358bbe17cdf,9
ort_cpp,5,96,30.757,1,1,0,c5ef909be6cda03f0f87a7354355468944e7f8840d5d2d83c344fdbf4a5d3bf6,04d5fc3bd443007507b8d2e2ea870060397833a500615e3e35ce6358bbe17cdf,9
ort_cpp,5,97,28.252,1,1,0,c5ef909be6cda03f0f87a7354355468944e7f8840d5d2d83c344fdbf4a5d3bf6,04d5fc3bd443007507b8d2e2ea870060397833a500615e3e35ce6358bbe17cdf,9
ort_cpp,5,98,27.826,1,1,0,c5ef909be6cda03f0f87a7354355468944e7f8840d5d2d83c344fdbf4a5d3bf6,04d5fc3bd443007507b8d2e2ea870060397833a500615e3e35ce6358bbe17cdf,9
ort_cpp,5,99,28.557,1,1,0,c5ef909be6cda03f0f87a7354355468944e7f8840d5d2d83c344fdbf4a5d3bf6,04d5fc3bd443007507b8d2e2ea870060397833a500615e3e35ce6358bbe17cdf,9
ort_cpp,5,100,30.34,1,1,0,c5ef909be6cda03f0f87a7354355468944e7f8840d5d2d83c344fdbf4a5d3bf6,04d5fc3bd443007507b8d2e2ea870060397833a500615e3e35ce6358bbe17cdf,9
ort_cpp,5,101,28.578,1,1,0,c5ef909be6cda03f0f87a7354355468944e7f8840d5d2d83c344fdbf4a5d3bf6,04d5fc3bd443007507b8d2e2ea870060397833a500615e3e35ce6358bbe17cdf,9
ort_cpp,5,102,29.71,1,1,0,c5ef909be6cda03f0f87a7354355468944e7f8840d5d2d83c344fdbf4a5d3bf6,04d5fc3bd443007507b8d2e2ea870060397833a500615e3e35ce6358bbe17cdf,9
ort_cpp,5,103,30.05,1,1,0,c5ef909be6cda03f0f87a7354355468944e7f8840d5d2d83c344fdbf4a5d3bf6,04d5fc3bd443007507b8d2e2ea870060397833a500615e3e35ce6358bbe17cdf,9
ort_cpp,5,104,28.523,1,1,0,c5ef909be6cda03f0f87a7354355468944e7f8840d5d2d83c344fdbf4a5d3bf6,04d5fc3bd443007507b8d2e2ea870060397833a500615e3e35ce6358bbe17cdf,9
ort_cpp,5,105,29.035,1,1,0,c5ef909be6cda03f0f87a7354355468944e7f8840d5d2d83c344fdbf4a5d3bf6,04d5fc3bd443007507b8d2e2ea870060397833a500615e3e35ce6358bbe17cdf,9
ort_cpp,5,106,28.826,1,1,0,c5ef909be6cda03f0f87a7354355468944e7f8840d5d2d83c344fdbf4a5d3bf6,04d5fc3bd443007507b8d2e2ea870060397833a500615e3e35ce6358bbe17cdf,9
ort_cpp,5,107,29.63,1,1,0,c5ef909be6cda03f0f87a7354355468944e7f8840d5d2d83c344fdbf4a5d3bf6,04d5fc3bd443007507b8d2e2ea870060397833a500615e3e35ce6358bbe17cdf,9
ort_cpp,5,108,28.64,1,1,0,c5ef909be6cda03f0f87a7354355468944e7f8840d5d2d83c344fdbf4a5d3bf6,04d5fc3bd443007507b8d2e2ea870060397833a500615e3e35ce6358bbe17cdf,9
ort_cpp,5,109,27.606,1,1,0,c5ef909be6cda03f0f87a7354355468944e7f8840d5d2d83c344fdbf4a5d3bf6,04d5fc3bd443007507b8d2e2ea870060397833a500615e3e35ce6358bbe17cdf,9
ort_cpp,5,110,31.215,1,1,0,c5ef909be6cda03f0f87a7354355468944e7f8840d5d2d83c344fdbf4a5d3bf6,04d5fc3bd443007507b8d2e2ea870060397833a500615e3e35ce6358bbe17cdf,9
ort_cpp,5,111,29.138,1,1,0,c5ef909be6cda03f0f87a7354355468944e7f8840d5d2d83c344fdbf4a5d3bf6,04d5fc3bd443007507b8d2e2ea870060397833a500615e3e35ce6358bbe17cdf,9
ort_cpp,5,112,28.681,1,1,0,c5ef909be6cda03f0f87a7354355468944e7f8840d5d2d83c344fdbf4a5d3bf6,04d5fc3bd443007507b8d2e2ea870060397833a500615e3e35ce6358bbe17cdf,9
ort_cpp,5,113,30.144,1,1,0,c5ef909be6cda03f0f87a7354355468944e7f8840d5d2d83c344fdbf4a5d3bf6,04d5fc3bd443007507b8d2e2ea870060397833a500615e3e35ce6358bbe17cdf,9
ort_cpp,5,114,29.922,1,1,0,c5ef909be6cda03f0f87a7354355468944e7f8840d5d2d83c344fdbf4a5d3bf6,04d5fc3bd443007507b8d2e2ea870060397833a500615e3e35ce6358bbe17cdf,9
ort_cpp,5,115,29.719,1,1,0,c5ef909be6cda03f0f87a7354355468944e7f8840d5d2d83c344fdbf4a5d3bf6,04d5fc3bd443007507b8d2e2ea870060397833a500615e3e35ce6358bbe17cdf,9
ort_cpp,5,116,28.507,1,1,0,c5ef909be6cda03f0f87a7354355468944e7f8840d5d2d83c344fdbf4a5d3bf6,04d5fc3bd443007507b8d2e2ea870060397833a500615e3e35ce6358bbe17cdf,9
ort_cpp,5,117,30.535,1,1,0,c5ef909be6cda03f0f87a7354355468944e7f8840d5d2d83c344fdbf4a5d3bf6,04d5fc3bd443007507b8d2e2ea870060397833a500615e3e35ce6358bbe17cdf,9
ort_cpp,5,118,28.877,1,1,0,c5ef909be6cda03f0f87a7354355468944e7f8840d5d2d83c344fdbf4a5d3bf6,04d5fc3bd443007507b8d2e2ea870060397833a500615e3e35ce6358bbe17cdf,9
ort_cpp,5,119,28.596,1,1,0,c5ef909be6cda03f0f87a7354355468944e7f8840d5d2d83c344fdbf4a5d3bf6,04d5fc3bd443007507b8d2e2ea870060397833a500615e3e35ce6358bbe17cdf,9
ort_cpp,5,120,28.139,1,1,0,c5ef909be6cda03f0f87a7354355468944e7f8840d5d2d83c344fdbf4a5d3bf6,04d5fc3bd443007507b8d2e2ea870060397833a500615e3e35ce6358bbe17cdf,9
ort_cpp,5,121,30.237,1,1,0,c5ef909be6cda03f0f87a7354355468944e7f8840d5d2d83c344fdbf4a5d3bf6,04d5fc3bd443007507b8d2e2ea870060397833a500615e3e35ce6358bbe17cdf,9
ort_cpp,5,122,28.57,1,1,0,c5ef909be6cda03f0f87a7354355468944e7f8840d5d2d83c344fdbf4a5d3bf6,04d5fc3bd443007507b8d2e2ea870060397833a500615e3e35ce6358bbe17cdf,9
ort_cpp,5,123,28.857,1,1,0,c5ef909be6cda03f0f87a7354355468944e7f8840d5d2d83c344fdbf4a5d3bf6,04d5fc3bd443007507b8d2e2ea870060397833a500615e3e35ce6358bbe17cdf,9
ort_cpp,5,124,29.888,1,1,0,c5ef909be6cda03f0f87a7354355468944e7f8840d5d2d83c344fdbf4a5d3bf6,04d5fc3bd443007507b8d2e2ea870060397833a500615e3e35ce6358bbe17cdf,9
ort_cpp,5,125,29.001,1,1,0,c5ef909be6cda03f0f87a7354355468944e7f8840d5d2d83c344fdbf4a5d3bf6,04d5fc3bd443007507b8d2e2ea870060397833a500615e3e35ce6358bbe17cdf,9
ort_cpp,5,126,27.777,1,1,0,c5ef909be6cda03f0f87a7354355468944e7f8840d5d2d83c344fdbf4a5d3bf6,04d5fc3bd443007507b8d2e2ea870060397833a500615e3e35ce6358bbe17cdf,9
ort_cpp,5,127,29.862,1,1,0,c5ef909be6cda03f0f87a7354355468944e7f8840d5d2d83c344fdbf4a5d3bf6,04d5fc3bd443007507b8d2e2ea870060397833a500615e3e35ce6358bbe17cdf,9
ort_cpp,5,128,30.12,1,1,0,c5ef909be6cda03f0f87a7354355468944e7f8840d5d2d83c344fdbf4a5d3bf6,04d5fc3bd443007507b8d2e2ea870060397833a500615e3e35ce6358bbe17cdf,9
ort_cpp,5,129,29.105,1,1,0,c5ef909be6cda03f0f87a7354355468944e7f8840d5d2d83c344fdbf4a5d3bf6,04d5fc3bd443007507b8d2e2ea870060397833a500615e3e35ce6358bbe17cdf,9
ort_cpp,5,130,28.888,1,1,0,c5ef909be6cda03f0f87a7354355468944e7f8840d5d2d83c344fdbf4a5d3bf6,04d5fc3bd443007507b8d2e2ea870060397833a500615e3e35ce6358bbe17cdf,9
ort_cpp,5,131,29.86,1,1,0,c5ef909be6cda03f0f87a7354355468944e7f8840d5d2d83c344fdbf4a5d3bf6,04d5fc3bd443007507b8d2e2ea870060397833a500615e3e35ce6358bbe17cdf,9
ort_cpp,5,132,28.769,1,1,0,c5ef909be6cda03f0f87a7354355468944e7f8840d5d2d83c344fdbf4a5d3bf6,04d5fc3bd443007507b8d2e2ea870060397833a500615e3e35ce6358bbe17cdf,9
ort_cpp,5,133,30.134,1,1,0,c5ef909be6cda03f0f87a7354355468944e7f8840d5d2d83c344fdbf4a5d3bf6,04d5fc3bd443007507b8d2e2ea870060397833a500615e3e35ce6358bbe17cdf,9
ort_cpp,5,134,29.49,1,1,0,c5ef909be6cda03f0f87a7354355468944e7f8840d5d2d83c344fdbf4a5d3bf6,04d5fc3bd443007507b8d2e2ea870060397833a500615e3e35ce6358bbe17cdf,9
ort_cpp,5,135,30.812,1,1,0,c5ef909be6cda03f0f87a7354355468944e7f8840d5d2d83c344fdbf4a5d3bf6,04d5fc3bd443007507b8d2e2ea870060397833a500615e3e35ce6358bbe17cdf,9
ort_cpp,5,136,27.998,1,1,0,c5ef909be6cda03f0f87a7354355468944e7f8840d5d2d83c344fdbf4a5d3bf6,04d5fc3bd443007507b8d2e2ea870060397833a500615e3e35ce6358bbe17cdf,9
ort_cpp,5,137,29.168,1,1,0,c5ef909be6cda03f0f87a7354355468944e7f8840d5d2d83c344fdbf4a5d3bf6,04d5fc3bd443007507b8d2e2ea870060397833a500615e3e35ce6358bbe17cdf,9
ort_cpp,5,138,30.223,1,1,0,c5ef909be6cda03f0f87a7354355468944e7f8840d5d2d83c344fdbf4a5d3bf6,04d5fc3bd443007507b8d2e2ea870060397833a500615e3e35ce6358bbe17cdf,9
ort_cpp,5,139,29.464,1,1,0,c5ef909be6cda03f0f87a7354355468944e7f8840d5d2d83c344fdbf4a5d3bf6,04d5fc3bd443007507b8d2e2ea870060397833a500615e3e35ce6358bbe17cdf,9
ort_cpp,5,140,28.552,1,1,0,c5ef909be6cda03f0f87a7354355468944e7f8840d5d2d83c344fdbf4a5d3bf6,04d5fc3bd443007507b8d2e2ea870060397833a500615e3e35ce6358bbe17cdf,9
ort_cpp,5,141,29.348,1,1,0,c5ef909be6cda03f0f87a7354355468944e7f8840d5d2d83c344fdbf4a5d3bf6,04d5fc3bd443007507b8d2e2ea870060397833a500615e3e35ce6358bbe17cdf,9
ort_cpp,5,142,30.078,1,1,0,c5ef909be6cda03f0f87a7354355468944e7f8840d5d2d83c344fdbf4a5d3bf6,04d5fc3bd443007507b8d2e2ea870060397833a500615e3e35ce6358bbe17cdf,9
ort_cpp,5,143,27.828,1,1,0,c5ef909be6cda03f0f87a7354355468944e7f8840d5d2d83c344fdbf4a5d3bf6,04d5fc3bd443007507b8d2e2ea870060397833a500615e3e35ce6358bbe17cdf,9
ort_cpp,5,144,28.282,1,1,0,c5ef909be6cda03f0f87a7354355468944e7f8840d5d2d83c344fdbf4a5d3bf6,04d5fc3bd443007507b8d2e2ea870060397833a500615e3e35ce6358bbe17cdf,9
ort_cpp,5,145,30.677,1,1,0,c5ef909be6cda03f0f87a7354355468944e7f8840d5d2d83c344fdbf4a5d3bf6,04d5fc3bd443007507b8d2e2ea870060397833a500615e3e35ce6358bbe17cdf,9
ort_cpp,5,146,28.321,1,1,0,c5ef909be6cda03f0f87a7354355468944e7f8840d5d2d83c344fdbf4a5d3bf6,04d5fc3bd443007507b8d2e2ea870060397833a500615e3e35ce6358bbe17cdf,9
ort_cpp,5,147,29.233,1,1,0,c5ef909be6cda03f0f87a7354355468944e7f8840d5d2d83c344fdbf4a5d3bf6,04d5fc3bd443007507b8d2e2ea870060397833a500615e3e35ce6358bbe17cdf,9
ort_cpp,5,148,28.644,1,1,0,c5ef909be6cda03f0f87a7354355468944e7f8840d5d2d83c344fdbf4a5d3bf6,04d5fc3bd443007507b8d2e2ea870060397833a500615e3e35ce6358bbe17cdf,9
ort_cpp,5,149,30.309,1,1,0,c5ef909be6cda03f0f87a7354355468944e7f8840d5d2d83c344fdbf4a5d3bf6,04d5fc3bd443007507b8d2e2ea870060397833a500615e3e35ce6358bbe17cdf,9
ort_cpp,5,150,27.3,1,1,0,c5ef909be6cda03f0f87a7354355468944e7f8840d5d2d83c344fdbf4a5d3bf6,04d5fc3bd443007507b8d2e2ea870060397833a500615e3e35ce6358bbe17cdf,9
ort_cpp,5,151,31.039,1,1,0,c5ef909be6cda03f0f87a7354355468944e7f8840d5d2d83c344fdbf4a5d3bf6,04d5fc3bd443007507b8d2e2ea870060397833a500615e3e35ce6358bbe17cdf,9
ort_cpp,5,152,30.146,1,1,0,c5ef909be6cda03f0f87a7354355468944e7f8840d5d2d83c344fdbf4a5d3bf6,04d5fc3bd443007507b8d2e2ea870060397833a500615e3e35ce6358bbe17cdf,9
ort_cpp,5,153,28.246,1,1,0,c5ef909be6cda03f0f87a7354355468944e7f8840d5d2d83c344fdbf4a5d3bf6,04d5fc3bd443007507b8d2e2ea870060397833a500615e3e35ce6358bbe17cdf,9
ort_cpp,5,154,28.946,1,1,0,c5ef909be6cda03f0f87a7354355468944e7f8840d5d2d83c344fdbf4a5d3bf6,04d5fc3bd443007507b8d2e2ea870060397833a500615e3e35ce6358bbe17cdf,9
ort_cpp,5,155,29.025,1,1,0,c5ef909be6cda03f0f87a7354355468944e7f8840d5d2d83c344fdbf4a5d3bf6,04d5fc3bd443007507b8d2e2ea870060397833a500615e3e35ce6358bbe17cdf,9
ort_cpp,5,156,29.837,1,1,0,c5ef909be6cda03f0f87a7354355468944e7f8840d5d2d83c344fdbf4a5d3bf6,04d5fc3bd443007507b8d2e2ea870060397833a500615e3e35ce6358bbe17cdf,9
ort_cpp,5,157,28.959,1,1,0,c5ef909be6cda03f0f87a7354355468944e7f8840d5d2d83c344fdbf4a5d3bf6,04d5fc3bd443007507b8d2e2ea870060397833a500615e3e35ce6358bbe17cdf,9
ort_cpp,5,158,29.089,1,1,0,c5ef909be6cda03f0f87a7354355468944e7f8840d5d2d83c344fdbf4a5d3bf6,04d5fc3bd443007507b8d2e2ea870060397833a500615e3e35ce6358bbe17cdf,9
ort_cpp,5,159,30.721,1,1,0,c5ef909be6cda03f0f87a7354355468944e7f8840d5d2d83c344fdbf4a5d3bf6,04d5fc3bd443007507b8d2e2ea870060397833a500615e3e35ce6358bbe17cdf,9
ort_cpp,5,160,27.775,1,1,0,c5ef909be6cda03f0f87a7354355468944e7f8840d5d2d83c344fdbf4a5d3bf6,04d5fc3bd443007507b8d2e2ea870060397833a500615e3e35ce6358bbe17cdf,9
ort_cpp,5,161,28.576,1,1,0,c5ef909be6cda03f0f87a7354355468944e7f8840d5d2d83c344fdbf4a5d3bf6,04d5fc3bd443007507b8d2e2ea870060397833a500615e3e35ce6358bbe17cdf,9
ort_cpp,5,162,29.512,1,1,0,c5ef909be6cda03f0f87a7354355468944e7f8840d5d2d83c344fdbf4a5d3bf6,04d5fc3bd443007507b8d2e2ea870060397833a500615e3e35ce6358bbe17cdf,9
ort_cpp,5,163,30.409,1,1,0,c5ef909be6cda03f0f87a7354355468944e7f8840d5d2d83c344fdbf4a5d3bf6,04d5fc3bd443007507b8d2e2ea870060397833a500615e3e35ce6358bbe17cdf,9
ort_cpp,5,164,27.847,1,1,0,c5ef909be6cda03f0f87a7354355468944e7f8840d5d2d83c344fdbf4a5d3bf6,04d5fc3bd443007507b8d2e2ea870060397833a500615e3e35ce6358bbe17cdf,9
ort_cpp,5,165,29.033,1,1,0,c5ef909be6cda03f0f87a7354355468944e7f8840d5d2d83c344fdbf4a5d3bf6,04d5fc3bd443007507b8d2e2ea870060397833a500615e3e35ce6358bbe17cdf,9
ort_cpp,5,166,30.833,1,1,0,c5ef909be6cda03f0f87a7354355468944e7f8840d5d2d83c344fdbf4a5d3bf6,04d5fc3bd443007507b8d2e2ea870060397833a500615e3e35ce6358bbe17cdf,9
ort_cpp,5,167,28.534,1,1,0,c5ef909be6cda03f0f87a7354355468944e7f8840d5d2d83c344fdbf4a5d3bf6,04d5fc3bd443007507b8d2e2ea870060397833a500615e3e35ce6358bbe17cdf,9
ort_cpp,5,168,29.105,1,1,0,c5ef909be6cda03f0f87a7354355468944e7f8840d5d2d83c344fdbf4a5d3bf6,04d5fc3bd443007507b8d2e2ea870060397833a500615e3e35ce6358bbe17cdf,9
ort_cpp,5,169,29.345,1,1,0,c5ef909be6cda03f0f87a7354355468944e7f8840d5d2d83c344fdbf4a5d3bf6,04d5fc3bd443007507b8d2e2ea870060397833a500615e3e35ce6358bbe17cdf,9
ort_cpp,5,170,29.671,1,1,0,c5ef909be6cda03f0f87a7354355468944e7f8840d5d2d83c344fdbf4a5d3bf6,04d5fc3bd443007507b8d2e2ea870060397833a500615e3e35ce6358bbe17cdf,9
ort_cpp,5,171,28.974,1,1,0,c5ef909be6cda03f0f87a7354355468944e7f8840d5d2d83c344fdbf4a5d3bf6,04d5fc3bd443007507b8d2e2ea870060397833a500615e3e35ce6358bbe17cdf,9
ort_cpp,5,172,27.839,1,1,0,c5ef909be6cda03f0f87a7354355468944e7f8840d5d2d83c344fdbf4a5d3bf6,04d5fc3bd443007507b8d2e2ea870060397833a500615e3e35ce6358bbe17cdf,9
ort_cpp,5,173,30.213,1,1,0,c5ef909be6cda03f0f87a7354355468944e7f8840d5d2d83c344fdbf4a5d3bf6,04d5fc3bd443007507b8d2e2ea870060397833a500615e3e35ce6358bbe17cdf,9
ort_cpp,5,174,28.78,1,1,0,c5ef909be6cda03f0f87a7354355468944e7f8840d5d2d83c344fdbf4a5d3bf6,04d5fc3bd443007507b8d2e2ea870060397833a500615e3e35ce6358bbe17cdf,9
ort_cpp,5,175,28.368,1,1,0,c5ef909be6cda03f0f87a7354355468944e7f8840d5d2d83c344fdbf4a5d3bf6,04d5fc3bd443007507b8d2e2ea870060397833a500615e3e35ce6358bbe17cdf,9
ort_cpp,5,176,27.772,1,1,0,c5ef909be6cda03f0f87a7354355468944e7f8840d5d2d83c344fdbf4a5d3bf6,04d5fc3bd443007507b8d2e2ea870060397833a500615e3e35ce6358bbe17cdf,9
ort_cpp,5,177,29.849,1,1,0,c5ef909be6cda03f0f87a7354355468944e7f8840d5d2d83c344fdbf4a5d3bf6,04d5fc3bd443007507b8d2e2ea870060397833a500615e3e35ce6358bbe17cdf,9
ort_cpp,5,178,28.739,1,1,0,c5ef909be6cda03f0f87a7354355468944e7f8840d5d2d83c344fdbf4a5d3bf6,04d5fc3bd443007507b8d2e2ea870060397833a500615e3e35ce6358bbe17cdf,9
ort_cpp,5,179,28.901,1,1,0,c5ef909be6cda03f0f87a7354355468944e7f8840d5d2d83c344fdbf4a5d3bf6,04d5fc3bd443007507b8d2e2ea870060397833a500615e3e35ce6358bbe17cdf,9
ort_cpp,5,180,30.544,1,1,0,c5ef909be6cda03f0f87a7354355468944e7f8840d5d2d83c344fdbf4a5d3bf6,04d5fc3bd443007507b8d2e2ea870060397833a500615e3e35ce6358bbe17cdf,9
ort_cpp,5,181,29.127,1,1,0,c5ef909be6cda03f0f87a7354355468944e7f8840d5d2d83c344fdbf4a5d3bf6,04d5fc3bd443007507b8d2e2ea870060397833a500615e3e35ce6358bbe17cdf,9
ort_cpp,5,182,28.124,1,1,0,c5ef909be6cda03f0f87a7354355468944e7f8840d5d2d83c344fdbf4a5d3bf6,04d5fc3bd443007507b8d2e2ea870060397833a500615e3e35ce6358bbe17cdf,9
ort_cpp,5,183,28.363,1,1,0,c5ef909be6cda03f0f87a7354355468944e7f8840d5d2d83c344fdbf4a5d3bf6,04d5fc3bd443007507b8d2e2ea870060397833a500615e3e35ce6358bbe17cdf,9
ort_cpp,5,184,30.171,1,1,0,c5ef909be6cda03f0f87a7354355468944e7f8840d5d2d83c344fdbf4a5d3bf6,04d5fc3bd443007507b8d2e2ea870060397833a500615e3e35ce6358bbe17cdf,9
ort_cpp,5,185,27.969,1,1,0,c5ef909be6cda03f0f87a7354355468944e7f8840d5d2d83c344fdbf4a5d3bf6,04d5fc3bd443007507b8d2e2ea870060397833a500615e3e35ce6358bbe17cdf,9
ort_cpp,5,186,27.809,1,1,0,c5ef909be6cda03f0f87a7354355468944e7f8840d5d2d83c344fdbf4a5d3bf6,04d5fc3bd443007507b8d2e2ea870060397833a500615e3e35ce6358bbe17cdf,9
ort_cpp,5,187,28.306,1,1,0,c5ef909be6cda03f0f87a7354355468944e7f8840d5d2d83c344fdbf4a5d3bf6,04d5fc3bd443007507b8d2e2ea870060397833a500615e3e35ce6358bbe17cdf,9
ort_cpp,5,188,30.367,1,1,0,c5ef909be6cda03f0f87a7354355468944e7f8840d5d2d83c344fdbf4a5d3bf6,04d5fc3bd443007507b8d2e2ea870060397833a500615e3e35ce6358bbe17cdf,9
ort_cpp,5,189,28.767,1,1,0,c5ef909be6cda03f0f87a7354355468944e7f8840d5d2d83c344fdbf4a5d3bf6,04d5fc3bd443007507b8d2e2ea870060397833a500615e3e35ce6358bbe17cdf,9
ort_cpp,5,190,29.541,1,1,0,c5ef909be6cda03f0f87a7354355468944e7f8840d5d2d83c344fdbf4a5d3bf6,04d5fc3bd443007507b8d2e2ea870060397833a500615e3e35ce6358bbe17cdf,9
ort_cpp,5,191,29.434,1,1,0,c5ef909be6cda03f0f87a7354355468944e7f8840d5d2d83c344fdbf4a5d3bf6,04d5fc3bd443007507b8d2e2ea870060397833a500615e3e35ce6358bbe17cdf,9
ort_cpp,5,192,29.121,1,1,0,c5ef909be6cda03f0f87a7354355468944e7f8840d5d2d83c344fdbf4a5d3bf6,04d5fc3bd443007507b8d2e2ea870060397833a500615e3e35ce6358bbe17cdf,9
ort_cpp,5,193,29.366,1,1,0,c5ef909be6cda03f0f87a7354355468944e7f8840d5d2d83c344fdbf4a5d3bf6,04d5fc3bd443007507b8d2e2ea870060397833a500615e3e35ce6358bbe17cdf,9
ort_cpp,5,194,28.477,1,1,0,c5ef909be6cda03f0f87a7354355468944e7f8840d5d2d83c344fdbf4a5d3bf6,04d5fc3bd443007507b8d2e2ea870060397833a500615e3e35ce6358bbe17cdf,9
ort_cpp,5,195,29.527,1,1,0,c5ef909be6cda03f0f87a7354355468944e7f8840d5d2d83c344fdbf4a5d3bf6,04d5fc3bd443007507b8d2e2ea870060397833a500615e3e35ce6358bbe17cdf,9
ort_cpp,5,196,28.229,1,1,0,c5ef909be6cda03f0f87a7354355468944e7f8840d5d2d83c344fdbf4a5d3bf6,04d5fc3bd443007507b8d2e2ea870060397833a500615e3e35ce6358bbe17cdf,9
ort_cpp,5,197,31.199,1,1,0,c5ef909be6cda03f0f87a7354355468944e7f8840d5d2d83c344fdbf4a5d3bf6,04d5fc3bd443007507b8d2e2ea870060397833a500615e3e35ce6358bbe17cdf,9
ort_cpp,5,198,29.993,1,1,0,c5ef909be6cda03f0f87a7354355468944e7f8840d5d2d83c344fdbf4a5d3bf6,04d5fc3bd443007507b8d2e2ea870060397833a500615e3e35ce6358bbe17cdf,9
ort_cpp,5,199,28.02,1,1,0,c5ef909be6cda03f0f87a7354355468944e7f8840d5d2d83c344fdbf4a5d3bf6,04d5fc3bd443007507b8d2e2ea870060397833a500615e3e35ce6358bbe17cdf,9
ort_cpp,5,200,27.827,1,1,0,c5ef909be6cda03f0f87a7354355468944e7f8840d5d2d83c344fdbf4a5d3bf6,04d5fc3bd443007507b8d2e2ea870060397833a500615e3e35ce6358bbe17cdf,9
ort_cpp,5,201,28.672,1,1,0,c5ef909be6cda03f0f87a7354355468944e7f8840d5d2d83c344fdbf4a5d3bf6,04d5fc3bd443007507b8d2e2ea870060397833a500615e3e35ce6358bbe17cdf,9
ort_cpp,5,202,30.641,1,1,0,c5ef909be6cda03f0f87a7354355468944e7f8840d5d2d83c344fdbf4a5d3bf6,04d5fc3bd443007507b8d2e2ea870060397833a500615e3e35ce6358bbe17cdf,9
ort_cpp,5,203,31.989,1,1,0,c5ef909be6cda03f0f87a7354355468944e7f8840d5d2d83c344fdbf4a5d3bf6,04d5fc3bd443007507b8d2e2ea870060397833a500615e3e35ce6358bbe17cdf,9
ort_cpp,5,204,27.789,1,1,0,c5ef909be6cda03f0f87a7354355468944e7f8840d5d2d83c344fdbf4a5d3bf6,04d5fc3bd443007507b8d2e2ea870060397833a500615e3e35ce6358bbe17cdf,9
ort_cpp,5,205,30.176,1,1,0,c5ef909be6cda03f0f87a7354355468944e7f8840d5d2d83c344fdbf4a5d3bf6,04d5fc3bd443007507b8d2e2ea870060397833a500615e3e35ce6358bbe17cdf,9
ort_cpp,5,206,28.328,1,1,0,c5ef909be6cda03f0f87a7354355468944e7f8840d5d2d83c344fdbf4a5d3bf6,04d5fc3bd443007507b8d2e2ea870060397833a500615e3e35ce6358bbe17cdf,9
ort_cpp,5,207,29.25,1,1,0,c5ef909be6cda03f0f87a7354355468944e7f8840d5d2d83c344fdbf4a5d3bf6,04d5fc3bd443007507b8d2e2ea870060397833a500615e3e35ce6358bbe17cdf,9
ort_cpp,5,208,27.683,1,1,0,c5ef909be6cda03f0f87a7354355468944e7f8840d5d2d83c344fdbf4a5d3bf6,04d5fc3bd443007507b8d2e2ea870060397833a500615e3e35ce6358bbe17cdf,9
ort_cpp,5,209,31.922,1,1,0,c5ef909be6cda03f0f87a7354355468944e7f8840d5d2d83c344fdbf4a5d3bf6,04d5fc3bd443007507b8d2e2ea870060397833a500615e3e35ce6358bbe17cdf,9
ort_cpp,5,210,28.858,1,1,0,c5ef909be6cda03f0f87a7354355468944e7f8840d5d2d83c344fdbf4a5d3bf6,04d5fc3bd443007507b8d2e2ea870060397833a500615e3e35ce6358bbe17cdf,9
ort_cpp,5,211,28.34,1,1,0,c5ef909be6cda03f0f87a7354355468944e7f8840d5d2d83c344fdbf4a5d3bf6,04d5fc3bd443007507b8d2e2ea870060397833a500615e3e35ce6358bbe17cdf,9
ort_cpp,5,212,29.542,1,1,0,c5ef909be6cda03f0f87a7354355468944e7f8840d5d2d83c344fdbf4a5d3bf6,04d5fc3bd443007507b8d2e2ea870060397833a500615e3e35ce6358bbe17cdf,9
ort_cpp,5,213,28.458,1,1,0,c5ef909be6cda03f0f87a7354355468944e7f8840d5d2d83c344fdbf4a5d3bf6,04d5fc3bd443007507b8d2e2ea870060397833a500615e3e35ce6358bbe17cdf,9
ort_cpp,5,214,29.326,1,1,0,c5ef909be6cda03f0f87a7354355468944e7f8840d5d2d83c344fdbf4a5d3bf6,04d5fc3bd443007507b8d2e2ea870060397833a500615e3e35ce6358bbe17cdf,9
ort_cpp,5,215,28.885,1,1,0,c5ef909be6cda03f0f87a7354355468944e7f8840d5d2d83c344fdbf4a5d3bf6,04d5fc3bd443007507b8d2e2ea870060397833a500615e3e35ce6358bbe17cdf,9
ort_cpp,5,216,30.571,1,1,0,c5ef909be6cda03f0f87a7354355468944e7f8840d5d2d83c344fdbf4a5d3bf6,04d5fc3bd443007507b8d2e2ea870060397833a500615e3e35ce6358bbe17cdf,9
ort_cpp,5,217,29.018,1,1,0,c5ef909be6cda03f0f87a7354355468944e7f8840d5d2d83c344fdbf4a5d3bf6,04d5fc3bd443007507b8d2e2ea870060397833a500615e3e35ce6358bbe17cdf,9
ort_cpp,5,218,29.17,1,1,0,c5ef909be6cda03f0f87a7354355468944e7f8840d5d2d83c344fdbf4a5d3bf6,04d5fc3bd443007507b8d2e2ea870060397833a500615e3e35ce6358bbe17cdf,9
ort_cpp,5,219,30.506,1,1,0,c5ef909be6cda03f0f87a7354355468944e7f8840d5d2d83c344fdbf4a5d3bf6,04d5fc3bd443007507b8d2e2ea870060397833a500615e3e35ce6358bbe17cdf,9
ort_cpp,5,220,28.23,1,1,0,c5ef909be6cda03f0f87a7354355468944e7f8840d5d2d83c344fdbf4a5d3bf6,04d5fc3bd443007507b8d2e2ea870060397833a500615e3e35ce6358bbe17cdf,9
ort_cpp,5,221,29.696,1,1,0,c5ef909be6cda03f0f87a7354355468944e7f8840d5d2d83c344fdbf4a5d3bf6,04d5fc3bd443007507b8d2e2ea870060397833a500615e3e35ce6358bbe17cdf,9
ort_cpp,5,222,29.52,1,1,0,c5ef909be6cda03f0f87a7354355468944e7f8840d5d2d83c344fdbf4a5d3bf6,04d5fc3bd443007507b8d2e2ea870060397833a500615e3e35ce6358bbe17cdf,9
ort_cpp,5,223,30.527,1,1,0,c5ef909be6cda03f0f87a7354355468944e7f8840d5d2d83c344fdbf4a5d3bf6,04d5fc3bd443007507b8d2e2ea870060397833a500615e3e35ce6358bbe17cdf,9
ort_cpp,5,224,28.626,1,1,0,c5ef909be6cda03f0f87a7354355468944e7f8840d5d2d83c344fdbf4a5d3bf6,04d5fc3bd443007507b8d2e2ea870060397833a500615e3e35ce6358bbe17cdf,9
ort_cpp,5,225,28.599,1,1,0,c5ef909be6cda03f0f87a7354355468944e7f8840d5d2d83c344fdbf4a5d3bf6,04d5fc3bd443007507b8d2e2ea870060397833a500615e3e35ce6358bbe17cdf,9
ort_cpp,5,226,30.087,1,1,0,c5ef909be6cda03f0f87a7354355468944e7f8840d5d2d83c344fdbf4a5d3bf6,04d5fc3bd443007507b8d2e2ea870060397833a500615e3e35ce6358bbe17cdf,9
ort_cpp,5,227,28.49,1,1,0,c5ef909be6cda03f0f87a7354355468944e7f8840d5d2d83c344fdbf4a5d3bf6,04d5fc3bd443007507b8d2e2ea870060397833a500615e3e35ce6358bbe17cdf,9
ort_cpp,5,228,30.536,1,1,0,c5ef909be6cda03f0f87a7354355468944e7f8840d5d2d83c344fdbf4a5d3bf6,04d5fc3bd443007507b8d2e2ea870060397833a500615e3e35ce6358bbe17cdf,9
ort_cpp,5,229,29.906,1,1,0,c5ef909be6cda03f0f87a7354355468944e7f8840d5d2d83c344fdbf4a5d3bf6,04d5fc3bd443007507b8d2e2ea870060397833a500615e3e35ce6358bbe17cdf,9
ort_cpp,5,230,28.307,1,1,0,c5ef909be6cda03f0f87a7354355468944e7f8840d5d2d83c344fdbf4a5d3bf6,04d5fc3bd443007507b8d2e2ea870060397833a500615e3e35ce6358bbe17cdf,9
ort_cpp,5,231,29.118,1,1,0,c5ef909be6cda03f0f87a7354355468944e7f8840d5d2d83c344fdbf4a5d3bf6,04d5fc3bd443007507b8d2e2ea870060397833a500615e3e35ce6358bbe17cdf,9
ort_cpp,5,232,28.902,1,1,0,c5ef909be6cda03f0f87a7354355468944e7f8840d5d2d83c344fdbf4a5d3bf6,04d5fc3bd443007507b8d2e2ea870060397833a500615e3e35ce6358bbe17cdf,9
ort_cpp,5,233,30.502,1,1,0,c5ef909be6cda03f0f87a7354355468944e7f8840d5d2d83c344fdbf4a5d3bf6,04d5fc3bd443007507b8d2e2ea870060397833a500615e3e35ce6358bbe17cdf,9
ort_cpp,5,234,29.555,1,1,0,c5ef909be6cda03f0f87a7354355468944e7f8840d5d2d83c344fdbf4a5d3bf6,04d5fc3bd443007507b8d2e2ea870060397833a500615e3e35ce6358bbe17cdf,9
ort_cpp,5,235,28.522,1,1,0,c5ef909be6cda03f0f87a7354355468944e7f8840d5d2d83c344fdbf4a5d3bf6,04d5fc3bd443007507b8d2e2ea870060397833a500615e3e35ce6358bbe17cdf,9
ort_cpp,5,236,30.137,1,1,0,c5ef909be6cda03f0f87a7354355468944e7f8840d5d2d83c344fdbf4a5d3bf6,04d5fc3bd443007507b8d2e2ea870060397833a500615e3e35ce6358bbe17cdf,9
ort_cpp,5,237,28.943,1,1,0,c5ef909be6cda03f0f87a7354355468944e7f8840d5d2d83c344fdbf4a5d3bf6,04d5fc3bd443007507b8d2e2ea870060397833a500615e3e35ce6358bbe17cdf,9
ort_cpp,5,238,28.454,1,1,0,c5ef909be6cda03f0f87a7354355468944e7f8840d5d2d83c344fdbf4a5d3bf6,04d5fc3bd443007507b8d2e2ea870060397833a500615e3e35ce6358bbe17cdf,9
ort_cpp,5,239,29.441,1,1,0,c5ef909be6cda03f0f87a7354355468944e7f8840d5d2d83c344fdbf4a5d3bf6,04d5fc3bd443007507b8d2e2ea870060397833a500615e3e35ce6358bbe17cdf,9
ort_cpp,5,240,30.208,1,1,0,c5ef909be6cda03f0f87a7354355468944e7f8840d5d2d83c344fdbf4a5d3bf6,04d5fc3bd443007507b8d2e2ea870060397833a500615e3e35ce6358bbe17cdf,9
ort_cpp,5,241,29.498,1,1,0,c5ef909be6cda03f0f87a7354355468944e7f8840d5d2d83c344fdbf4a5d3bf6,04d5fc3bd443007507b8d2e2ea870060397833a500615e3e35ce6358bbe17cdf,9
ort_cpp,5,242,28.34,1,1,0,c5ef909be6cda03f0f87a7354355468944e7f8840d5d2d83c344fdbf4a5d3bf6,04d5fc3bd443007507b8d2e2ea870060397833a500615e3e35ce6358bbe17cdf,9
ort_cpp,5,243,30.359,1,1,0,c5ef909be6cda03f0f87a7354355468944e7f8840d5d2d83c344fdbf4a5d3bf6,04d5fc3bd443007507b8d2e2ea870060397833a500615e3e35ce6358bbe17cdf,9
ort_cpp,5,244,28.632,1,1,0,c5ef909be6cda03f0f87a7354355468944e7f8840d5d2d83c344fdbf4a5d3bf6,04d5fc3bd443007507b8d2e2ea870060397833a500615e3e35ce6358bbe17cdf,9
ort_cpp,5,245,28.066,1,1,0,c5ef909be6cda03f0f87a7354355468944e7f8840d5d2d83c344fdbf4a5d3bf6,04d5fc3bd443007507b8d2e2ea870060397833a500615e3e35ce6358bbe17cdf,9
ort_cpp,5,246,29.462,1,1,0,c5ef909be6cda03f0f87a7354355468944e7f8840d5d2d83c344fdbf4a5d3bf6,04d5fc3bd443007507b8d2e2ea870060397833a500615e3e35ce6358bbe17cdf,9
ort_cpp,5,247,31.482,1,1,0,c5ef909be6cda03f0f87a7354355468944e7f8840d5d2d83c344fdbf4a5d3bf6,04d5fc3bd443007507b8d2e2ea870060397833a500615e3e35ce6358bbe17cdf,9
ort_cpp,5,248,28.635,1,1,0,c5ef909be6cda03f0f87a7354355468944e7f8840d5d2d83c344fdbf4a5d3bf6,04d5fc3bd443007507b8d2e2ea870060397833a500615e3e35ce6358bbe17cdf,9
ort_cpp,5,249,27.965,1,1,0,c5ef909be6cda03f0f87a7354355468944e7f8840d5d2d83c344fdbf4a5d3bf6,04d5fc3bd443007507b8d2e2ea870060397833a500615e3e35ce6358bbe17cdf,9
ort_cpp,5,250,30.664,1,1,0,c5ef909be6cda03f0f87a7354355468944e7f8840d5d2d83c344fdbf4a5d3bf6,04d5fc3bd443007507b8d2e2ea870060397833a500615e3e35ce6358bbe17cdf,9
ort_cpp,5,251,28.448,1,1,0,c5ef909be6cda03f0f87a7354355468944e7f8840d5d2d83c344fdbf4a5d3bf6,04d5fc3bd443007507b8d2e2ea870060397833a500615e3e35ce6358bbe17cdf,9
ort_cpp,5,252,28.732,1,1,0,c5ef909be6cda03f0f87a7354355468944e7f8840d5d2d83c344fdbf4a5d3bf6,04d5fc3bd443007507b8d2e2ea870060397833a500615e3e35ce6358bbe17cdf,9
ort_cpp,5,253,29.046,1,1,0,c5ef909be6cda03f0f87a7354355468944e7f8840d5d2d83c344fdbf4a5d3bf6,04d5fc3bd443007507b8d2e2ea870060397833a500615e3e35ce6358bbe17cdf,9
ort_cpp,5,254,30.269,1,1,0,c5ef909be6cda03f0f87a7354355468944e7f8840d5d2d83c344fdbf4a5d3bf6,04d5fc3bd443007507b8d2e2ea870060397833a500615e3e35ce6358bbe17cdf,9
ort_cpp,5,255,28.67,1,1,0,c5ef909be6cda03f0f87a7354355468944e7f8840d5d2d83c344fdbf4a5d3bf6,04d5fc3bd443007507b8d2e2ea870060397833a500615e3e35ce6358bbe17cdf,9
ort_cpp,5,256,29.022,1,1,0,c5ef909be6cda03f0f87a7354355468944e7f8840d5d2d83c344fdbf4a5d3bf6,04d5fc3bd443007507b8d2e2ea870060397833a500615e3e35ce6358bbe17cdf,9
ort_cpp,5,257,31.803,1,1,0,c5ef909be6cda03f0f87a7354355468944e7f8840d5d2d83c344fdbf4a5d3bf6,04d5fc3bd443007507b8d2e2ea870060397833a500615e3e35ce6358bbe17cdf,9
ort_cpp,5,258,31.436,1,1,0,c5ef909be6cda03f0f87a7354355468944e7f8840d5d2d83c344fdbf4a5d3bf6,04d5fc3bd443007507b8d2e2ea870060397833a500615e3e35ce6358bbe17cdf,9
ort_cpp,5,259,27.514,1,1,0,c5ef909be6cda03f0f87a7354355468944e7f8840d5d2d83c344fdbf4a5d3bf6,04d5fc3bd443007507b8d2e2ea870060397833a500615e3e35ce6358bbe17cdf,9
ort_cpp,5,260,29.285,1,1,0,c5ef909be6cda03f0f87a7354355468944e7f8840d5d2d83c344fdbf4a5d3bf6,04d5fc3bd443007507b8d2e2ea870060397833a500615e3e35ce6358bbe17cdf,9
ort_cpp,5,261,30.736,1,1,0,c5ef909be6cda03f0f87a7354355468944e7f8840d5d2d83c344fdbf4a5d3bf6,04d5fc3bd443007507b8d2e2ea870060397833a500615e3e35ce6358bbe17cdf,9
ort_cpp,5,262,29.16,1,1,0,c5ef909be6cda03f0f87a7354355468944e7f8840d5d2d83c344fdbf4a5d3bf6,04d5fc3bd443007507b8d2e2ea870060397833a500615e3e35ce6358bbe17cdf,9
ort_cpp,5,263,29.279,1,1,0,c5ef909be6cda03f0f87a7354355468944e7f8840d5d2d83c344fdbf4a5d3bf6,04d5fc3bd443007507b8d2e2ea870060397833a500615e3e35ce6358bbe17cdf,9
ort_cpp,5,264,31.676,1,1,0,c5ef909be6cda03f0f87a7354355468944e7f8840d5d2d83c344fdbf4a5d3bf6,04d5fc3bd443007507b8d2e2ea870060397833a500615e3e35ce6358bbe17cdf,9
ort_cpp,5,265,29.339,1,1,0,c5ef909be6cda03f0f87a7354355468944e7f8840d5d2d83c344fdbf4a5d3bf6,04d5fc3bd443007507b8d2e2ea870060397833a500615e3e35ce6358bbe17cdf,9
ort_cpp,5,266,28.819,1,1,0,c5ef909be6cda03f0f87a7354355468944e7f8840d5d2d83c344fdbf4a5d3bf6,04d5fc3bd443007507b8d2e2ea870060397833a500615e3e35ce6358bbe17cdf,9
ort_cpp,5,267,28.571,1,1,0,c5ef909be6cda03f0f87a7354355468944e7f8840d5d2d83c344fdbf4a5d3bf6,04d5fc3bd443007507b8d2e2ea870060397833a500615e3e35ce6358bbe17cdf,9
ort_cpp,5,268,30.457,1,1,0,c5ef909be6cda03f0f87a7354355468944e7f8840d5d2d83c344fdbf4a5d3bf6,04d5fc3bd443007507b8d2e2ea870060397833a500615e3e35ce6358bbe17cdf,9
ort_cpp,5,269,28.81,1,1,0,c5ef909be6cda03f0f87a7354355468944e7f8840d5d2d83c344fdbf4a5d3bf6,04d5fc3bd443007507b8d2e2ea870060397833a500615e3e35ce6358bbe17cdf,9
ort_cpp,5,270,30.237,1,1,0,c5ef909be6cda03f0f87a7354355468944e7f8840d5d2d83c344fdbf4a5d3bf6,04d5fc3bd443007507b8d2e2ea870060397833a500615e3e35ce6358bbe17cdf,9
ort_cpp,5,271,29.74,1,1,0,c5ef909be6cda03f0f87a7354355468944e7f8840d5d2d83c344fdbf4a5d3bf6,04d5fc3bd443007507b8d2e2ea870060397833a500615e3e35ce6358bbe17cdf,9
ort_cpp,5,272,27.94,1,1,0,c5ef909be6cda03f0f87a7354355468944e7f8840d5d2d83c344fdbf4a5d3bf6,04d5fc3bd443007507b8d2e2ea870060397833a500615e3e35ce6358bbe17cdf,9
ort_cpp,5,273,28.937,1,1,0,c5ef909be6cda03f0f87a7354355468944e7f8840d5d2d83c344fdbf4a5d3bf6,04d5fc3bd443007507b8d2e2ea870060397833a500615e3e35ce6358bbe17cdf,9
ort_cpp,5,274,31.584,1,1,0,c5ef909be6cda03f0f87a7354355468944e7f8840d5d2d83c344fdbf4a5d3bf6,04d5fc3bd443007507b8d2e2ea870060397833a500615e3e35ce6358bbe17cdf,9
ort_cpp,5,275,29.359,1,1,0,c5ef909be6cda03f0f87a7354355468944e7f8840d5d2d83c344fdbf4a5d3bf6,04d5fc3bd443007507b8d2e2ea870060397833a500615e3e35ce6358bbe17cdf,9
ort_cpp,5,276,28.438,1,1,0,c5ef909be6cda03f0f87a7354355468944e7f8840d5d2d83c344fdbf4a5d3bf6,04d5fc3bd443007507b8d2e2ea870060397833a500615e3e35ce6358bbe17cdf,9
ort_cpp,5,277,28.877,1,1,0,c5ef909be6cda03f0f87a7354355468944e7f8840d5d2d83c344fdbf4a5d3bf6,04d5fc3bd443007507b8d2e2ea870060397833a500615e3e35ce6358bbe17cdf,9
ort_cpp,5,278,30.863,1,1,0,c5ef909be6cda03f0f87a7354355468944e7f8840d5d2d83c344fdbf4a5d3bf6,04d5fc3bd443007507b8d2e2ea870060397833a500615e3e35ce6358bbe17cdf,9
ort_cpp,5,279,29.444,1,1,0,c5ef909be6cda03f0f87a7354355468944e7f8840d5d2d83c344fdbf4a5d3bf6,04d5fc3bd443007507b8d2e2ea870060397833a500615e3e35ce6358bbe17cdf,9
ort_cpp,5,280,28.337,1,1,0,c5ef909be6cda03f0f87a7354355468944e7f8840d5d2d83c344fdbf4a5d3bf6,04d5fc3bd443007507b8d2e2ea870060397833a500615e3e35ce6358bbe17cdf,9
ort_cpp,5,281,30.677,1,1,0,c5ef909be6cda03f0f87a7354355468944e7f8840d5d2d83c344fdbf4a5d3bf6,04d5fc3bd443007507b8d2e2ea870060397833a500615e3e35ce6358bbe17cdf,9
ort_cpp,5,282,30.363,1,1,0,c5ef909be6cda03f0f87a7354355468944e7f8840d5d2d83c344fdbf4a5d3bf6,04d5fc3bd443007507b8d2e2ea870060397833a500615e3e35ce6358bbe17cdf,9
ort_cpp,5,283,29.684,1,1,0,c5ef909be6cda03f0f87a7354355468944e7f8840d5d2d83c344fdbf4a5d3bf6,04d5fc3bd443007507b8d2e2ea870060397833a500615e3e35ce6358bbe17cdf,9
ort_cpp,5,284,29.363,1,1,0,c5ef909be6cda03f0f87a7354355468944e7f8840d5d2d83c344fdbf4a5d3bf6,04d5fc3bd443007507b8d2e2ea870060397833a500615e3e35ce6358bbe17cdf,9
ort_cpp,5,285,29.605,1,1,0,c5ef909be6cda03f0f87a7354355468944e7f8840d5d2d83c344fdbf4a5d3bf6,04d5fc3bd443007507b8d2e2ea870060397833a500615e3e35ce6358bbe17cdf,9
ort_cpp,5,286,29.089,1,1,0,c5ef909be6cda03f0f87a7354355468944e7f8840d5d2d83c344fdbf4a5d3bf6,04d5fc3bd443007507b8d2e2ea870060397833a500615e3e35ce6358bbe17cdf,9
ort_cpp,5,287,28.505,1,1,0,c5ef909be6cda03f0f87a7354355468944e7f8840d5d2d83c344fdbf4a5d3bf6,04d5fc3bd443007507b8d2e2ea870060397833a500615e3e35ce6358bbe17cdf,9
ort_cpp,5,288,31.884,1,1,0,c5ef909be6cda03f0f87a7354355468944e7f8840d5d2d83c344fdbf4a5d3bf6,04d5fc3bd443007507b8d2e2ea870060397833a500615e3e35ce6358bbe17cdf,9
ort_cpp,5,289,29.283,1,1,0,c5ef909be6cda03f0f87a7354355468944e7f8840d5d2d83c344fdbf4a5d3bf6,04d5fc3bd443007507b8d2e2ea870060397833a500615e3e35ce6358bbe17cdf,9
ort_cpp,5,290,28.031,1,1,0,c5ef909be6cda03f0f87a7354355468944e7f8840d5d2d83c344fdbf4a5d3bf6,04d5fc3bd443007507b8d2e2ea870060397833a500615e3e35ce6358bbe17cdf,9
ort_cpp,5,291,28.671,1,1,0,c5ef909be6cda03f0f87a7354355468944e7f8840d5d2d83c344fdbf4a5d3bf6,04d5fc3bd443007507b8d2e2ea870060397833a500615e3e35ce6358bbe17cdf,9
ort_cpp,5,292,31.319,1,1,0,c5ef909be6cda03f0f87a7354355468944e7f8840d5d2d83c344fdbf4a5d3bf6,04d5fc3bd443007507b8d2e2ea870060397833a500615e3e35ce6358bbe17cdf,9
ort_cpp,5,293,28.604,1,1,0,c5ef909be6cda03f0f87a7354355468944e7f8840d5d2d83c344fdbf4a5d3bf6,04d5fc3bd443007507b8d2e2ea870060397833a500615e3e35ce6358bbe17cdf,9
ort_cpp,5,294,33.53,1,1,0,c5ef909be6cda03f0f87a7354355468944e7f8840d5d2d83c344fdbf4a5d3bf6,04d5fc3bd443007507b8d2e2ea870060397833a500615e3e35ce6358bbe17cdf,9
ort_cpp,5,295,29.23,1,1,0,c5ef909be6cda03f0f87a7354355468944e7f8840d5d2d83c344fdbf4a5d3bf6,04d5fc3bd443007507b8d2e2ea870060397833a500615e3e35ce6358bbe17cdf,9
ort_cpp,5,296,29.019,1,1,0,c5ef909be6cda03f0f87a7354355468944e7f8840d5d2d83c344fdbf4a5d3bf6,04d5fc3bd443007507b8d2e2ea870060397833a500615e3e35ce6358bbe17cdf,9
ort_cpp,5,297,29.167,1,1,0,c5ef909be6cda03f0f87a7354355468944e7f8840d5d2d83c344fdbf4a5d3bf6,04d5fc3bd443007507b8d2e2ea870060397833a500615e3e35ce6358bbe17cdf,9
ort_cpp,5,298,29.561,1,1,0,c5ef909be6cda03f0f87a7354355468944e7f8840d5d2d83c344fdbf4a5d3bf6,04d5fc3bd443007507b8d2e2ea870060397833a500615e3e35ce6358bbe17cdf,9
ort_cpp,5,299,30.576,1,1,0,c5ef909be6cda03f0f87a7354355468944e7f8840d5d2d83c344fdbf4a5d3bf6,04d5fc3bd443007507b8d2e2ea870060397833a500615e3e35ce6358bbe17cdf,9
pytorch,3,0,47.8952,1,1,0,c5ef909be6cda03f0f87a7354355468944e7f8840d5d2d83c344fdbf4a5d3bf6,04d5fc3bd443007507b8d2e2ea870060397833a500615e3e35ce6358bbe17cdf,10
pytorch,3,1,46.8361,1,1,0,c5ef909be6cda03f0f87a7354355468944e7f8840d5d2d83c344fdbf4a5d3bf6,04d5fc3bd443007507b8d2e2ea870060397833a500615e3e35ce6358bbe17cdf,10
pytorch,3,2,43.5407,1,1,0,c5ef909be6cda03f0f87a7354355468944e7f8840d5d2d83c344fdbf4a5d3bf6,04d5fc3bd443007507b8d2e2ea870060397833a500615e3e35ce6358bbe17cdf,10
pytorch,3,3,48.124,1,1,0,c5ef909be6cda03f0f87a7354355468944e7f8840d5d2d83c344fdbf4a5d3bf6,04d5fc3bd443007507b8d2e2ea870060397833a500615e3e35ce6358bbe17cdf,10
pytorch,3,4,44.9538,1,1,0,c5ef909be6cda03f0f87a7354355468944e7f8840d5d2d83c344fdbf4a5d3bf6,04d5fc3bd443007507b8d2e2ea870060397833a500615e3e35ce6358bbe17cdf,10
pytorch,3,5,46.8628,1,1,0,c5ef909be6cda03f0f87a7354355468944e7f8840d5d2d83c344fdbf4a5d3bf6,04d5fc3bd443007507b8d2e2ea870060397833a500615e3e35ce6358bbe17cdf,10
pytorch,3,6,46.7082,1,1,0,c5ef909be6cda03f0f87a7354355468944e7f8840d5d2d83c344fdbf4a5d3bf6,04d5fc3bd443007507b8d2e2ea870060397833a500615e3e35ce6358bbe17cdf,10
pytorch,3,7,45.0889,1,1,0,c5ef909be6cda03f0f87a7354355468944e7f8840d5d2d83c344fdbf4a5d3bf6,04d5fc3bd443007507b8d2e2ea870060397833a500615e3e35ce6358bbe17cdf,10
pytorch,3,8,46.2097,1,1,0,c5ef909be6cda03f0f87a7354355468944e7f8840d5d2d83c344fdbf4a5d3bf6,04d5fc3bd443007507b8d2e2ea870060397833a500615e3e35ce6358bbe17cdf,10
pytorch,3,9,46.7188,1,1,0,c5ef909be6cda03f0f87a7354355468944e7f8840d5d2d83c344fdbf4a5d3bf6,04d5fc3bd443007507b8d2e2ea870060397833a500615e3e35ce6358bbe17cdf,10
pytorch,3,10,43.7342,1,1,0,c5ef909be6cda03f0f87a7354355468944e7f8840d5d2d83c344fdbf4a5d3bf6,04d5fc3bd443007507b8d2e2ea870060397833a500615e3e35ce6358bbe17cdf,10
pytorch,3,11,48.1587,1,1,0,c5ef909be6cda03f0f87a7354355468944e7f8840d5d2d83c344fdbf4a5d3bf6,04d5fc3bd443007507b8d2e2ea870060397833a500615e3e35ce6358bbe17cdf,10
pytorch,3,12,45.1572,1,1,0,c5ef909be6cda03f0f87a7354355468944e7f8840d5d2d83c344fdbf4a5d3bf6,04d5fc3bd443007507b8d2e2ea870060397833a500615e3e35ce6358bbe17cdf,10
pytorch,3,13,47.0093,1,1,0,c5ef909be6cda03f0f87a7354355468944e7f8840d5d2d83c344fdbf4a5d3bf6,04d5fc3bd443007507b8d2e2ea870060397833a500615e3e35ce6358bbe17cdf,10
pytorch,3,14,49.6461,1,1,0,c5ef909be6cda03f0f87a7354355468944e7f8840d5d2d83c344fdbf4a5d3bf6,04d5fc3bd443007507b8d2e2ea870060397833a500615e3e35ce6358bbe17cdf,10
pytorch,3,15,44.9906,1,1,0,c5ef909be6cda03f0f87a7354355468944e7f8840d5d2d83c344fdbf4a5d3bf6,04d5fc3bd443007507b8d2e2ea870060397833a500615e3e35ce6358bbe17cdf,10
pytorch,3,16,47.161,1,1,0,c5ef909be6cda03f0f87a7354355468944e7f8840d5d2d83c344fdbf4a5d3bf6,04d5fc3bd443007507b8d2e2ea870060397833a500615e3e35ce6358bbe17cdf,10
pytorch,3,17,44.494,1,1,0,c5ef909be6cda03f0f87a7354355468944e7f8840d5d2d83c344fdbf4a5d3bf6,04d5fc3bd443007507b8d2e2ea870060397833a500615e3e35ce6358bbe17cdf,10
pytorch,3,18,46.404,1,1,0,c5ef909be6cda03f0f87a7354355468944e7f8840d5d2d83c344fdbf4a5d3bf6,04d5fc3bd443007507b8d2e2ea870060397833a500615e3e35ce6358bbe17cdf,10
pytorch,3,19,44.244,1,1,0,c5ef909be6cda03f0f87a7354355468944e7f8840d5d2d83c344fdbf4a5d3bf6,04d5fc3bd443007507b8d2e2ea870060397833a500615e3e35ce6358bbe17cdf,10
pytorch,3,20,46.895,1,1,0,c5ef909be6cda03f0f87a7354355468944e7f8840d5d2d83c344fdbf4a5d3bf6,04d5fc3bd443007507b8d2e2ea870060397833a500615e3e35ce6358bbe17cdf,10
pytorch,3,21,46.0871,1,1,0,c5ef909be6cda03f0f87a7354355468944e7f8840d5d2d83c344fdbf4a5d3bf6,04d5fc3bd443007507b8d2e2ea870060397833a500615e3e35ce6358bbe17cdf,10
pytorch,3,22,44.7244,1,1,0,c5ef909be6cda03f0f87a7354355468944e7f8840d5d2d83c344fdbf4a5d3bf6,04d5fc3bd443007507b8d2e2ea870060397833a500615e3e35ce6358bbe17cdf,10
pytorch,3,23,45.5361,1,1,0,c5ef909be6cda03f0f87a7354355468944e7f8840d5d2d83c344fdbf4a5d3bf6,04d5fc3bd443007507b8d2e2ea870060397833a500615e3e35ce6358bbe17cdf,10
pytorch,3,24,45.6186,1,1,0,c5ef909be6cda03f0f87a7354355468944e7f8840d5d2d83c344fdbf4a5d3bf6,04d5fc3bd443007507b8d2e2ea870060397833a500615e3e35ce6358bbe17cdf,10
pytorch,3,25,47.5578,1,1,0,c5ef909be6cda03f0f87a7354355468944e7f8840d5d2d83c344fdbf4a5d3bf6,04d5fc3bd443007507b8d2e2ea870060397833a500615e3e35ce6358bbe17cdf,10
pytorch,3,26,46.9361,1,1,0,c5ef909be6cda03f0f87a7354355468944e7f8840d5d2d83c344fdbf4a5d3bf6,04d5fc3bd443007507b8d2e2ea870060397833a500615e3e35ce6358bbe17cdf,10
pytorch,3,27,47.3325,1,1,0,c5ef909be6cda03f0f87a7354355468944e7f8840d5d2d83c344fdbf4a5d3bf6,04d5fc3bd443007507b8d2e2ea870060397833a500615e3e35ce6358bbe17cdf,10
pytorch,3,28,41.9529,1,1,0,c5ef909be6cda03f0f87a7354355468944e7f8840d5d2d83c344fdbf4a5d3bf6,04d5fc3bd443007507b8d2e2ea870060397833a500615e3e35ce6358bbe17cdf,10
pytorch,3,29,49.2691,1,1,0,c5ef909be6cda03f0f87a7354355468944e7f8840d5d2d83c344fdbf4a5d3bf6,04d5fc3bd443007507b8d2e2ea870060397833a500615e3e35ce6358bbe17cdf,10
pytorch,3,30,44.919,1,1,0,c5ef909be6cda03f0f87a7354355468944e7f8840d5d2d83c344fdbf4a5d3bf6,04d5fc3bd443007507b8d2e2ea870060397833a500615e3e35ce6358bbe17cdf,10
pytorch,3,31,43.9155,1,1,0,c5ef909be6cda03f0f87a7354355468944e7f8840d5d2d83c344fdbf4a5d3bf6,04d5fc3bd443007507b8d2e2ea870060397833a500615e3e35ce6358bbe17cdf,10
pytorch,3,32,46.4373,1,1,0,c5ef909be6cda03f0f87a7354355468944e7f8840d5d2d83c344fdbf4a5d3bf6,04d5fc3bd443007507b8d2e2ea870060397833a500615e3e35ce6358bbe17cdf,10
pytorch,3,33,45.2765,1,1,0,c5ef909be6cda03f0f87a7354355468944e7f8840d5d2d83c344fdbf4a5d3bf6,04d5fc3bd443007507b8d2e2ea870060397833a500615e3e35ce6358bbe17cdf,10
pytorch,3,34,46.6779,1,1,0,c5ef909be6cda03f0f87a7354355468944e7f8840d5d2d83c344fdbf4a5d3bf6,04d5fc3bd443007507b8d2e2ea870060397833a500615e3e35ce6358bbe17cdf,10
pytorch,3,35,44.5289,1,1,0,c5ef909be6cda03f0f87a7354355468944e7f8840d5d2d83c344fdbf4a5d3bf6,04d5fc3bd443007507b8d2e2ea870060397833a500615e3e35ce6358bbe17cdf,10
pytorch,3,36,46.3847,1,1,0,c5ef909be6cda03f0f87a7354355468944e7f8840d5d2d83c344fdbf4a5d3bf6,04d5fc3bd443007507b8d2e2ea870060397833a500615e3e35ce6358bbe17cdf,10
pytorch,3,37,48.2116,1,1,0,c5ef909be6cda03f0f87a7354355468944e7f8840d5d2d83c344fdbf4a5d3bf6,04d5fc3bd443007507b8d2e2ea870060397833a500615e3e35ce6358bbe17cdf,10
pytorch,3,38,47.1736,1,1,0,c5ef909be6cda03f0f87a7354355468944e7f8840d5d2d83c344fdbf4a5d3bf6,04d5fc3bd443007507b8d2e2ea870060397833a500615e3e35ce6358bbe17cdf,10
pytorch,3,39,47.2387,1,1,0,c5ef909be6cda03f0f87a7354355468944e7f8840d5d2d83c344fdbf4a5d3bf6,04d5fc3bd443007507b8d2e2ea870060397833a500615e3e35ce6358bbe17cdf,10
pytorch,3,40,47.7197,1,1,0,c5ef909be6cda03f0f87a7354355468944e7f8840d5d2d83c344fdbf4a5d3bf6,04d5fc3bd443007507b8d2e2ea870060397833a500615e3e35ce6358bbe17cdf,10
pytorch,3,41,44.3662,1,1,0,c5ef909be6cda03f0f87a7354355468944e7f8840d5d2d83c344fdbf4a5d3bf6,04d5fc3bd443007507b8d2e2ea870060397833a500615e3e35ce6358bbe17cdf,10
pytorch,3,42,53.3922,1,1,0,c5ef909be6cda03f0f87a7354355468944e7f8840d5d2d83c344fdbf4a5d3bf6,04d5fc3bd443007507b8d2e2ea870060397833a500615e3e35ce6358bbe17cdf,10
pytorch,3,43,43.6061,1,1,0,c5ef909be6cda03f0f87a7354355468944e7f8840d5d2d83c344fdbf4a5d3bf6,04d5fc3bd443007507b8d2e2ea870060397833a500615e3e35ce6358bbe17cdf,10
pytorch,3,44,44.4364,1,1,0,c5ef909be6cda03f0f87a7354355468944e7f8840d5d2d83c344fdbf4a5d3bf6,04d5fc3bd443007507b8d2e2ea870060397833a500615e3e35ce6358bbe17cdf,10
pytorch,3,45,50.5813,1,1,0,c5ef909be6cda03f0f87a7354355468944e7f8840d5d2d83c344fdbf4a5d3bf6,04d5fc3bd443007507b8d2e2ea870060397833a500615e3e35ce6358bbe17cdf,10
pytorch,3,46,45.8756,1,1,0,c5ef909be6cda03f0f87a7354355468944e7f8840d5d2d83c344fdbf4a5d3bf6,04d5fc3bd443007507b8d2e2ea870060397833a500615e3e35ce6358bbe17cdf,10
pytorch,3,47,47.0645,1,1,0,c5ef909be6cda03f0f87a7354355468944e7f8840d5d2d83c344fdbf4a5d3bf6,04d5fc3bd443007507b8d2e2ea870060397833a500615e3e35ce6358bbe17cdf,10
pytorch,3,48,43.9621,1,1,0,c5ef909be6cda03f0f87a7354355468944e7f8840d5d2d83c344fdbf4a5d3bf6,04d5fc3bd443007507b8d2e2ea870060397833a500615e3e35ce6358bbe17cdf,10
pytorch,3,49,46.7575,1,1,0,c5ef909be6cda03f0f87a7354355468944e7f8840d5d2d83c344fdbf4a5d3bf6,04d5fc3bd443007507b8d2e2ea870060397833a500615e3e35ce6358bbe17cdf,10
pytorch,3,50,45.3266,1,1,0,c5ef909be6cda03f0f87a7354355468944e7f8840d5d2d83c344fdbf4a5d3bf6,04d5fc3bd443007507b8d2e2ea870060397833a500615e3e35ce6358bbe17cdf,10
pytorch,3,51,46.4241,1,1,0,c5ef909be6cda03f0f87a7354355468944e7f8840d5d2d83c344fdbf4a5d3bf6,04d5fc3bd443007507b8d2e2ea870060397833a500615e3e35ce6358bbe17cdf,10
pytorch,3,52,44.7942,1,1,0,c5ef909be6cda03f0f87a7354355468944e7f8840d5d2d83c344fdbf4a5d3bf6,04d5fc3bd443007507b8d2e2ea870060397833a500615e3e35ce6358bbe17cdf,10
pytorch,3,53,46.5536,1,1,0,c5ef909be6cda03f0f87a7354355468944e7f8840d5d2d83c344fdbf4a5d3bf6,04d5fc3bd443007507b8d2e2ea870060397833a500615e3e35ce6358bbe17cdf,10
pytorch,3,54,46.9304,1,1,0,c5ef909be6cda03f0f87a7354355468944e7f8840d5d2d83c344fdbf4a5d3bf6,04d5fc3bd443007507b8d2e2ea870060397833a500615e3e35ce6358bbe17cdf,10
pytorch,3,55,45.9137,1,1,0,c5ef909be6cda03f0f87a7354355468944e7f8840d5d2d83c344fdbf4a5d3bf6,04d5fc3bd443007507b8d2e2ea870060397833a500615e3e35ce6358bbe17cdf,10
pytorch,3,56,46.4977,1,1,0,c5ef909be6cda03f0f87a7354355468944e7f8840d5d2d83c344fdbf4a5d3bf6,04d5fc3bd443007507b8d2e2ea870060397833a500615e3e35ce6358bbe17cdf,10
pytorch,3,57,45.872,1,1,0,c5ef909be6cda03f0f87a7354355468944e7f8840d5d2d83c344fdbf4a5d3bf6,04d5fc3bd443007507b8d2e2ea870060397833a500615e3e35ce6358bbe17cdf,10
pytorch,3,58,47.285,1,1,0,c5ef909be6cda03f0f87a7354355468944e7f8840d5d2d83c344fdbf4a5d3bf6,04d5fc3bd443007507b8d2e2ea870060397833a500615e3e35ce6358bbe17cdf,10
pytorch,3,59,44.0215,1,1,0,c5ef909be6cda03f0f87a7354355468944e7f8840d5d2d83c344fdbf4a5d3bf6,04d5fc3bd443007507b8d2e2ea870060397833a500615e3e35ce6358bbe17cdf,10
pytorch,3,60,51.5055,1,1,0,c5ef909be6cda03f0f87a7354355468944e7f8840d5d2d83c344fdbf4a5d3bf6,04d5fc3bd443007507b8d2e2ea870060397833a500615e3e35ce6358bbe17cdf,10
pytorch,3,61,49.1646,1,1,0,c5ef909be6cda03f0f87a7354355468944e7f8840d5d2d83c344fdbf4a5d3bf6,04d5fc3bd443007507b8d2e2ea870060397833a500615e3e35ce6358bbe17cdf,10
pytorch,3,62,46.5044,1,1,0,c5ef909be6cda03f0f87a7354355468944e7f8840d5d2d83c344fdbf4a5d3bf6,04d5fc3bd443007507b8d2e2ea870060397833a500615e3e35ce6358bbe17cdf,10
pytorch,3,63,48.9174,1,1,0,c5ef909be6cda03f0f87a7354355468944e7f8840d5d2d83c344fdbf4a5d3bf6,04d5fc3bd443007507b8d2e2ea870060397833a500615e3e35ce6358bbe17cdf,10
pytorch,3,64,49.1268,1,1,0,c5ef909be6cda03f0f87a7354355468944e7f8840d5d2d83c344fdbf4a5d3bf6,04d5fc3bd443007507b8d2e2ea870060397833a500615e3e35ce6358bbe17cdf,10
pytorch,3,65,46.3429,1,1,0,c5ef909be6cda03f0f87a7354355468944e7f8840d5d2d83c344fdbf4a5d3bf6,04d5fc3bd443007507b8d2e2ea870060397833a500615e3e35ce6358bbe17cdf,10
pytorch,3,66,45.6462,1,1,0,c5ef909be6cda03f0f87a7354355468944e7f8840d5d2d83c344fdbf4a5d3bf6,04d5fc3bd443007507b8d2e2ea870060397833a500615e3e35ce6358bbe17cdf,10
pytorch,3,67,48.8016,1,1,0,c5ef909be6cda03f0f87a7354355468944e7f8840d5d2d83c344fdbf4a5d3bf6,04d5fc3bd443007507b8d2e2ea870060397833a500615e3e35ce6358bbe17cdf,10
pytorch,3,68,46.6329,1,1,0,c5ef909be6cda03f0f87a7354355468944e7f8840d5d2d83c344fdbf4a5d3bf6,04d5fc3bd443007507b8d2e2ea870060397833a500615e3e35ce6358bbe17cdf,10
pytorch,3,69,47.3607,1,1,0,c5ef909be6cda03f0f87a7354355468944e7f8840d5d2d83c344fdbf4a5d3bf6,04d5fc3bd443007507b8d2e2ea870060397833a500615e3e35ce6358bbe17cdf,10
pytorch,3,70,46.8867,1,1,0,c5ef909be6cda03f0f87a7354355468944e7f8840d5d2d83c344fdbf4a5d3bf6,04d5fc3bd443007507b8d2e2ea870060397833a500615e3e35ce6358bbe17cdf,10
pytorch,3,71,48.1579,1,1,0,c5ef909be6cda03f0f87a7354355468944e7f8840d5d2d83c344fdbf4a5d3bf6,04d5fc3bd443007507b8d2e2ea870060397833a500615e3e35ce6358bbe17cdf,10
pytorch,3,72,46.8491,1,1,0,c5ef909be6cda03f0f87a7354355468944e7f8840d5d2d83c344fdbf4a5d3bf6,04d5fc3bd443007507b8d2e2ea870060397833a500615e3e35ce6358bbe17cdf,10
pytorch,3,73,48.4425,1,1,0,c5ef909be6cda03f0f87a7354355468944e7f8840d5d2d83c344fdbf4a5d3bf6,04d5fc3bd443007507b8d2e2ea870060397833a500615e3e35ce6358bbe17cdf,10
pytorch,3,74,44.1964,1,1,0,c5ef909be6cda03f0f87a7354355468944e7f8840d5d2d83c344fdbf4a5d3bf6,04d5fc3bd443007507b8d2e2ea870060397833a500615e3e35ce6358bbe17cdf,10
pytorch,3,75,47.771,1,1,0,c5ef909be6cda03f0f87a7354355468944e7f8840d5d2d83c344fdbf4a5d3bf6,04d5fc3bd443007507b8d2e2ea870060397833a500615e3e35ce6358bbe17cdf,10
pytorch,3,76,46.542,1,1,0,c5ef909be6cda03f0f87a7354355468944e7f8840d5d2d83c344fdbf4a5d3bf6,04d5fc3bd443007507b8d2e2ea870060397833a500615e3e35ce6358bbe17cdf,10
pytorch,3,77,47.2501,1,1,0,c5ef909be6cda03f0f87a7354355468944e7f8840d5d2d83c344fdbf4a5d3bf6,04d5fc3bd443007507b8d2e2ea870060397833a500615e3e35ce6358bbe17cdf,10
pytorch,3,78,45.6508,1,1,0,c5ef909be6cda03f0f87a7354355468944e7f8840d5d2d83c344fdbf4a5d3bf6,04d5fc3bd443007507b8d2e2ea870060397833a500615e3e35ce6358bbe17cdf,10
pytorch,3,79,44.3281,1,1,0,c5ef909be6cda03f0f87a7354355468944e7f8840d5d2d83c344fdbf4a5d3bf6,04d5fc3bd443007507b8d2e2ea870060397833a500615e3e35ce6358bbe17cdf,10
pytorch,3,80,46.9325,1,1,0,c5ef909be6cda03f0f87a7354355468944e7f8840d5d2d83c344fdbf4a5d3bf6,04d5fc3bd443007507b8d2e2ea870060397833a500615e3e35ce6358bbe17cdf,10
pytorch,3,81,46.5094,1,1,0,c5ef909be6cda03f0f87a7354355468944e7f8840d5d2d83c344fdbf4a5d3bf6,04d5fc3bd443007507b8d2e2ea870060397833a500615e3e35ce6358bbe17cdf,10
pytorch,3,82,46.8709,1,1,0,c5ef909be6cda03f0f87a7354355468944e7f8840d5d2d83c344fdbf4a5d3bf6,04d5fc3bd443007507b8d2e2ea870060397833a500615e3e35ce6358bbe17cdf,10
pytorch,3,83,45.6145,1,1,0,c5ef909be6cda03f0f87a7354355468944e7f8840d5d2d83c344fdbf4a5d3bf6,04d5fc3bd443007507b8d2e2ea870060397833a500615e3e35ce6358bbe17cdf,10
pytorch,3,84,45.5832,1,1,0,c5ef909be6cda03f0f87a7354355468944e7f8840d5d2d83c344fdbf4a5d3bf6,04d5fc3bd443007507b8d2e2ea870060397833a500615e3e35ce6358bbe17cdf,10
pytorch,3,85,43.9854,1,1,0,c5ef909be6cda03f0f87a7354355468944e7f8840d5d2d83c344fdbf4a5d3bf6,04d5fc3bd443007507b8d2e2ea870060397833a500615e3e35ce6358bbe17cdf,10
pytorch,3,86,47.308,1,1,0,c5ef909be6cda03f0f87a7354355468944e7f8840d5d2d83c344fdbf4a5d3bf6,04d5fc3bd443007507b8d2e2ea870060397833a500615e3e35ce6358bbe17cdf,10
pytorch,3,87,43.3028,1,1,0,c5ef909be6cda03f0f87a7354355468944e7f8840d5d2d83c344fdbf4a5d3bf6,04d5fc3bd443007507b8d2e2ea870060397833a500615e3e35ce6358bbe17cdf,10
pytorch,3,88,47.1696,1,1,0,c5ef909be6cda03f0f87a7354355468944e7f8840d5d2d83c344fdbf4a5d3bf6,04d5fc3bd443007507b8d2e2ea870060397833a500615e3e35ce6358bbe17cdf,10
pytorch,3,89,49.1145,1,1,0,c5ef909be6cda03f0f87a7354355468944e7f8840d5d2d83c344fdbf4a5d3bf6,04d5fc3bd443007507b8d2e2ea870060397833a500615e3e35ce6358bbe17cdf,10
pytorch,3,90,46.4067,1,1,0,c5ef909be6cda03f0f87a7354355468944e7f8840d5d2d83c344fdbf4a5d3bf6,04d5fc3bd443007507b8d2e2ea870060397833a500615e3e35ce6358bbe17cdf,10
pytorch,3,91,49.5232,1,1,0,c5ef909be6cda03f0f87a7354355468944e7f8840d5d2d83c344fdbf4a5d3bf6,04d5fc3bd443007507b8d2e2ea870060397833a500615e3e35ce6358bbe17cdf,10
pytorch,3,92,42.8057,1,1,0,c5ef909be6cda03f0f87a7354355468944e7f8840d5d2d83c344fdbf4a5d3bf6,04d5fc3bd443007507b8d2e2ea870060397833a500615e3e35ce6358bbe17cdf,10
pytorch,3,93,47.6404,1,1,0,c5ef909be6cda03f0f87a7354355468944e7f8840d5d2d83c344fdbf4a5d3bf6,04d5fc3bd443007507b8d2e2ea870060397833a500615e3e35ce6358bbe17cdf,10
pytorch,3,94,46.2637,1,1,0,c5ef909be6cda03f0f87a7354355468944e7f8840d5d2d83c344fdbf4a5d3bf6,04d5fc3bd443007507b8d2e2ea870060397833a500615e3e35ce6358bbe17cdf,10
pytorch,3,95,46.4534,1,1,0,c5ef909be6cda03f0f87a7354355468944e7f8840d5d2d83c344fdbf4a5d3bf6,04d5fc3bd443007507b8d2e2ea870060397833a500615e3e35ce6358bbe17cdf,10
pytorch,3,96,44.4755,1,1,0,c5ef909be6cda03f0f87a7354355468944e7f8840d5d2d83c344fdbf4a5d3bf6,04d5fc3bd443007507b8d2e2ea870060397833a500615e3e35ce6358bbe17cdf,10
pytorch,3,97,46.4153,1,1,0,c5ef909be6cda03f0f87a7354355468944e7f8840d5d2d83c344fdbf4a5d3bf6,04d5fc3bd443007507b8d2e2ea870060397833a500615e3e35ce6358bbe17cdf,10
pytorch,3,98,44.8444,1,1,0,c5ef909be6cda03f0f87a7354355468944e7f8840d5d2d83c344fdbf4a5d3bf6,04d5fc3bd443007507b8d2e2ea870060397833a500615e3e35ce6358bbe17cdf,10
pytorch,3,99,48.9346,1,1,0,c5ef909be6cda03f0f87a7354355468944e7f8840d5d2d83c344fdbf4a5d3bf6,04d5fc3bd443007507b8d2e2ea870060397833a500615e3e35ce6358bbe17cdf,10
pytorch,3,100,43.7714,1,1,0,c5ef909be6cda03f0f87a7354355468944e7f8840d5d2d83c344fdbf4a5d3bf6,04d5fc3bd443007507b8d2e2ea870060397833a500615e3e35ce6358bbe17cdf,10
pytorch,3,101,44.8548,1,1,0,c5ef909be6cda03f0f87a7354355468944e7f8840d5d2d83c344fdbf4a5d3bf6,04d5fc3bd443007507b8d2e2ea870060397833a500615e3e35ce6358bbe17cdf,10
pytorch,3,102,48.3656,1,1,0,c5ef909be6cda03f0f87a7354355468944e7f8840d5d2d83c344fdbf4a5d3bf6,04d5fc3bd443007507b8d2e2ea870060397833a500615e3e35ce6358bbe17cdf,10
pytorch,3,103,44.8332,1,1,0,c5ef909be6cda03f0f87a7354355468944e7f8840d5d2d83c344fdbf4a5d3bf6,04d5fc3bd443007507b8d2e2ea870060397833a500615e3e35ce6358bbe17cdf,10
pytorch,3,104,48.2606,1,1,0,c5ef909be6cda03f0f87a7354355468944e7f8840d5d2d83c344fdbf4a5d3bf6,04d5fc3bd443007507b8d2e2ea870060397833a500615e3e35ce6358bbe17cdf,10
pytorch,3,105,43.1015,1,1,0,c5ef909be6cda03f0f87a7354355468944e7f8840d5d2d83c344fdbf4a5d3bf6,04d5fc3bd443007507b8d2e2ea870060397833a500615e3e35ce6358bbe17cdf,10
pytorch,3,106,48.825,1,1,0,c5ef909be6cda03f0f87a7354355468944e7f8840d5d2d83c344fdbf4a5d3bf6,04d5fc3bd443007507b8d2e2ea870060397833a500615e3e35ce6358bbe17cdf,10
pytorch,3,107,46.6961,1,1,0,c5ef909be6cda03f0f87a7354355468944e7f8840d5d2d83c344fdbf4a5d3bf6,04d5fc3bd443007507b8d2e2ea870060397833a500615e3e35ce6358bbe17cdf,10
pytorch,3,108,47.8188,1,1,0,c5ef909be6cda03f0f87a7354355468944e7f8840d5d2d83c344fdbf4a5d3bf6,04d5fc3bd443007507b8d2e2ea870060397833a500615e3e35ce6358bbe17cdf,10
pytorch,3,109,47.204,1,1,0,c5ef909be6cda03f0f87a7354355468944e7f8840d5d2d83c344fdbf4a5d3bf6,04d5fc3bd443007507b8d2e2ea870060397833a500615e3e35ce6358bbe17cdf,10
pytorch,3,110,49.1321,1,1,0,c5ef909be6cda03f0f87a7354355468944e7f8840d5d2d83c344fdbf4a5d3bf6,04d5fc3bd443007507b8d2e2ea870060397833a500615e3e35ce6358bbe17cdf,10
pytorch,3,111,43.1611,1,1,0,c5ef909be6cda03f0f87a7354355468944e7f8840d5d2d83c344fdbf4a5d3bf6,04d5fc3bd443007507b8d2e2ea870060397833a500615e3e35ce6358bbe17cdf,10
pytorch,3,112,45.0443,1,1,0,c5ef909be6cda03f0f87a7354355468944e7f8840d5d2d83c344fdbf4a5d3bf6,04d5fc3bd443007507b8d2e2ea870060397833a500615e3e35ce6358bbe17cdf,10
pytorch,3,113,49.1117,1,1,0,c5ef909be6cda03f0f87a7354355468944e7f8840d5d2d83c344fdbf4a5d3bf6,04d5fc3bd443007507b8d2e2ea870060397833a500615e3e35ce6358bbe17cdf,10
pytorch,3,114,45.4143,1,1,0,c5ef909be6cda03f0f87a7354355468944e7f8840d5d2d83c344fdbf4a5d3bf6,04d5fc3bd443007507b8d2e2ea870060397833a500615e3e35ce6358bbe17cdf,10
pytorch,3,115,45.049,1,1,0,c5ef909be6cda03f0f87a7354355468944e7f8840d5d2d83c344fdbf4a5d3bf6,04d5fc3bd443007507b8d2e2ea870060397833a500615e3e35ce6358bbe17cdf,10
pytorch,3,116,46.1389,1,1,0,c5ef909be6cda03f0f87a7354355468944e7f8840d5d2d83c344fdbf4a5d3bf6,04d5fc3bd443007507b8d2e2ea870060397833a500615e3e35ce6358bbe17cdf,10
pytorch,3,117,48.5467,1,1,0,c5ef909be6cda03f0f87a7354355468944e7f8840d5d2d83c344fdbf4a5d3bf6,04d5fc3bd443007507b8d2e2ea870060397833a500615e3e35ce6358bbe17cdf,10
pytorch,3,118,44.8542,1,1,0,c5ef909be6cda03f0f87a7354355468944e7f8840d5d2d83c344fdbf4a5d3bf6,04d5fc3bd443007507b8d2e2ea870060397833a500615e3e35ce6358bbe17cdf,10
pytorch,3,119,49.8673,1,1,0,c5ef909be6cda03f0f87a7354355468944e7f8840d5d2d83c344fdbf4a5d3bf6,04d5fc3bd443007507b8d2e2ea870060397833a500615e3e35ce6358bbe17cdf,10
pytorch,3,120,45.4377,1,1,0,c5ef909be6cda03f0f87a7354355468944e7f8840d5d2d83c344fdbf4a5d3bf6,04d5fc3bd443007507b8d2e2ea870060397833a500615e3e35ce6358bbe17cdf,10
pytorch,3,121,48.0663,1,1,0,c5ef909be6cda03f0f87a7354355468944e7f8840d5d2d83c344fdbf4a5d3bf6,04d5fc3bd443007507b8d2e2ea870060397833a500615e3e35ce6358bbe17cdf,10
pytorch,3,122,45.9766,1,1,0,c5ef909be6cda03f0f87a7354355468944e7f8840d5d2d83c344fdbf4a5d3bf6,04d5fc3bd443007507b8d2e2ea870060397833a500615e3e35ce6358bbe17cdf,10
pytorch,3,123,46.7969,1,1,0,c5ef909be6cda03f0f87a7354355468944e7f8840d5d2d83c344fdbf4a5d3bf6,04d5fc3bd443007507b8d2e2ea870060397833a500615e3e35ce6358bbe17cdf,10
pytorch,3,124,46.7942,1,1,0,c5ef909be6cda03f0f87a7354355468944e7f8840d5d2d83c344fdbf4a5d3bf6,04d5fc3bd443007507b8d2e2ea870060397833a500615e3e35ce6358bbe17cdf,10
pytorch,3,125,43.784,1,1,0,c5ef909be6cda03f0f87a7354355468944e7f8840d5d2d83c344fdbf4a5d3bf6,04d5fc3bd443007507b8d2e2ea870060397833a500615e3e35ce6358bbe17cdf,10
pytorch,3,126,47.4659,1,1,0,c5ef909be6cda03f0f87a7354355468944e7f8840d5d2d83c344fdbf4a5d3bf6,04d5fc3bd443007507b8d2e2ea870060397833a500615e3e35ce6358bbe17cdf,10
pytorch,3,127,49.4567,1,1,0,c5ef909be6cda03f0f87a7354355468944e7f8840d5d2d83c344fdbf4a5d3bf6,04d5fc3bd443007507b8d2e2ea870060397833a500615e3e35ce6358bbe17cdf,10
pytorch,3,128,48.3776,1,1,0,c5ef909be6cda03f0f87a7354355468944e7f8840d5d2d83c344fdbf4a5d3bf6,04d5fc3bd443007507b8d2e2ea870060397833a500615e3e35ce6358bbe17cdf,10
pytorch,3,129,65.86,1,1,0,c5ef909be6cda03f0f87a7354355468944e7f8840d5d2d83c344fdbf4a5d3bf6,04d5fc3bd443007507b8d2e2ea870060397833a500615e3e35ce6358bbe17cdf,10
pytorch,3,130,52.4639,1,1,0,c5ef909be6cda03f0f87a7354355468944e7f8840d5d2d83c344fdbf4a5d3bf6,04d5fc3bd443007507b8d2e2ea870060397833a500615e3e35ce6358bbe17cdf,10
pytorch,3,131,48.7367,1,1,0,c5ef909be6cda03f0f87a7354355468944e7f8840d5d2d83c344fdbf4a5d3bf6,04d5fc3bd443007507b8d2e2ea870060397833a500615e3e35ce6358bbe17cdf,10
pytorch,3,132,48.94,1,1,0,c5ef909be6cda03f0f87a7354355468944e7f8840d5d2d83c344fdbf4a5d3bf6,04d5fc3bd443007507b8d2e2ea870060397833a500615e3e35ce6358bbe17cdf,10
pytorch,3,133,46.6494,1,1,0,c5ef909be6cda03f0f87a7354355468944e7f8840d5d2d83c344fdbf4a5d3bf6,04d5fc3bd443007507b8d2e2ea870060397833a500615e3e35ce6358bbe17cdf,10
pytorch,3,134,50.103,1,1,0,c5ef909be6cda03f0f87a7354355468944e7f8840d5d2d83c344fdbf4a5d3bf6,04d5fc3bd443007507b8d2e2ea870060397833a500615e3e35ce6358bbe17cdf,10
pytorch,3,135,49.5879,1,1,0,c5ef909be6cda03f0f87a7354355468944e7f8840d5d2d83c344fdbf4a5d3bf6,04d5fc3bd443007507b8d2e2ea870060397833a500615e3e35ce6358bbe17cdf,10
pytorch,3,136,47.3956,1,1,0,c5ef909be6cda03f0f87a7354355468944e7f8840d5d2d83c344fdbf4a5d3bf6,04d5fc3bd443007507b8d2e2ea870060397833a500615e3e35ce6358bbe17cdf,10
pytorch,3,137,43.7465,1,1,0,c5ef909be6cda03f0f87a7354355468944e7f8840d5d2d83c344fdbf4a5d3bf6,04d5fc3bd443007507b8d2e2ea870060397833a500615e3e35ce6358bbe17cdf,10
pytorch,3,138,47.328,1,1,0,c5ef909be6cda03f0f87a7354355468944e7f8840d5d2d83c344fdbf4a5d3bf6,04d5fc3bd443007507b8d2e2ea870060397833a500615e3e35ce6358bbe17cdf,10
pytorch,3,139,44.7501,1,1,0,c5ef909be6cda03f0f87a7354355468944e7f8840d5d2d83c344fdbf4a5d3bf6,04d5fc3bd443007507b8d2e2ea870060397833a500615e3e35ce6358bbe17cdf,10
pytorch,3,140,46.3193,1,1,0,c5ef909be6cda03f0f87a7354355468944e7f8840d5d2d83c344fdbf4a5d3bf6,04d5fc3bd443007507b8d2e2ea870060397833a500615e3e35ce6358bbe17cdf,10
pytorch,3,141,42.8541,1,1,0,c5ef909be6cda03f0f87a7354355468944e7f8840d5d2d83c344fdbf4a5d3bf6,04d5fc3bd443007507b8d2e2ea870060397833a500615e3e35ce6358bbe17cdf,10
pytorch,3,142,43.7112,1,1,0,c5ef909be6cda03f0f87a7354355468944e7f8840d5d2d83c344fdbf4a5d3bf6,04d5fc3bd443007507b8d2e2ea870060397833a500615e3e35ce6358bbe17cdf,10
pytorch,3,143,44.4411,1,1,0,c5ef909be6cda03f0f87a7354355468944e7f8840d5d2d83c344fdbf4a5d3bf6,04d5fc3bd443007507b8d2e2ea870060397833a500615e3e35ce6358bbe17cdf,10
pytorch,3,144,45.0278,1,1,0,c5ef909be6cda03f0f87a7354355468944e7f8840d5d2d83c344fdbf4a5d3bf6,04d5fc3bd443007507b8d2e2ea870060397833a500615e3e35ce6358bbe17cdf,10
pytorch,3,145,45.0828,1,1,0,c5ef909be6cda03f0f87a7354355468944e7f8840d5d2d83c344fdbf4a5d3bf6,04d5fc3bd443007507b8d2e2ea870060397833a500615e3e35ce6358bbe17cdf,10
pytorch,3,146,44.4692,1,1,0,c5ef909be6cda03f0f87a7354355468944e7f8840d5d2d83c344fdbf4a5d3bf6,04d5fc3bd443007507b8d2e2ea870060397833a500615e3e35ce6358bbe17cdf,10
pytorch,3,147,47.2318,1,1,0,c5ef909be6cda03f0f87a7354355468944e7f8840d5d2d83c344fdbf4a5d3bf6,04d5fc3bd443007507b8d2e2ea870060397833a500615e3e35ce6358bbe17cdf,10
pytorch,3,148,43.0108,1,1,0,c5ef909be6cda03f0f87a7354355468944e7f8840d5d2d83c344fdbf4a5d3bf6,04d5fc3bd443007507b8d2e2ea870060397833a500615e3e35ce6358bbe17cdf,10
pytorch,3,149,45.1741,1,1,0,c5ef909be6cda03f0f87a7354355468944e7f8840d5d2d83c344fdbf4a5d3bf6,04d5fc3bd443007507b8d2e2ea870060397833a500615e3e35ce6358bbe17cdf,10
pytorch,3,150,46.659,1,1,0,c5ef909be6cda03f0f87a7354355468944e7f8840d5d2d83c344fdbf4a5d3bf6,04d5fc3bd443007507b8d2e2ea870060397833a500615e3e35ce6358bbe17cdf,10
pytorch,3,151,42.1662,1,1,0,c5ef909be6cda03f0f87a7354355468944e7f8840d5d2d83c344fdbf4a5d3bf6,04d5fc3bd443007507b8d2e2ea870060397833a500615e3e35ce6358bbe17cdf,10
pytorch,3,152,47.0785,1,1,0,c5ef909be6cda03f0f87a7354355468944e7f8840d5d2d83c344fdbf4a5d3bf6,04d5fc3bd443007507b8d2e2ea870060397833a500615e3e35ce6358bbe17cdf,10
pytorch,3,153,43.781,1,1,0,c5ef909be6cda03f0f87a7354355468944e7f8840d5d2d83c344fdbf4a5d3bf6,04d5fc3bd443007507b8d2e2ea870060397833a500615e3e35ce6358bbe17cdf,10
pytorch,3,154,46.8278,1,1,0,c5ef909be6cda03f0f87a7354355468944e7f8840d5d2d83c344fdbf4a5d3bf6,04d5fc3bd443007507b8d2e2ea870060397833a500615e3e35ce6358bbe17cdf,10
pytorch,3,155,45.9359,1,1,0,c5ef909be6cda03f0f87a7354355468944e7f8840d5d2d83c344fdbf4a5d3bf6,04d5fc3bd443007507b8d2e2ea870060397833a500615e3e35ce6358bbe17cdf,10
pytorch,3,156,46.431,1,1,0,c5ef909be6cda03f0f87a7354355468944e7f8840d5d2d83c344fdbf4a5d3bf6,04d5fc3bd443007507b8d2e2ea870060397833a500615e3e35ce6358bbe17cdf,10
pytorch,3,157,42.0093,1,1,0,c5ef909be6cda03f0f87a7354355468944e7f8840d5d2d83c344fdbf4a5d3bf6,04d5fc3bd443007507b8d2e2ea870060397833a500615e3e35ce6358bbe17cdf,10
pytorch,3,158,44.3125,1,1,0,c5ef909be6cda03f0f87a7354355468944e7f8840d5d2d83c344fdbf4a5d3bf6,04d5fc3bd443007507b8d2e2ea870060397833a500615e3e35ce6358bbe17cdf,10
pytorch,3,159,48.2912,1,1,0,c5ef909be6cda03f0f87a7354355468944e7f8840d5d2d83c344fdbf4a5d3bf6,04d5fc3bd443007507b8d2e2ea870060397833a500615e3e35ce6358bbe17cdf,10
pytorch,3,160,52.1872,1,1,0,c5ef909be6cda03f0f87a7354355468944e7f8840d5d2d83c344fdbf4a5d3bf6,04d5fc3bd443007507b8d2e2ea870060397833a500615e3e35ce6358bbe17cdf,10
pytorch,3,161,48.1972,1,1,0,c5ef909be6cda03f0f87a7354355468944e7f8840d5d2d83c344fdbf4a5d3bf6,04d5fc3bd443007507b8d2e2ea870060397833a500615e3e35ce6358bbe17cdf,10
pytorch,3,162,47.6483,1,1,0,c5ef909be6cda03f0f87a7354355468944e7f8840d5d2d83c344fdbf4a5d3bf6,04d5fc3bd443007507b8d2e2ea870060397833a500615e3e35ce6358bbe17cdf,10
pytorch,3,163,55.6409,1,1,0,c5ef909be6cda03f0f87a7354355468944e7f8840d5d2d83c344fdbf4a5d3bf6,04d5fc3bd443007507b8d2e2ea870060397833a500615e3e35ce6358bbe17cdf,10
pytorch,3,164,57.3605,1,1,0,c5ef909be6cda03f0f87a7354355468944e7f8840d5d2d83c344fdbf4a5d3bf6,04d5fc3bd443007507b8d2e2ea870060397833a500615e3e35ce6358bbe17cdf,10
pytorch,3,165,80.8956,1,1,0,c5ef909be6cda03f0f87a7354355468944e7f8840d5d2d83c344fdbf4a5d3bf6,04d5fc3bd443007507b8d2e2ea870060397833a500615e3e35ce6358bbe17cdf,10
pytorch,3,166,52.509,1,1,0,c5ef909be6cda03f0f87a7354355468944e7f8840d5d2d83c344fdbf4a5d3bf6,04d5fc3bd443007507b8d2e2ea870060397833a500615e3e35ce6358bbe17cdf,10
pytorch,3,167,46.4161,1,1,0,c5ef909be6cda03f0f87a7354355468944e7f8840d5d2d83c344fdbf4a5d3bf6,04d5fc3bd443007507b8d2e2ea870060397833a500615e3e35ce6358bbe17cdf,10
pytorch,3,168,45.9297,1,1,0,c5ef909be6cda03f0f87a7354355468944e7f8840d5d2d83c344fdbf4a5d3bf6,04d5fc3bd443007507b8d2e2ea870060397833a500615e3e35ce6358bbe17cdf,10
pytorch,3,169,47.5899,1,1,0,c5ef909be6cda03f0f87a7354355468944e7f8840d5d2d83c344fdbf4a5d3bf6,04d5fc3bd443007507b8d2e2ea870060397833a500615e3e35ce6358bbe17cdf,10
pytorch,3,170,50.8272,1,1,0,c5ef909be6cda03f0f87a7354355468944e7f8840d5d2d83c344fdbf4a5d3bf6,04d5fc3bd443007507b8d2e2ea870060397833a500615e3e35ce6358bbe17cdf,10
pytorch,3,171,43.9895,1,1,0,c5ef909be6cda03f0f87a7354355468944e7f8840d5d2d83c344fdbf4a5d3bf6,04d5fc3bd443007507b8d2e2ea870060397833a500615e3e35ce6358bbe17cdf,10
pytorch,3,172,46.5525,1,1,0,c5ef909be6cda03f0f87a7354355468944e7f8840d5d2d83c344fdbf4a5d3bf6,04d5fc3bd443007507b8d2e2ea870060397833a500615e3e35ce6358bbe17cdf,10
pytorch,3,173,44.8709,1,1,0,c5ef909be6cda03f0f87a7354355468944e7f8840d5d2d83c344fdbf4a5d3bf6,04d5fc3bd443007507b8d2e2ea870060397833a500615e3e35ce6358bbe17cdf,10
pytorch,3,174,44.4858,1,1,0,c5ef909be6cda03f0f87a7354355468944e7f8840d5d2d83c344fdbf4a5d3bf6,04d5fc3bd443007507b8d2e2ea870060397833a500615e3e35ce6358bbe17cdf,10
pytorch,3,175,48.9431,1,1,0,c5ef909be6cda03f0f87a7354355468944e7f8840d5d2d83c344fdbf4a5d3bf6,04d5fc3bd443007507b8d2e2ea870060397833a500615e3e35ce6358bbe17cdf,10
pytorch,3,176,43.4613,1,1,0,c5ef909be6cda03f0f87a7354355468944e7f8840d5d2d83c344fdbf4a5d3bf6,04d5fc3bd443007507b8d2e2ea870060397833a500615e3e35ce6358bbe17cdf,10
pytorch,3,177,49.108,1,1,0,c5ef909be6cda03f0f87a7354355468944e7f8840d5d2d83c344fdbf4a5d3bf6,04d5fc3bd443007507b8d2e2ea870060397833a500615e3e35ce6358bbe17cdf,10
pytorch,3,178,47.8279,1,1,0,c5ef909be6cda03f0f87a7354355468944e7f8840d5d2d83c344fdbf4a5d3bf6,04d5fc3bd443007507b8d2e2ea870060397833a500615e3e35ce6358bbe17cdf,10
pytorch,3,179,45.7496,1,1,0,c5ef909be6cda03f0f87a7354355468944e7f8840d5d2d83c344fdbf4a5d3bf6,04d5fc3bd443007507b8d2e2ea870060397833a500615e3e35ce6358bbe17cdf,10
pytorch,3,180,45.0007,1,1,0,c5ef909be6cda03f0f87a7354355468944e7f8840d5d2d83c344fdbf4a5d3bf6,04d5fc3bd443007507b8d2e2ea870060397833a500615e3e35ce6358bbe17cdf,10
pytorch,3,181,45.6865,1,1,0,c5ef909be6cda03f0f87a7354355468944e7f8840d5d2d83c344fdbf4a5d3bf6,04d5fc3bd443007507b8d2e2ea870060397833a500615e3e35ce6358bbe17cdf,10
pytorch,3,182,44.3906,1,1,0,c5ef909be6cda03f0f87a7354355468944e7f8840d5d2d83c344fdbf4a5d3bf6,04d5fc3bd443007507b8d2e2ea870060397833a500615e3e35ce6358bbe17cdf,10
pytorch,3,183,44.0064,1,1,0,c5ef909be6cda03f0f87a7354355468944e7f8840d5d2d83c344fdbf4a5d3bf6,04d5fc3bd443007507b8d2e2ea870060397833a500615e3e35ce6358bbe17cdf,10
pytorch,3,184,46.1224,1,1,0,c5ef909be6cda03f0f87a7354355468944e7f8840d5d2d83c344fdbf4a5d3bf6,04d5fc3bd443007507b8d2e2ea870060397833a500615e3e35ce6358bbe17cdf,10
pytorch,3,185,43.0623,1,1,0,c5ef909be6cda03f0f87a7354355468944e7f8840d5d2d83c344fdbf4a5d3bf6,04d5fc3bd443007507b8d2e2ea870060397833a500615e3e35ce6358bbe17cdf,10
pytorch,3,186,46.9572,1,1,0,c5ef909be6cda03f0f87a7354355468944e7f8840d5d2d83c344fdbf4a5d3bf6,04d5fc3bd443007507b8d2e2ea870060397833a500615e3e35ce6358bbe17cdf,10
pytorch,3,187,43.6385,1,1,0,c5ef909be6cda03f0f87a7354355468944e7f8840d5d2d83c344fdbf4a5d3bf6,04d5fc3bd443007507b8d2e2ea870060397833a500615e3e35ce6358bbe17cdf,10
pytorch,3,188,45.8192,1,1,0,c5ef909be6cda03f0f87a7354355468944e7f8840d5d2d83c344fdbf4a5d3bf6,04d5fc3bd443007507b8d2e2ea870060397833a500615e3e35ce6358bbe17cdf,10
pytorch,3,189,44.4437,1,1,0,c5ef909be6cda03f0f87a7354355468944e7f8840d5d2d83c344fdbf4a5d3bf6,04d5fc3bd443007507b8d2e2ea870060397833a500615e3e35ce6358bbe17cdf,10
pytorch,3,190,47.5734,1,1,0,c5ef909be6cda03f0f87a7354355468944e7f8840d5d2d83c344fdbf4a5d3bf6,04d5fc3bd443007507b8d2e2ea870060397833a500615e3e35ce6358bbe17cdf,10
pytorch,3,191,43.1427,1,1,0,c5ef909be6cda03f0f87a7354355468944e7f8840d5d2d83c344fdbf4a5d3bf6,04d5fc3bd443007507b8d2e2ea870060397833a500615e3e35ce6358bbe17cdf,10
pytorch,3,192,45.9347,1,1,0,c5ef909be6cda03f0f87a7354355468944e7f8840d5d2d83c344fdbf4a5d3bf6,04d5fc3bd443007507b8d2e2ea870060397833a500615e3e35ce6358bbe17cdf,10
pytorch,3,193,49.4873,1,1,0,c5ef909be6cda03f0f87a7354355468944e7f8840d5d2d83c344fdbf4a5d3bf6,04d5fc3bd443007507b8d2e2ea870060397833a500615e3e35ce6358bbe17cdf,10
pytorch,3,194,45.0788,1,1,0,c5ef909be6cda03f0f87a7354355468944e7f8840d5d2d83c344fdbf4a5d3bf6,04d5fc3bd443007507b8d2e2ea870060397833a500615e3e35ce6358bbe17cdf,10
pytorch,3,195,48.1094,1,1,0,c5ef909be6cda03f0f87a7354355468944e7f8840d5d2d83c344fdbf4a5d3bf6,04d5fc3bd443007507b8d2e2ea870060397833a500615e3e35ce6358bbe17cdf,10
pytorch,3,196,44.1784,1,1,0,c5ef909be6cda03f0f87a7354355468944e7f8840d5d2d83c344fdbf4a5d3bf6,04d5fc3bd443007507b8d2e2ea870060397833a500615e3e35ce6358bbe17cdf,10
pytorch,3,197,47.6986,1,1,0,c5ef909be6cda03f0f87a7354355468944e7f8840d5d2d83c344fdbf4a5d3bf6,04d5fc3bd443007507b8d2e2ea870060397833a500615e3e35ce6358bbe17cdf,10
pytorch,3,198,44.3716,1,1,0,c5ef909be6cda03f0f87a7354355468944e7f8840d5d2d83c344fdbf4a5d3bf6,04d5fc3bd443007507b8d2e2ea870060397833a500615e3e35ce6358bbe17cdf,10
pytorch,3,199,45.8446,1,1,0,c5ef909be6cda03f0f87a7354355468944e7f8840d5d2d83c344fdbf4a5d3bf6,04d5fc3bd443007507b8d2e2ea870060397833a500615e3e35ce6358bbe17cdf,10
pytorch,3,200,44.9089,1,1,0,c5ef909be6cda03f0f87a7354355468944e7f8840d5d2d83c344fdbf4a5d3bf6,04d5fc3bd443007507b8d2e2ea870060397833a500615e3e35ce6358bbe17cdf,10
pytorch,3,201,47.0856,1,1,0,c5ef909be6cda03f0f87a7354355468944e7f8840d5d2d83c344fdbf4a5d3bf6,04d5fc3bd443007507b8d2e2ea870060397833a500615e3e35ce6358bbe17cdf,10
pytorch,3,202,49.2517,1,1,0,c5ef909be6cda03f0f87a7354355468944e7f8840d5d2d83c344fdbf4a5d3bf6,04d5fc3bd443007507b8d2e2ea870060397833a500615e3e35ce6358bbe17cdf,10
pytorch,3,203,49.1217,1,1,0,c5ef909be6cda03f0f87a7354355468944e7f8840d5d2d83c344fdbf4a5d3bf6,04d5fc3bd443007507b8d2e2ea870060397833a500615e3e35ce6358bbe17cdf,10
pytorch,3,204,46.9708,1,1,0,c5ef909be6cda03f0f87a7354355468944e7f8840d5d2d83c344fdbf4a5d3bf6,04d5fc3bd443007507b8d2e2ea870060397833a500615e3e35ce6358bbe17cdf,10
pytorch,3,205,43.2976,1,1,0,c5ef909be6cda03f0f87a7354355468944e7f8840d5d2d83c344fdbf4a5d3bf6,04d5fc3bd443007507b8d2e2ea870060397833a500615e3e35ce6358bbe17cdf,10
pytorch,3,206,47.7134,1,1,0,c5ef909be6cda03f0f87a7354355468944e7f8840d5d2d83c344fdbf4a5d3bf6,04d5fc3bd443007507b8d2e2ea870060397833a500615e3e35ce6358bbe17cdf,10
pytorch,3,207,43.6152,1,1,0,c5ef909be6cda03f0f87a7354355468944e7f8840d5d2d83c344fdbf4a5d3bf6,04d5fc3bd443007507b8d2e2ea870060397833a500615e3e35ce6358bbe17cdf,10
pytorch,3,208,52.4289,1,1,0,c5ef909be6cda03f0f87a7354355468944e7f8840d5d2d83c344fdbf4a5d3bf6,04d5fc3bd443007507b8d2e2ea870060397833a500615e3e35ce6358bbe17cdf,10
pytorch,3,209,47.4798,1,1,0,c5ef909be6cda03f0f87a7354355468944e7f8840d5d2d83c344fdbf4a5d3bf6,04d5fc3bd443007507b8d2e2ea870060397833a500615e3e35ce6358bbe17cdf,10
pytorch,3,210,50.3028,1,1,0,c5ef909be6cda03f0f87a7354355468944e7f8840d5d2d83c344fdbf4a5d3bf6,04d5fc3bd443007507b8d2e2ea870060397833a500615e3e35ce6358bbe17cdf,10
pytorch,3,211,51.4969,1,1,0,c5ef909be6cda03f0f87a7354355468944e7f8840d5d2d83c344fdbf4a5d3bf6,04d5fc3bd443007507b8d2e2ea870060397833a500615e3e35ce6358bbe17cdf,10
pytorch,3,212,55.8331,1,1,0,c5ef909be6cda03f0f87a7354355468944e7f8840d5d2d83c344fdbf4a5d3bf6,04d5fc3bd443007507b8d2e2ea870060397833a500615e3e35ce6358bbe17cdf,10
pytorch,3,213,48.6904,1,1,0,c5ef909be6cda03f0f87a7354355468944e7f8840d5d2d83c344fdbf4a5d3bf6,04d5fc3bd443007507b8d2e2ea870060397833a500615e3e35ce6358bbe17cdf,10
pytorch,3,214,48.462,1,1,0,c5ef909be6cda03f0f87a7354355468944e7f8840d5d2d83c344fdbf4a5d3bf6,04d5fc3bd443007507b8d2e2ea870060397833a500615e3e35ce6358bbe17cdf,10
pytorch,3,215,51.712,1,1,0,c5ef909be6cda03f0f87a7354355468944e7f8840d5d2d83c344fdbf4a5d3bf6,04d5fc3bd443007507b8d2e2ea870060397833a500615e3e35ce6358bbe17cdf,10
pytorch,3,216,47.1173,1,1,0,c5ef909be6cda03f0f87a7354355468944e7f8840d5d2d83c344fdbf4a5d3bf6,04d5fc3bd443007507b8d2e2ea870060397833a500615e3e35ce6358bbe17cdf,10
pytorch,3,217,51.2242,1,1,0,c5ef909be6cda03f0f87a7354355468944e7f8840d5d2d83c344fdbf4a5d3bf6,04d5fc3bd443007507b8d2e2ea870060397833a500615e3e35ce6358bbe17cdf,10
pytorch,3,218,48.5206,1,1,0,c5ef909be6cda03f0f87a7354355468944e7f8840d5d2d83c344fdbf4a5d3bf6,04d5fc3bd443007507b8d2e2ea870060397833a500615e3e35ce6358bbe17cdf,10
pytorch,3,219,50.5195,1,1,0,c5ef909be6cda03f0f87a7354355468944e7f8840d5d2d83c344fdbf4a5d3bf6,04d5fc3bd443007507b8d2e2ea870060397833a500615e3e35ce6358bbe17cdf,10
pytorch,3,220,48.368,1,1,0,c5ef909be6cda03f0f87a7354355468944e7f8840d5d2d83c344fdbf4a5d3bf6,04d5fc3bd443007507b8d2e2ea870060397833a500615e3e35ce6358bbe17cdf,10
pytorch,3,221,48.8858,1,1,0,c5ef909be6cda03f0f87a7354355468944e7f8840d5d2d83c344fdbf4a5d3bf6,04d5fc3bd443007507b8d2e2ea870060397833a500615e3e35ce6358bbe17cdf,10
pytorch,3,222,53.873,1,1,0,c5ef909be6cda03f0f87a7354355468944e7f8840d5d2d83c344fdbf4a5d3bf6,04d5fc3bd443007507b8d2e2ea870060397833a500615e3e35ce6358bbe17cdf,10
pytorch,3,223,52.4476,1,1,0,c5ef909be6cda03f0f87a7354355468944e7f8840d5d2d83c344fdbf4a5d3bf6,04d5fc3bd443007507b8d2e2ea870060397833a500615e3e35ce6358bbe17cdf,10
pytorch,3,224,47.1224,1,1,0,c5ef909be6cda03f0f87a7354355468944e7f8840d5d2d83c344fdbf4a5d3bf6,04d5fc3bd443007507b8d2e2ea870060397833a500615e3e35ce6358bbe17cdf,10
pytorch,3,225,50.6338,1,1,0,c5ef909be6cda03f0f87a7354355468944e7f8840d5d2d83c344fdbf4a5d3bf6,04d5fc3bd443007507b8d2e2ea870060397833a500615e3e35ce6358bbe17cdf,10
pytorch,3,226,43.6484,1,1,0,c5ef909be6cda03f0f87a7354355468944e7f8840d5d2d83c344fdbf4a5d3bf6,04d5fc3bd443007507b8d2e2ea870060397833a500615e3e35ce6358bbe17cdf,10
pytorch,3,227,47.5046,1,1,0,c5ef909be6cda03f0f87a7354355468944e7f8840d5d2d83c344fdbf4a5d3bf6,04d5fc3bd443007507b8d2e2ea870060397833a500615e3e35ce6358bbe17cdf,10
pytorch,3,228,43.5571,1,1,0,c5ef909be6cda03f0f87a7354355468944e7f8840d5d2d83c344fdbf4a5d3bf6,04d5fc3bd443007507b8d2e2ea870060397833a500615e3e35ce6358bbe17cdf,10
pytorch,3,229,47.3014,1,1,0,c5ef909be6cda03f0f87a7354355468944e7f8840d5d2d83c344fdbf4a5d3bf6,04d5fc3bd443007507b8d2e2ea870060397833a500615e3e35ce6358bbe17cdf,10
pytorch,3,230,51.1167,1,1,0,c5ef909be6cda03f0f87a7354355468944e7f8840d5d2d83c344fdbf4a5d3bf6,04d5fc3bd443007507b8d2e2ea870060397833a500615e3e35ce6358bbe17cdf,10
pytorch,3,231,45.2988,1,1,0,c5ef909be6cda03f0f87a7354355468944e7f8840d5d2d83c344fdbf4a5d3bf6,04d5fc3bd443007507b8d2e2ea870060397833a500615e3e35ce6358bbe17cdf,10
pytorch,3,232,49.6784,1,1,0,c5ef909be6cda03f0f87a7354355468944e7f8840d5d2d83c344fdbf4a5d3bf6,04d5fc3bd443007507b8d2e2ea870060397833a500615e3e35ce6358bbe17cdf,10
pytorch,3,233,46.8545,1,1,0,c5ef909be6cda03f0f87a7354355468944e7f8840d5d2d83c344fdbf4a5d3bf6,04d5fc3bd443007507b8d2e2ea870060397833a500615e3e35ce6358bbe17cdf,10
pytorch,3,234,45.485,1,1,0,c5ef909be6cda03f0f87a7354355468944e7f8840d5d2d83c344fdbf4a5d3bf6,04d5fc3bd443007507b8d2e2ea870060397833a500615e3e35ce6358bbe17cdf,10
pytorch,3,235,43.6234,1,1,0,c5ef909be6cda03f0f87a7354355468944e7f8840d5d2d83c344fdbf4a5d3bf6,04d5fc3bd443007507b8d2e2ea870060397833a500615e3e35ce6358bbe17cdf,10
pytorch,3,236,48.7626,1,1,0,c5ef909be6cda03f0f87a7354355468944e7f8840d5d2d83c344fdbf4a5d3bf6,04d5fc3bd443007507b8d2e2ea870060397833a500615e3e35ce6358bbe17cdf,10
pytorch,3,237,43.6315,1,1,0,c5ef909be6cda03f0f87a7354355468944e7f8840d5d2d83c344fdbf4a5d3bf6,04d5fc3bd443007507b8d2e2ea870060397833a500615e3e35ce6358bbe17cdf,10
pytorch,3,238,44.2667,1,1,0,c5ef909be6cda03f0f87a7354355468944e7f8840d5d2d83c344fdbf4a5d3bf6,04d5fc3bd443007507b8d2e2ea870060397833a500615e3e35ce6358bbe17cdf,10
pytorch,3,239,46.4422,1,1,0,c5ef909be6cda03f0f87a7354355468944e7f8840d5d2d83c344fdbf4a5d3bf6,04d5fc3bd443007507b8d2e2ea870060397833a500615e3e35ce6358bbe17cdf,10
pytorch,3,240,48.9019,1,1,0,c5ef909be6cda03f0f87a7354355468944e7f8840d5d2d83c344fdbf4a5d3bf6,04d5fc3bd443007507b8d2e2ea870060397833a500615e3e35ce6358bbe17cdf,10
pytorch,3,241,46.212,1,1,0,c5ef909be6cda03f0f87a7354355468944e7f8840d5d2d83c344fdbf4a5d3bf6,04d5fc3bd443007507b8d2e2ea870060397833a500615e3e35ce6358bbe17cdf,10
pytorch,3,242,42.3005,1,1,0,c5ef909be6cda03f0f87a7354355468944e7f8840d5d2d83c344fdbf4a5d3bf6,04d5fc3bd443007507b8d2e2ea870060397833a500615e3e35ce6358bbe17cdf,10
pytorch,3,243,44.5897,1,1,0,c5ef909be6cda03f0f87a7354355468944e7f8840d5d2d83c344fdbf4a5d3bf6,04d5fc3bd443007507b8d2e2ea870060397833a500615e3e35ce6358bbe17cdf,10
pytorch,3,244,49.4959,1,1,0,c5ef909be6cda03f0f87a7354355468944e7f8840d5d2d83c344fdbf4a5d3bf6,04d5fc3bd443007507b8d2e2ea870060397833a500615e3e35ce6358bbe17cdf,10
pytorch,3,245,44.27,1,1,0,c5ef909be6cda03f0f87a7354355468944e7f8840d5d2d83c344fdbf4a5d3bf6,04d5fc3bd443007507b8d2e2ea870060397833a500615e3e35ce6358bbe17cdf,10
pytorch,3,246,45.5995,1,1,0,c5ef909be6cda03f0f87a7354355468944e7f8840d5d2d83c344fdbf4a5d3bf6,04d5fc3bd443007507b8d2e2ea870060397833a500615e3e35ce6358bbe17cdf,10
pytorch,3,247,47.9726,1,1,0,c5ef909be6cda03f0f87a7354355468944e7f8840d5d2d83c344fdbf4a5d3bf6,04d5fc3bd443007507b8d2e2ea870060397833a500615e3e35ce6358bbe17cdf,10
pytorch,3,248,45.351,1,1,0,c5ef909be6cda03f0f87a7354355468944e7f8840d5d2d83c344fdbf4a5d3bf6,04d5fc3bd443007507b8d2e2ea870060397833a500615e3e35ce6358bbe17cdf,10
pytorch,3,249,43.5892,1,1,0,c5ef909be6cda03f0f87a7354355468944e7f8840d5d2d83c344fdbf4a5d3bf6,04d5fc3bd443007507b8d2e2ea870060397833a500615e3e35ce6358bbe17cdf,10
pytorch,3,250,45.3549,1,1,0,c5ef909be6cda03f0f87a7354355468944e7f8840d5d2d83c344fdbf4a5d3bf6,04d5fc3bd443007507b8d2e2ea870060397833a500615e3e35ce6358bbe17cdf,10
pytorch,3,251,46.2801,1,1,0,c5ef909be6cda03f0f87a7354355468944e7f8840d5d2d83c344fdbf4a5d3bf6,04d5fc3bd443007507b8d2e2ea870060397833a500615e3e35ce6358bbe17cdf,10
pytorch,3,252,46.5248,1,1,0,c5ef909be6cda03f0f87a7354355468944e7f8840d5d2d83c344fdbf4a5d3bf6,04d5fc3bd443007507b8d2e2ea870060397833a500615e3e35ce6358bbe17cdf,10
pytorch,3,253,46.4753,1,1,0,c5ef909be6cda03f0f87a7354355468944e7f8840d5d2d83c344fdbf4a5d3bf6,04d5fc3bd443007507b8d2e2ea870060397833a500615e3e35ce6358bbe17cdf,10
pytorch,3,254,41.8013,1,1,0,c5ef909be6cda03f0f87a7354355468944e7f8840d5d2d83c344fdbf4a5d3bf6,04d5fc3bd443007507b8d2e2ea870060397833a500615e3e35ce6358bbe17cdf,10
pytorch,3,255,46.7739,1,1,0,c5ef909be6cda03f0f87a7354355468944e7f8840d5d2d83c344fdbf4a5d3bf6,04d5fc3bd443007507b8d2e2ea870060397833a500615e3e35ce6358bbe17cdf,10
pytorch,3,256,43.5825,1,1,0,c5ef909be6cda03f0f87a7354355468944e7f8840d5d2d83c344fdbf4a5d3bf6,04d5fc3bd443007507b8d2e2ea870060397833a500615e3e35ce6358bbe17cdf,10
pytorch,3,257,47.2915,1,1,0,c5ef909be6cda03f0f87a7354355468944e7f8840d5d2d83c344fdbf4a5d3bf6,04d5fc3bd443007507b8d2e2ea870060397833a500615e3e35ce6358bbe17cdf,10
pytorch,3,258,43.7722,1,1,0,c5ef909be6cda03f0f87a7354355468944e7f8840d5d2d83c344fdbf4a5d3bf6,04d5fc3bd443007507b8d2e2ea870060397833a500615e3e35ce6358bbe17cdf,10
pytorch,3,259,49.3119,1,1,0,c5ef909be6cda03f0f87a7354355468944e7f8840d5d2d83c344fdbf4a5d3bf6,04d5fc3bd443007507b8d2e2ea870060397833a500615e3e35ce6358bbe17cdf,10
pytorch,3,260,41.993,1,1,0,c5ef909be6cda03f0f87a7354355468944e7f8840d5d2d83c344fdbf4a5d3bf6,04d5fc3bd443007507b8d2e2ea870060397833a500615e3e35ce6358bbe17cdf,10
pytorch,3,261,47.9138,1,1,0,c5ef909be6cda03f0f87a7354355468944e7f8840d5d2d83c344fdbf4a5d3bf6,04d5fc3bd443007507b8d2e2ea870060397833a500615e3e35ce6358bbe17cdf,10
pytorch,3,262,45.3549,1,1,0,c5ef909be6cda03f0f87a7354355468944e7f8840d5d2d83c344fdbf4a5d3bf6,04d5fc3bd443007507b8d2e2ea870060397833a500615e3e35ce6358bbe17cdf,10
pytorch,3,263,44.1478,1,1,0,c5ef909be6cda03f0f87a7354355468944e7f8840d5d2d83c344fdbf4a5d3bf6,04d5fc3bd443007507b8d2e2ea870060397833a500615e3e35ce6358bbe17cdf,10
pytorch,3,264,49.5228,1,1,0,c5ef909be6cda03f0f87a7354355468944e7f8840d5d2d83c344fdbf4a5d3bf6,04d5fc3bd443007507b8d2e2ea870060397833a500615e3e35ce6358bbe17cdf,10
pytorch,3,265,42.9782,1,1,0,c5ef909be6cda03f0f87a7354355468944e7f8840d5d2d83c344fdbf4a5d3bf6,04d5fc3bd443007507b8d2e2ea870060397833a500615e3e35ce6358bbe17cdf,10
pytorch,3,266,48.0978,1,1,0,c5ef909be6cda03f0f87a7354355468944e7f8840d5d2d83c344fdbf4a5d3bf6,04d5fc3bd443007507b8d2e2ea870060397833a500615e3e35ce6358bbe17cdf,10
pytorch,3,267,45.657,1,1,0,c5ef909be6cda03f0f87a7354355468944e7f8840d5d2d83c344fdbf4a5d3bf6,04d5fc3bd443007507b8d2e2ea870060397833a500615e3e35ce6358bbe17cdf,10
pytorch,3,268,46.4327,1,1,0,c5ef909be6cda03f0f87a7354355468944e7f8840d5d2d83c344fdbf4a5d3bf6,04d5fc3bd443007507b8d2e2ea870060397833a500615e3e35ce6358bbe17cdf,10
pytorch,3,269,45.0001,1,1,0,c5ef909be6cda03f0f87a7354355468944e7f8840d5d2d83c344fdbf4a5d3bf6,04d5fc3bd443007507b8d2e2ea870060397833a500615e3e35ce6358bbe17cdf,10
pytorch,3,270,46.506,1,1,0,c5ef909be6cda03f0f87a7354355468944e7f8840d5d2d83c344fdbf4a5d3bf6,04d5fc3bd443007507b8d2e2ea870060397833a500615e3e35ce6358bbe17cdf,10
pytorch,3,271,44.6784,1,1,0,c5ef909be6cda03f0f87a7354355468944e7f8840d5d2d83c344fdbf4a5d3bf6,04d5fc3bd443007507b8d2e2ea870060397833a500615e3e35ce6358bbe17cdf,10
pytorch,3,272,48.8497,1,1,0,c5ef909be6cda03f0f87a7354355468944e7f8840d5d2d83c344fdbf4a5d3bf6,04d5fc3bd443007507b8d2e2ea870060397833a500615e3e35ce6358bbe17cdf,10
pytorch,3,273,41.5793,1,1,0,c5ef909be6cda03f0f87a7354355468944e7f8840d5d2d83c344fdbf4a5d3bf6,04d5fc3bd443007507b8d2e2ea870060397833a500615e3e35ce6358bbe17cdf,10
pytorch,3,274,43.8396,1,1,0,c5ef909be6cda03f0f87a7354355468944e7f8840d5d2d83c344fdbf4a5d3bf6,04d5fc3bd443007507b8d2e2ea870060397833a500615e3e35ce6358bbe17cdf,10
pytorch,3,275,47.4534,1,1,0,c5ef909be6cda03f0f87a7354355468944e7f8840d5d2d83c344fdbf4a5d3bf6,04d5fc3bd443007507b8d2e2ea870060397833a500615e3e35ce6358bbe17cdf,10
pytorch,3,276,44.2337,1,1,0,c5ef909be6cda03f0f87a7354355468944e7f8840d5d2d83c344fdbf4a5d3bf6,04d5fc3bd443007507b8d2e2ea870060397833a500615e3e35ce6358bbe17cdf,10
pytorch,3,277,48.0145,1,1,0,c5ef909be6cda03f0f87a7354355468944e7f8840d5d2d83c344fdbf4a5d3bf6,04d5fc3bd443007507b8d2e2ea870060397833a500615e3e35ce6358bbe17cdf,10
pytorch,3,278,45.7867,1,1,0,c5ef909be6cda03f0f87a7354355468944e7f8840d5d2d83c344fdbf4a5d3bf6,04d5fc3bd443007507b8d2e2ea870060397833a500615e3e35ce6358bbe17cdf,10
pytorch,3,279,50.6013,1,1,0,c5ef909be6cda03f0f87a7354355468944e7f8840d5d2d83c344fdbf4a5d3bf6,04d5fc3bd443007507b8d2e2ea870060397833a500615e3e35ce6358bbe17cdf,10
pytorch,3,280,45.9365,1,1,0,c5ef909be6cda03f0f87a7354355468944e7f8840d5d2d83c344fdbf4a5d3bf6,04d5fc3bd443007507b8d2e2ea870060397833a500615e3e35ce6358bbe17cdf,10
pytorch,3,281,43.9176,1,1,0,c5ef909be6cda03f0f87a7354355468944e7f8840d5d2d83c344fdbf4a5d3bf6,04d5fc3bd443007507b8d2e2ea870060397833a500615e3e35ce6358bbe17cdf,10
pytorch,3,282,46.3399,1,1,0,c5ef909be6cda03f0f87a7354355468944e7f8840d5d2d83c344fdbf4a5d3bf6,04d5fc3bd443007507b8d2e2ea870060397833a500615e3e35ce6358bbe17cdf,10
pytorch,3,283,46.8757,1,1,0,c5ef909be6cda03f0f87a7354355468944e7f8840d5d2d83c344fdbf4a5d3bf6,04d5fc3bd443007507b8d2e2ea870060397833a500615e3e35ce6358bbe17cdf,10
pytorch,3,284,47.9313,1,1,0,c5ef909be6cda03f0f87a7354355468944e7f8840d5d2d83c344fdbf4a5d3bf6,04d5fc3bd443007507b8d2e2ea870060397833a500615e3e35ce6358bbe17cdf,10
pytorch,3,285,45.841,1,1,0,c5ef909be6cda03f0f87a7354355468944e7f8840d5d2d83c344fdbf4a5d3bf6,04d5fc3bd443007507b8d2e2ea870060397833a500615e3e35ce6358bbe17cdf,10
pytorch,3,286,44.9497,1,1,0,c5ef909be6cda03f0f87a7354355468944e7f8840d5d2d83c344fdbf4a5d3bf6,04d5fc3bd443007507b8d2e2ea870060397833a500615e3e35ce6358bbe17cdf,10
pytorch,3,287,45.5823,1,1,0,c5ef909be6cda03f0f87a7354355468944e7f8840d5d2d83c344fdbf4a5d3bf6,04d5fc3bd443007507b8d2e2ea870060397833a500615e3e35ce6358bbe17cdf,10
pytorch,3,288,45.3324,1,1,0,c5ef909be6cda03f0f87a7354355468944e7f8840d5d2d83c344fdbf4a5d3bf6,04d5fc3bd443007507b8d2e2ea870060397833a500615e3e35ce6358bbe17cdf,10
pytorch,3,289,42.8501,1,1,0,c5ef909be6cda03f0f87a7354355468944e7f8840d5d2d83c344fdbf4a5d3bf6,04d5fc3bd443007507b8d2e2ea870060397833a500615e3e35ce6358bbe17cdf,10
pytorch,3,290,47.9482,1,1,0,c5ef909be6cda03f0f87a7354355468944e7f8840d5d2d83c344fdbf4a5d3bf6,04d5fc3bd443007507b8d2e2ea870060397833a500615e3e35ce6358bbe17cdf,10
pytorch,3,291,44.845,1,1,0,c5ef909be6cda03f0f87a7354355468944e7f8840d5d2d83c344fdbf4a5d3bf6,04d5fc3bd443007507b8d2e2ea870060397833a500615e3e35ce6358bbe17cdf,10
pytorch,3,292,45.2389,1,1,0,c5ef909be6cda03f0f87a7354355468944e7f8840d5d2d83c344fdbf4a5d3bf6,04d5fc3bd443007507b8d2e2ea870060397833a500615e3e35ce6358bbe17cdf,10
pytorch,3,293,49.8214,1,1,0,c5ef909be6cda03f0f87a7354355468944e7f8840d5d2d83c344fdbf4a5d3bf6,04d5fc3bd443007507b8d2e2ea870060397833a500615e3e35ce6358bbe17cdf,10
pytorch,3,294,42.1869,1,1,0,c5ef909be6cda03f0f87a7354355468944e7f8840d5d2d83c344fdbf4a5d3bf6,04d5fc3bd443007507b8d2e2ea870060397833a500615e3e35ce6358bbe17cdf,10
pytorch,3,295,48.1875,1,1,0,c5ef909be6cda03f0f87a7354355468944e7f8840d5d2d83c344fdbf4a5d3bf6,04d5fc3bd443007507b8d2e2ea870060397833a500615e3e35ce6358bbe17cdf,10
pytorch,3,296,45.2514,1,1,0,c5ef909be6cda03f0f87a7354355468944e7f8840d5d2d83c344fdbf4a5d3bf6,04d5fc3bd443007507b8d2e2ea870060397833a500615e3e35ce6358bbe17cdf,10
pytorch,3,297,47.648,1,1,0,c5ef909be6cda03f0f87a7354355468944e7f8840d5d2d83c344fdbf4a5d3bf6,04d5fc3bd443007507b8d2e2ea870060397833a500615e3e35ce6358bbe17cdf,10
pytorch,3,298,44.6318,1,1,0,c5ef909be6cda03f0f87a7354355468944e7f8840d5d2d83c344fdbf4a5d3bf6,04d5fc3bd443007507b8d2e2ea870060397833a500615e3e35ce6358bbe17cdf,10
pytorch,3,299,45.7034,1,1,0,c5ef909be6cda03f0f87a7354355468944e7f8840d5d2d83c344fdbf4a5d3bf6,04d5fc3bd443007507b8d2e2ea870060397833a500615e3e35ce6358bbe17cdf,10
ort_cpp,2,0,30.277,1,1,0,c5ef909be6cda03f0f87a7354355468944e7f8840d5d2d83c344fdbf4a5d3bf6,04d5fc3bd443007507b8d2e2ea870060397833a500615e3e35ce6358bbe17cdf,11
ort_cpp,2,1,29.825,1,1,0,c5ef909be6cda03f0f87a7354355468944e7f8840d5d2d83c344fdbf4a5d3bf6,04d5fc3bd443007507b8d2e2ea870060397833a500615e3e35ce6358bbe17cdf,11
ort_cpp,2,2,29.872,1,1,0,c5ef909be6cda03f0f87a7354355468944e7f8840d5d2d83c344fdbf4a5d3bf6,04d5fc3bd443007507b8d2e2ea870060397833a500615e3e35ce6358bbe17cdf,11
ort_cpp,2,3,31.605,1,1,0,c5ef909be6cda03f0f87a7354355468944e7f8840d5d2d83c344fdbf4a5d3bf6,04d5fc3bd443007507b8d2e2ea870060397833a500615e3e35ce6358bbe17cdf,11
ort_cpp,2,4,28.279,1,1,0,c5ef909be6cda03f0f87a7354355468944e7f8840d5d2d83c344fdbf4a5d3bf6,04d5fc3bd443007507b8d2e2ea870060397833a500615e3e35ce6358bbe17cdf,11
ort_cpp,2,5,30.648,1,1,0,c5ef909be6cda03f0f87a7354355468944e7f8840d5d2d83c344fdbf4a5d3bf6,04d5fc3bd443007507b8d2e2ea870060397833a500615e3e35ce6358bbe17cdf,11
ort_cpp,2,6,30.837,1,1,0,c5ef909be6cda03f0f87a7354355468944e7f8840d5d2d83c344fdbf4a5d3bf6,04d5fc3bd443007507b8d2e2ea870060397833a500615e3e35ce6358bbe17cdf,11
ort_cpp,2,7,29.655,1,1,0,c5ef909be6cda03f0f87a7354355468944e7f8840d5d2d83c344fdbf4a5d3bf6,04d5fc3bd443007507b8d2e2ea870060397833a500615e3e35ce6358bbe17cdf,11
ort_cpp,2,8,29.693,1,1,0,c5ef909be6cda03f0f87a7354355468944e7f8840d5d2d83c344fdbf4a5d3bf6,04d5fc3bd443007507b8d2e2ea870060397833a500615e3e35ce6358bbe17cdf,11
ort_cpp,2,9,31.996,1,1,0,c5ef909be6cda03f0f87a7354355468944e7f8840d5d2d83c344fdbf4a5d3bf6,04d5fc3bd443007507b8d2e2ea870060397833a500615e3e35ce6358bbe17cdf,11
ort_cpp,2,10,29.892,1,1,0,c5ef909be6cda03f0f87a7354355468944e7f8840d5d2d83c344fdbf4a5d3bf6,04d5fc3bd443007507b8d2e2ea870060397833a500615e3e35ce6358bbe17cdf,11
ort_cpp,2,11,28.246,1,1,0,c5ef909be6cda03f0f87a7354355468944e7f8840d5d2d83c344fdbf4a5d3bf6,04d5fc3bd443007507b8d2e2ea870060397833a500615e3e35ce6358bbe17cdf,11
ort_cpp,2,12,29.918,1,1,0,c5ef909be6cda03f0f87a7354355468944e7f8840d5d2d83c344fdbf4a5d3bf6,04d5fc3bd443007507b8d2e2ea870060397833a500615e3e35ce6358bbe17cdf,11
ort_cpp,2,13,29.962,1,1,0,c5ef909be6cda03f0f87a7354355468944e7f8840d5d2d83c344fdbf4a5d3bf6,04d5fc3bd443007507b8d2e2ea870060397833a500615e3e35ce6358bbe17cdf,11
ort_cpp,2,14,28.171,1,1,0,c5ef909be6cda03f0f87a7354355468944e7f8840d5d2d83c344fdbf4a5d3bf6,04d5fc3bd443007507b8d2e2ea870060397833a500615e3e35ce6358bbe17cdf,11
ort_cpp,2,15,27.036,1,1,0,c5ef909be6cda03f0f87a7354355468944e7f8840d5d2d83c344fdbf4a5d3bf6,04d5fc3bd443007507b8d2e2ea870060397833a500615e3e35ce6358bbe17cdf,11
ort_cpp,2,16,28.145,1,1,0,c5ef909be6cda03f0f87a7354355468944e7f8840d5d2d83c344fdbf4a5d3bf6,04d5fc3bd443007507b8d2e2ea870060397833a500615e3e35ce6358bbe17cdf,11
ort_cpp,2,17,29.421,1,1,0,c5ef909be6cda03f0f87a7354355468944e7f8840d5d2d83c344fdbf4a5d3bf6,04d5fc3bd443007507b8d2e2ea870060397833a500615e3e35ce6358bbe17cdf,11
ort_cpp,2,18,27.884,1,1,0,c5ef909be6cda03f0f87a7354355468944e7f8840d5d2d83c344fdbf4a5d3bf6,04d5fc3bd443007507b8d2e2ea870060397833a500615e3e35ce6358bbe17cdf,11
ort_cpp,2,19,27.561,1,1,0,c5ef909be6cda03f0f87a7354355468944e7f8840d5d2d83c344fdbf4a5d3bf6,04d5fc3bd443007507b8d2e2ea870060397833a500615e3e35ce6358bbe17cdf,11
ort_cpp,2,20,28.489,1,1,0,c5ef909be6cda03f0f87a7354355468944e7f8840d5d2d83c344fdbf4a5d3bf6,04d5fc3bd443007507b8d2e2ea870060397833a500615e3e35ce6358bbe17cdf,11
ort_cpp,2,21,27.378,1,1,0,c5ef909be6cda03f0f87a7354355468944e7f8840d5d2d83c344fdbf4a5d3bf6,04d5fc3bd443007507b8d2e2ea870060397833a500615e3e35ce6358bbe17cdf,11
ort_cpp,2,22,30.409,1,1,0,c5ef909be6cda03f0f87a7354355468944e7f8840d5d2d83c344fdbf4a5d3bf6,04d5fc3bd443007507b8d2e2ea870060397833a500615e3e35ce6358bbe17cdf,11
ort_cpp,2,23,28.673,1,1,0,c5ef909be6cda03f0f87a7354355468944e7f8840d5d2d83c344fdbf4a5d3bf6,04d5fc3bd443007507b8d2e2ea870060397833a500615e3e35ce6358bbe17cdf,11
ort_cpp,2,24,28.012,1,1,0,c5ef909be6cda03f0f87a7354355468944e7f8840d5d2d83c344fdbf4a5d3bf6,04d5fc3bd443007507b8d2e2ea870060397833a500615e3e35ce6358bbe17cdf,11
ort_cpp,2,25,31.052,1,1,0,c5ef909be6cda03f0f87a7354355468944e7f8840d5d2d83c344fdbf4a5d3bf6,04d5fc3bd443007507b8d2e2ea870060397833a500615e3e35ce6358bbe17cdf,11
ort_cpp,2,26,27.405,1,1,0,c5ef909be6cda03f0f87a7354355468944e7f8840d5d2d83c344fdbf4a5d3bf6,04d5fc3bd443007507b8d2e2ea870060397833a500615e3e35ce6358bbe17cdf,11
ort_cpp,2,27,27.934,1,1,0,c5ef909be6cda03f0f87a7354355468944e7f8840d5d2d83c344fdbf4a5d3bf6,04d5fc3bd443007507b8d2e2ea870060397833a500615e3e35ce6358bbe17cdf,11
ort_cpp,2,28,27.248,1,1,0,c5ef909be6cda03f0f87a7354355468944e7f8840d5d2d83c344fdbf4a5d3bf6,04d5fc3bd443007507b8d2e2ea870060397833a500615e3e35ce6358bbe17cdf,11
ort_cpp,2,29,28.481,1,1,0,c5ef909be6cda03f0f87a7354355468944e7f8840d5d2d83c344fdbf4a5d3bf6,04d5fc3bd443007507b8d2e2ea870060397833a500615e3e35ce6358bbe17cdf,11
ort_cpp,2,30,30.407,1,1,0,c5ef909be6cda03f0f87a7354355468944e7f8840d5d2d83c344fdbf4a5d3bf6,04d5fc3bd443007507b8d2e2ea870060397833a500615e3e35ce6358bbe17cdf,11
ort_cpp,2,31,31.32,1,1,0,c5ef909be6cda03f0f87a7354355468944e7f8840d5d2d83c344fdbf4a5d3bf6,04d5fc3bd443007507b8d2e2ea870060397833a500615e3e35ce6358bbe17cdf,11
ort_cpp,2,32,27.471,1,1,0,c5ef909be6cda03f0f87a7354355468944e7f8840d5d2d83c344fdbf4a5d3bf6,04d5fc3bd443007507b8d2e2ea870060397833a500615e3e35ce6358bbe17cdf,11
ort_cpp,2,33,29.589,1,1,0,c5ef909be6cda03f0f87a7354355468944e7f8840d5d2d83c344fdbf4a5d3bf6,04d5fc3bd443007507b8d2e2ea870060397833a500615e3e35ce6358bbe17cdf,11
ort_cpp,2,34,31.483,1,1,0,c5ef909be6cda03f0f87a7354355468944e7f8840d5d2d83c344fdbf4a5d3bf6,04d5fc3bd443007507b8d2e2ea870060397833a500615e3e35ce6358bbe17cdf,11
ort_cpp,2,35,30.154,1,1,0,c5ef909be6cda03f0f87a7354355468944e7f8840d5d2d83c344fdbf4a5d3bf6,04d5fc3bd443007507b8d2e2ea870060397833a500615e3e35ce6358bbe17cdf,11
ort_cpp,2,36,37.276,1,1,0,c5ef909be6cda03f0f87a7354355468944e7f8840d5d2d83c344fdbf4a5d3bf6,04d5fc3bd443007507b8d2e2ea870060397833a500615e3e35ce6358bbe17cdf,11
ort_cpp,2,37,30.816,1,1,0,c5ef909be6cda03f0f87a7354355468944e7f8840d5d2d83c344fdbf4a5d3bf6,04d5fc3bd443007507b8d2e2ea870060397833a500615e3e35ce6358bbe17cdf,11
ort_cpp,2,38,30.157,1,1,0,c5ef909be6cda03f0f87a7354355468944e7f8840d5d2d83c344fdbf4a5d3bf6,04d5fc3bd443007507b8d2e2ea870060397833a500615e3e35ce6358bbe17cdf,11
ort_cpp,2,39,35.512,1,1,0,c5ef909be6cda03f0f87a7354355468944e7f8840d5d2d83c344fdbf4a5d3bf6,04d5fc3bd443007507b8d2e2ea870060397833a500615e3e35ce6358bbe17cdf,11
ort_cpp,2,40,28.762,1,1,0,c5ef909be6cda03f0f87a7354355468944e7f8840d5d2d83c344fdbf4a5d3bf6,04d5fc3bd443007507b8d2e2ea870060397833a500615e3e35ce6358bbe17cdf,11
ort_cpp,2,41,31.549,1,1,0,c5ef909be6cda03f0f87a7354355468944e7f8840d5d2d83c344fdbf4a5d3bf6,04d5fc3bd443007507b8d2e2ea870060397833a500615e3e35ce6358bbe17cdf,11
ort_cpp,2,42,28.277,1,1,0,c5ef909be6cda03f0f87a7354355468944e7f8840d5d2d83c344fdbf4a5d3bf6,04d5fc3bd443007507b8d2e2ea870060397833a500615e3e35ce6358bbe17cdf,11
ort_cpp,2,43,32.174,1,1,0,c5ef909be6cda03f0f87a7354355468944e7f8840d5d2d83c344fdbf4a5d3bf6,04d5fc3bd443007507b8d2e2ea870060397833a500615e3e35ce6358bbe17cdf,11
ort_cpp,2,44,30.989,1,1,0,c5ef909be6cda03f0f87a7354355468944e7f8840d5d2d83c344fdbf4a5d3bf6,04d5fc3bd443007507b8d2e2ea870060397833a500615e3e35ce6358bbe17cdf,11
ort_cpp,2,45,31.599,1,1,0,c5ef909be6cda03f0f87a7354355468944e7f8840d5d2d83c344fdbf4a5d3bf6,04d5fc3bd443007507b8d2e2ea870060397833a500615e3e35ce6358bbe17cdf,11
ort_cpp,2,46,28.312,1,1,0,c5ef909be6cda03f0f87a7354355468944e7f8840d5d2d83c344fdbf4a5d3bf6,04d5fc3bd443007507b8d2e2ea870060397833a500615e3e35ce6358bbe17cdf,11
ort_cpp,2,47,28.246,1,1,0,c5ef909be6cda03f0f87a7354355468944e7f8840d5d2d83c344fdbf4a5d3bf6,04d5fc3bd443007507b8d2e2ea870060397833a500615e3e35ce6358bbe17cdf,11
ort_cpp,2,48,33.176,1,1,0,c5ef909be6cda03f0f87a7354355468944e7f8840d5d2d83c344fdbf4a5d3bf6,04d5fc3bd443007507b8d2e2ea870060397833a500615e3e35ce6358bbe17cdf,11
ort_cpp,2,49,28.844,1,1,0,c5ef909be6cda03f0f87a7354355468944e7f8840d5d2d83c344fdbf4a5d3bf6,04d5fc3bd443007507b8d2e2ea870060397833a500615e3e35ce6358bbe17cdf,11
ort_cpp,2,50,31.139,1,1,0,c5ef909be6cda03f0f87a7354355468944e7f8840d5d2d83c344fdbf4a5d3bf6,04d5fc3bd443007507b8d2e2ea870060397833a500615e3e35ce6358bbe17cdf,11
ort_cpp,2,51,30.91,1,1,0,c5ef909be6cda03f0f87a7354355468944e7f8840d5d2d83c344fdbf4a5d3bf6,04d5fc3bd443007507b8d2e2ea870060397833a500615e3e35ce6358bbe17cdf,11
ort_cpp,2,52,30.875,1,1,0,c5ef909be6cda03f0f87a7354355468944e7f8840d5d2d83c344fdbf4a5d3bf6,04d5fc3bd443007507b8d2e2ea870060397833a500615e3e35ce6358bbe17cdf,11
ort_cpp,2,53,30.845,1,1,0,c5ef909be6cda03f0f87a7354355468944e7f8840d5d2d83c344fdbf4a5d3bf6,04d5fc3bd443007507b8d2e2ea870060397833a500615e3e35ce6358bbe17cdf,11
ort_cpp,2,54,32.668,1,1,0,c5ef909be6cda03f0f87a7354355468944e7f8840d5d2d83c344fdbf4a5d3bf6,04d5fc3bd443007507b8d2e2ea870060397833a500615e3e35ce6358bbe17cdf,11
ort_cpp,2,55,29.338,1,1,0,c5ef909be6cda03f0f87a7354355468944e7f8840d5d2d83c344fdbf4a5d3bf6,04d5fc3bd443007507b8d2e2ea870060397833a500615e3e35ce6358bbe17cdf,11
ort_cpp,2,56,30.791,1,1,0,c5ef909be6cda03f0f87a7354355468944e7f8840d5d2d83c344fdbf4a5d3bf6,04d5fc3bd443007507b8d2e2ea870060397833a500615e3e35ce6358bbe17cdf,11
ort_cpp,2,57,29.333,1,1,0,c5ef909be6cda03f0f87a7354355468944e7f8840d5d2d83c344fdbf4a5d3bf6,04d5fc3bd443007507b8d2e2ea870060397833a500615e3e35ce6358bbe17cdf,11
ort_cpp,2,58,32.173,1,1,0,c5ef909be6cda03f0f87a7354355468944e7f8840d5d2d83c344fdbf4a5d3bf6,04d5fc3bd443007507b8d2e2ea870060397833a500615e3e35ce6358bbe17cdf,11
ort_cpp,2,59,32.935,1,1,0,c5ef909be6cda03f0f87a7354355468944e7f8840d5d2d83c344fdbf4a5d3bf6,04d5fc3bd443007507b8d2e2ea870060397833a500615e3e35ce6358bbe17cdf,11
ort_cpp,2,60,29.628,1,1,0,c5ef909be6cda03f0f87a7354355468944e7f8840d5d2d83c344fdbf4a5d3bf6,04d5fc3bd443007507b8d2e2ea870060397833a500615e3e35ce6358bbe17cdf,11
ort_cpp,2,61,36.932,1,1,0,c5ef909be6cda03f0f87a7354355468944e7f8840d5d2d83c344fdbf4a5d3bf6,04d5fc3bd443007507b8d2e2ea870060397833a500615e3e35ce6358bbe17cdf,11
ort_cpp,2,62,30.698,1,1,0,c5ef909be6cda03f0f87a7354355468944e7f8840d5d2d83c344fdbf4a5d3bf6,04d5fc3bd443007507b8d2e2ea870060397833a500615e3e35ce6358bbe17cdf,11
ort_cpp,2,63,28.905,1,1,0,c5ef909be6cda03f0f87a7354355468944e7f8840d5d2d83c344fdbf4a5d3bf6,04d5fc3bd443007507b8d2e2ea870060397833a500615e3e35ce6358bbe17cdf,11
ort_cpp,2,64,29.752,1,1,0,c5ef909be6cda03f0f87a7354355468944e7f8840d5d2d83c344fdbf4a5d3bf6,04d5fc3bd443007507b8d2e2ea870060397833a500615e3e35ce6358bbe17cdf,11
ort_cpp,2,65,33.21,1,1,0,c5ef909be6cda03f0f87a7354355468944e7f8840d5d2d83c344fdbf4a5d3bf6,04d5fc3bd443007507b8d2e2ea870060397833a500615e3e35ce6358bbe17cdf,11
ort_cpp,2,66,31.984,1,1,0,c5ef909be6cda03f0f87a7354355468944e7f8840d5d2d83c344fdbf4a5d3bf6,04d5fc3bd443007507b8d2e2ea870060397833a500615e3e35ce6358bbe17cdf,11
ort_cpp,2,67,30.935,1,1,0,c5ef909be6cda03f0f87a7354355468944e7f8840d5d2d83c344fdbf4a5d3bf6,04d5fc3bd443007507b8d2e2ea870060397833a500615e3e35ce6358bbe17cdf,11
ort_cpp,2,68,34.181,1,1,0,c5ef909be6cda03f0f87a7354355468944e7f8840d5d2d83c344fdbf4a5d3bf6,04d5fc3bd443007507b8d2e2ea870060397833a500615e3e35ce6358bbe17cdf,11
ort_cpp,2,69,31.542,1,1,0,c5ef909be6cda03f0f87a7354355468944e7f8840d5d2d83c344fdbf4a5d3bf6,04d5fc3bd443007507b8d2e2ea870060397833a500615e3e35ce6358bbe17cdf,11
ort_cpp,2,70,30.14,1,1,0,c5ef909be6cda03f0f87a7354355468944e7f8840d5d2d83c344fdbf4a5d3bf6,04d5fc3bd443007507b8d2e2ea870060397833a500615e3e35ce6358bbe17cdf,11
ort_cpp,2,71,35.582,1,1,0,c5ef909be6cda03f0f87a7354355468944e7f8840d5d2d83c344fdbf4a5d3bf6,04d5fc3bd443007507b8d2e2ea870060397833a500615e3e35ce6358bbe17cdf,11
ort_cpp,2,72,31.811,1,1,0,c5ef909be6cda03f0f87a7354355468944e7f8840d5d2d83c344fdbf4a5d3bf6,04d5fc3bd443007507b8d2e2ea870060397833a500615e3e35ce6358bbe17cdf,11
ort_cpp,2,73,28.849,1,1,0,c5ef909be6cda03f0f87a7354355468944e7f8840d5d2d83c344fdbf4a5d3bf6,04d5fc3bd443007507b8d2e2ea870060397833a500615e3e35ce6358bbe17cdf,11
ort_cpp,2,74,29.735,1,1,0,c5ef909be6cda03f0f87a7354355468944e7f8840d5d2d83c344fdbf4a5d3bf6,04d5fc3bd443007507b8d2e2ea870060397833a500615e3e35ce6358bbe17cdf,11
ort_cpp,2,75,31.677,1,1,0,c5ef909be6cda03f0f87a7354355468944e7f8840d5d2d83c344fdbf4a5d3bf6,04d5fc3bd443007507b8d2e2ea870060397833a500615e3e35ce6358bbe17cdf,11
ort_cpp,2,76,29.341,1,1,0,c5ef909be6cda03f0f87a7354355468944e7f8840d5d2d83c344fdbf4a5d3bf6,04d5fc3bd443007507b8d2e2ea870060397833a500615e3e35ce6358bbe17cdf,11
ort_cpp,2,77,30.193,1,1,0,c5ef909be6cda03f0f87a7354355468944e7f8840d5d2d83c344fdbf4a5d3bf6,04d5fc3bd443007507b8d2e2ea870060397833a500615e3e35ce6358bbe17cdf,11
ort_cpp,2,78,32.813,1,1,0,c5ef909be6cda03f0f87a7354355468944e7f8840d5d2d83c344fdbf4a5d3bf6,04d5fc3bd443007507b8d2e2ea870060397833a500615e3e35ce6358bbe17cdf,11
ort_cpp,2,79,31.159,1,1,0,c5ef909be6cda03f0f87a7354355468944e7f8840d5d2d83c344fdbf4a5d3bf6,04d5fc3bd443007507b8d2e2ea870060397833a500615e3e35ce6358bbe17cdf,11
ort_cpp,2,80,29.19,1,1,0,c5ef909be6cda03f0f87a7354355468944e7f8840d5d2d83c344fdbf4a5d3bf6,04d5fc3bd443007507b8d2e2ea870060397833a500615e3e35ce6358bbe17cdf,11
ort_cpp,2,81,32.72,1,1,0,c5ef909be6cda03f0f87a7354355468944e7f8840d5d2d83c344fdbf4a5d3bf6,04d5fc3bd443007507b8d2e2ea870060397833a500615e3e35ce6358bbe17cdf,11
ort_cpp,2,82,37.301,1,1,0,c5ef909be6cda03f0f87a7354355468944e7f8840d5d2d83c344fdbf4a5d3bf6,04d5fc3bd443007507b8d2e2ea870060397833a500615e3e35ce6358bbe17cdf,11
ort_cpp,2,83,28.877,1,1,0,c5ef909be6cda03f0f87a7354355468944e7f8840d5d2d83c344fdbf4a5d3bf6,04d5fc3bd443007507b8d2e2ea870060397833a500615e3e35ce6358bbe17cdf,11
ort_cpp,2,84,28.531,1,1,0,c5ef909be6cda03f0f87a7354355468944e7f8840d5d2d83c344fdbf4a5d3bf6,04d5fc3bd443007507b8d2e2ea870060397833a500615e3e35ce6358bbe17cdf,11
ort_cpp,2,85,32.748,1,1,0,c5ef909be6cda03f0f87a7354355468944e7f8840d5d2d83c344fdbf4a5d3bf6,04d5fc3bd443007507b8d2e2ea870060397833a500615e3e35ce6358bbe17cdf,11
ort_cpp,2,86,29.713,1,1,0,c5ef909be6cda03f0f87a7354355468944e7f8840d5d2d83c344fdbf4a5d3bf6,04d5fc3bd443007507b8d2e2ea870060397833a500615e3e35ce6358bbe17cdf,11
ort_cpp,2,87,27.55,1,1,0,c5ef909be6cda03f0f87a7354355468944e7f8840d5d2d83c344fdbf4a5d3bf6,04d5fc3bd443007507b8d2e2ea870060397833a500615e3e35ce6358bbe17cdf,11
ort_cpp,2,88,29.556,1,1,0,c5ef909be6cda03f0f87a7354355468944e7f8840d5d2d83c344fdbf4a5d3bf6,04d5fc3bd443007507b8d2e2ea870060397833a500615e3e35ce6358bbe17cdf,11
ort_cpp,2,89,29.639,1,1,0,c5ef909be6cda03f0f87a7354355468944e7f8840d5d2d83c344fdbf4a5d3bf6,04d5fc3bd443007507b8d2e2ea870060397833a500615e3e35ce6358bbe17cdf,11
ort_cpp,2,90,28.639,1,1,0,c5ef909be6cda03f0f87a7354355468944e7f8840d5d2d83c344fdbf4a5d3bf6,04d5fc3bd443007507b8d2e2ea870060397833a500615e3e35ce6358bbe17cdf,11
ort_cpp,2,91,27.867,1,1,0,c5ef909be6cda03f0f87a7354355468944e7f8840d5d2d83c344fdbf4a5d3bf6,04d5fc3bd443007507b8d2e2ea870060397833a500615e3e35ce6358bbe17cdf,11
ort_cpp,2,92,29.168,1,1,0,c5ef909be6cda03f0f87a7354355468944e7f8840d5d2d83c344fdbf4a5d3bf6,04d5fc3bd443007507b8d2e2ea870060397833a500615e3e35ce6358bbe17cdf,11
ort_cpp,2,93,30.89,1,1,0,c5ef909be6cda03f0f87a7354355468944e7f8840d5d2d83c344fdbf4a5d3bf6,04d5fc3bd443007507b8d2e2ea870060397833a500615e3e35ce6358bbe17cdf,11
ort_cpp,2,94,29.537,1,1,0,c5ef909be6cda03f0f87a7354355468944e7f8840d5d2d83c344fdbf4a5d3bf6,04d5fc3bd443007507b8d2e2ea870060397833a500615e3e35ce6358bbe17cdf,11
ort_cpp,2,95,28.074,1,1,0,c5ef909be6cda03f0f87a7354355468944e7f8840d5d2d83c344fdbf4a5d3bf6,04d5fc3bd443007507b8d2e2ea870060397833a500615e3e35ce6358bbe17cdf,11
ort_cpp,2,96,29.397,1,1,0,c5ef909be6cda03f0f87a7354355468944e7f8840d5d2d83c344fdbf4a5d3bf6,04d5fc3bd443007507b8d2e2ea870060397833a500615e3e35ce6358bbe17cdf,11
ort_cpp,2,97,32.046,1,1,0,c5ef909be6cda03f0f87a7354355468944e7f8840d5d2d83c344fdbf4a5d3bf6,04d5fc3bd443007507b8d2e2ea870060397833a500615e3e35ce6358bbe17cdf,11
ort_cpp,2,98,29.841,1,1,0,c5ef909be6cda03f0f87a7354355468944e7f8840d5d2d83c344fdbf4a5d3bf6,04d5fc3bd443007507b8d2e2ea870060397833a500615e3e35ce6358bbe17cdf,11
ort_cpp,2,99,28.567,1,1,0,c5ef909be6cda03f0f87a7354355468944e7f8840d5d2d83c344fdbf4a5d3bf6,04d5fc3bd443007507b8d2e2ea870060397833a500615e3e35ce6358bbe17cdf,11
ort_cpp,2,100,32.65,1,1,0,c5ef909be6cda03f0f87a7354355468944e7f8840d5d2d83c344fdbf4a5d3bf6,04d5fc3bd443007507b8d2e2ea870060397833a500615e3e35ce6358bbe17cdf,11
ort_cpp,2,101,28.054,1,1,0,c5ef909be6cda03f0f87a7354355468944e7f8840d5d2d83c344fdbf4a5d3bf6,04d5fc3bd443007507b8d2e2ea870060397833a500615e3e35ce6358bbe17cdf,11
ort_cpp,2,102,30.058,1,1,0,c5ef909be6cda03f0f87a7354355468944e7f8840d5d2d83c344fdbf4a5d3bf6,04d5fc3bd443007507b8d2e2ea870060397833a500615e3e35ce6358bbe17cdf,11
ort_cpp,2,103,30.485,1,1,0,c5ef909be6cda03f0f87a7354355468944e7f8840d5d2d83c344fdbf4a5d3bf6,04d5fc3bd443007507b8d2e2ea870060397833a500615e3e35ce6358bbe17cdf,11
ort_cpp,2,104,33.06,1,1,0,c5ef909be6cda03f0f87a7354355468944e7f8840d5d2d83c344fdbf4a5d3bf6,04d5fc3bd443007507b8d2e2ea870060397833a500615e3e35ce6358bbe17cdf,11
ort_cpp,2,105,30.918,1,1,0,c5ef909be6cda03f0f87a7354355468944e7f8840d5d2d83c344fdbf4a5d3bf6,04d5fc3bd443007507b8d2e2ea870060397833a500615e3e35ce6358bbe17cdf,11
ort_cpp,2,106,28.104,1,1,0,c5ef909be6cda03f0f87a7354355468944e7f8840d5d2d83c344fdbf4a5d3bf6,04d5fc3bd443007507b8d2e2ea870060397833a500615e3e35ce6358bbe17cdf,11
ort_cpp,2,107,31.631,1,1,0,c5ef909be6cda03f0f87a7354355468944e7f8840d5d2d83c344fdbf4a5d3bf6,04d5fc3bd443007507b8d2e2ea870060397833a500615e3e35ce6358bbe17cdf,11
ort_cpp,2,108,30.292,1,1,0,c5ef909be6cda03f0f87a7354355468944e7f8840d5d2d83c344fdbf4a5d3bf6,04d5fc3bd443007507b8d2e2ea870060397833a500615e3e35ce6358bbe17cdf,11
ort_cpp,2,109,29.221,1,1,0,c5ef909be6cda03f0f87a7354355468944e7f8840d5d2d83c344fdbf4a5d3bf6,04d5fc3bd443007507b8d2e2ea870060397833a500615e3e35ce6358bbe17cdf,11
ort_cpp,2,110,31.249,1,1,0,c5ef909be6cda03f0f87a7354355468944e7f8840d5d2d83c344fdbf4a5d3bf6,04d5fc3bd443007507b8d2e2ea870060397833a500615e3e35ce6358bbe17cdf,11
ort_cpp,2,111,29.728,1,1,0,c5ef909be6cda03f0f87a7354355468944e7f8840d5d2d83c344fdbf4a5d3bf6,04d5fc3bd443007507b8d2e2ea870060397833a500615e3e35ce6358bbe17cdf,11
ort_cpp,2,112,27.931,1,1,0,c5ef909be6cda03f0f87a7354355468944e7f8840d5d2d83c344fdbf4a5d3bf6,04d5fc3bd443007507b8d2e2ea870060397833a500615e3e35ce6358bbe17cdf,11
ort_cpp,2,113,29.173,1,1,0,c5ef909be6cda03f0f87a7354355468944e7f8840d5d2d83c344fdbf4a5d3bf6,04d5fc3bd443007507b8d2e2ea870060397833a500615e3e35ce6358bbe17cdf,11
ort_cpp,2,114,32.483,1,1,0,c5ef909be6cda03f0f87a7354355468944e7f8840d5d2d83c344fdbf4a5d3bf6,04d5fc3bd443007507b8d2e2ea870060397833a500615e3e35ce6358bbe17cdf,11
ort_cpp,2,115,28.599,1,1,0,c5ef909be6cda03f0f87a7354355468944e7f8840d5d2d83c344fdbf4a5d3bf6,04d5fc3bd443007507b8d2e2ea870060397833a500615e3e35ce6358bbe17cdf,11
ort_cpp,2,116,40.767,1,1,0,c5ef909be6cda03f0f87a7354355468944e7f8840d5d2d83c344fdbf4a5d3bf6,04d5fc3bd443007507b8d2e2ea870060397833a500615e3e35ce6358bbe17cdf,11
ort_cpp,2,117,30.709,1,1,0,c5ef909be6cda03f0f87a7354355468944e7f8840d5d2d83c344fdbf4a5d3bf6,04d5fc3bd443007507b8d2e2ea870060397833a500615e3e35ce6358bbe17cdf,11
ort_cpp,2,118,29.629,1,1,0,c5ef909be6cda03f0f87a7354355468944e7f8840d5d2d83c344fdbf4a5d3bf6,04d5fc3bd443007507b8d2e2ea870060397833a500615e3e35ce6358bbe17cdf,11
ort_cpp,2,119,30.453,1,1,0,c5ef909be6cda03f0f87a7354355468944e7f8840d5d2d83c344fdbf4a5d3bf6,04d5fc3bd443007507b8d2e2ea870060397833a500615e3e35ce6358bbe17cdf,11
ort_cpp,2,120,29.822,1,1,0,c5ef909be6cda03f0f87a7354355468944e7f8840d5d2d83c344fdbf4a5d3bf6,04d5fc3bd443007507b8d2e2ea870060397833a500615e3e35ce6358bbe17cdf,11
ort_cpp,2,121,31.548,1,1,0,c5ef909be6cda03f0f87a7354355468944e7f8840d5d2d83c344fdbf4a5d3bf6,04d5fc3bd443007507b8d2e2ea870060397833a500615e3e35ce6358bbe17cdf,11
ort_cpp,2,122,28.211,1,1,0,c5ef909be6cda03f0f87a7354355468944e7f8840d5d2d83c344fdbf4a5d3bf6,04d5fc3bd443007507b8d2e2ea870060397833a500615e3e35ce6358bbe17cdf,11
ort_cpp,2,123,28.662,1,1,0,c5ef909be6cda03f0f87a7354355468944e7f8840d5d2d83c344fdbf4a5d3bf6,04d5fc3bd443007507b8d2e2ea870060397833a500615e3e35ce6358bbe17cdf,11
ort_cpp,2,124,29.399,1,1,0,c5ef909be6cda03f0f87a7354355468944e7f8840d5d2d83c344fdbf4a5d3bf6,04d5fc3bd443007507b8d2e2ea870060397833a500615e3e35ce6358bbe17cdf,11
ort_cpp,2,125,29.006,1,1,0,c5ef909be6cda03f0f87a7354355468944e7f8840d5d2d83c344fdbf4a5d3bf6,04d5fc3bd443007507b8d2e2ea870060397833a500615e3e35ce6358bbe17cdf,11
ort_cpp,2,126,29.77,1,1,0,c5ef909be6cda03f0f87a7354355468944e7f8840d5d2d83c344fdbf4a5d3bf6,04d5fc3bd443007507b8d2e2ea870060397833a500615e3e35ce6358bbe17cdf,11
ort_cpp,2,127,27.748,1,1,0,c5ef909be6cda03f0f87a7354355468944e7f8840d5d2d83c344fdbf4a5d3bf6,04d5fc3bd443007507b8d2e2ea870060397833a500615e3e35ce6358bbe17cdf,11
ort_cpp,2,128,28.337,1,1,0,c5ef909be6cda03f0f87a7354355468944e7f8840d5d2d83c344fdbf4a5d3bf6,04d5fc3bd443007507b8d2e2ea870060397833a500615e3e35ce6358bbe17cdf,11
ort_cpp,2,129,28.392,1,1,0,c5ef909be6cda03f0f87a7354355468944e7f8840d5d2d83c344fdbf4a5d3bf6,04d5fc3bd443007507b8d2e2ea870060397833a500615e3e35ce6358bbe17cdf,11
ort_cpp,2,130,29.635,1,1,0,c5ef909be6cda03f0f87a7354355468944e7f8840d5d2d83c344fdbf4a5d3bf6,04d5fc3bd443007507b8d2e2ea870060397833a500615e3e35ce6358bbe17cdf,11
ort_cpp,2,131,28.806,1,1,0,c5ef909be6cda03f0f87a7354355468944e7f8840d5d2d83c344fdbf4a5d3bf6,04d5fc3bd443007507b8d2e2ea870060397833a500615e3e35ce6358bbe17cdf,11
ort_cpp,2,132,28.074,1,1,0,c5ef909be6cda03f0f87a7354355468944e7f8840d5d2d83c344fdbf4a5d3bf6,04d5fc3bd443007507b8d2e2ea870060397833a500615e3e35ce6358bbe17cdf,11
ort_cpp,2,133,27.945,1,1,0,c5ef909be6cda03f0f87a7354355468944e7f8840d5d2d83c344fdbf4a5d3bf6,04d5fc3bd443007507b8d2e2ea870060397833a500615e3e35ce6358bbe17cdf,11
ort_cpp,2,134,28.26,1,1,0,c5ef909be6cda03f0f87a7354355468944e7f8840d5d2d83c344fdbf4a5d3bf6,04d5fc3bd443007507b8d2e2ea870060397833a500615e3e35ce6358bbe17cdf,11
ort_cpp,2,135,30.402,1,1,0,c5ef909be6cda03f0f87a7354355468944e7f8840d5d2d83c344fdbf4a5d3bf6,04d5fc3bd443007507b8d2e2ea870060397833a500615e3e35ce6358bbe17cdf,11
ort_cpp,2,136,28.775,1,1,0,c5ef909be6cda03f0f87a7354355468944e7f8840d5d2d83c344fdbf4a5d3bf6,04d5fc3bd443007507b8d2e2ea870060397833a500615e3e35ce6358bbe17cdf,11
ort_cpp,2,137,27.899,1,1,0,c5ef909be6cda03f0f87a7354355468944e7f8840d5d2d83c344fdbf4a5d3bf6,04d5fc3bd443007507b8d2e2ea870060397833a500615e3e35ce6358bbe17cdf,11
ort_cpp,2,138,32.424,1,1,0,c5ef909be6cda03f0f87a7354355468944e7f8840d5d2d83c344fdbf4a5d3bf6,04d5fc3bd443007507b8d2e2ea870060397833a500615e3e35ce6358bbe17cdf,11
ort_cpp,2,139,27.698,1,1,0,c5ef909be6cda03f0f87a7354355468944e7f8840d5d2d83c344fdbf4a5d3bf6,04d5fc3bd443007507b8d2e2ea870060397833a500615e3e35ce6358bbe17cdf,11
ort_cpp,2,140,29.138,1,1,0,c5ef909be6cda03f0f87a7354355468944e7f8840d5d2d83c344fdbf4a5d3bf6,04d5fc3bd443007507b8d2e2ea870060397833a500615e3e35ce6358bbe17cdf,11
ort_cpp,2,141,28.011,1,1,0,c5ef909be6cda03f0f87a7354355468944e7f8840d5d2d83c344fdbf4a5d3bf6,04d5fc3bd443007507b8d2e2ea870060397833a500615e3e35ce6358bbe17cdf,11
ort_cpp,2,142,28.295,1,1,0,c5ef909be6cda03f0f87a7354355468944e7f8840d5d2d83c344fdbf4a5d3bf6,04d5fc3bd443007507b8d2e2ea870060397833a500615e3e35ce6358bbe17cdf,11
ort_cpp,2,143,30.995,1,1,0,c5ef909be6cda03f0f87a7354355468944e7f8840d5d2d83c344fdbf4a5d3bf6,04d5fc3bd443007507b8d2e2ea870060397833a500615e3e35ce6358bbe17cdf,11
ort_cpp,2,144,28.473,1,1,0,c5ef909be6cda03f0f87a7354355468944e7f8840d5d2d83c344fdbf4a5d3bf6,04d5fc3bd443007507b8d2e2ea870060397833a500615e3e35ce6358bbe17cdf,11
ort_cpp,2,145,29.782,1,1,0,c5ef909be6cda03f0f87a7354355468944e7f8840d5d2d83c344fdbf4a5d3bf6,04d5fc3bd443007507b8d2e2ea870060397833a500615e3e35ce6358bbe17cdf,11
ort_cpp,2,146,26.744,1,1,0,c5ef909be6cda03f0f87a7354355468944e7f8840d5d2d83c344fdbf4a5d3bf6,04d5fc3bd443007507b8d2e2ea870060397833a500615e3e35ce6358bbe17cdf,11
ort_cpp,2,147,29.794,1,1,0,c5ef909be6cda03f0f87a7354355468944e7f8840d5d2d83c344fdbf4a5d3bf6,04d5fc3bd443007507b8d2e2ea870060397833a500615e3e35ce6358bbe17cdf,11
ort_cpp,2,148,27.615,1,1,0,c5ef909be6cda03f0f87a7354355468944e7f8840d5d2d83c344fdbf4a5d3bf6,04d5fc3bd443007507b8d2e2ea870060397833a500615e3e35ce6358bbe17cdf,11
ort_cpp,2,149,28.859,1,1,0,c5ef909be6cda03f0f87a7354355468944e7f8840d5d2d83c344fdbf4a5d3bf6,04d5fc3bd443007507b8d2e2ea870060397833a500615e3e35ce6358bbe17cdf,11
ort_cpp,2,150,27.941,1,1,0,c5ef909be6cda03f0f87a7354355468944e7f8840d5d2d83c344fdbf4a5d3bf6,04d5fc3bd443007507b8d2e2ea870060397833a500615e3e35ce6358bbe17cdf,11
ort_cpp,2,151,29.532,1,1,0,c5ef909be6cda03f0f87a7354355468944e7f8840d5d2d83c344fdbf4a5d3bf6,04d5fc3bd443007507b8d2e2ea870060397833a500615e3e35ce6358bbe17cdf,11
ort_cpp,2,152,27.152,1,1,0,c5ef909be6cda03f0f87a7354355468944e7f8840d5d2d83c344fdbf4a5d3bf6,04d5fc3bd443007507b8d2e2ea870060397833a500615e3e35ce6358bbe17cdf,11
ort_cpp,2,153,26.659,1,1,0,c5ef909be6cda03f0f87a7354355468944e7f8840d5d2d83c344fdbf4a5d3bf6,04d5fc3bd443007507b8d2e2ea870060397833a500615e3e35ce6358bbe17cdf,11
ort_cpp,2,154,27.21,1,1,0,c5ef909be6cda03f0f87a7354355468944e7f8840d5d2d83c344fdbf4a5d3bf6,04d5fc3bd443007507b8d2e2ea870060397833a500615e3e35ce6358bbe17cdf,11
ort_cpp,2,155,31.377,1,1,0,c5ef909be6cda03f0f87a7354355468944e7f8840d5d2d83c344fdbf4a5d3bf6,04d5fc3bd443007507b8d2e2ea870060397833a500615e3e35ce6358bbe17cdf,11
ort_cpp,2,156,33.218,1,1,0,c5ef909be6cda03f0f87a7354355468944e7f8840d5d2d83c344fdbf4a5d3bf6,04d5fc3bd443007507b8d2e2ea870060397833a500615e3e35ce6358bbe17cdf,11
ort_cpp,2,157,28.994,1,1,0,c5ef909be6cda03f0f87a7354355468944e7f8840d5d2d83c344fdbf4a5d3bf6,04d5fc3bd443007507b8d2e2ea870060397833a500615e3e35ce6358bbe17cdf,11
ort_cpp,2,158,27.5,1,1,0,c5ef909be6cda03f0f87a7354355468944e7f8840d5d2d83c344fdbf4a5d3bf6,04d5fc3bd443007507b8d2e2ea870060397833a500615e3e35ce6358bbe17cdf,11
ort_cpp,2,159,30.738,1,1,0,c5ef909be6cda03f0f87a7354355468944e7f8840d5d2d83c344fdbf4a5d3bf6,04d5fc3bd443007507b8d2e2ea870060397833a500615e3e35ce6358bbe17cdf,11
ort_cpp,2,160,30.971,1,1,0,c5ef909be6cda03f0f87a7354355468944e7f8840d5d2d83c344fdbf4a5d3bf6,04d5fc3bd443007507b8d2e2ea870060397833a500615e3e35ce6358bbe17cdf,11
ort_cpp,2,161,27.523,1,1,0,c5ef909be6cda03f0f87a7354355468944e7f8840d5d2d83c344fdbf4a5d3bf6,04d5fc3bd443007507b8d2e2ea870060397833a500615e3e35ce6358bbe17cdf,11
ort_cpp,2,162,27.435,1,1,0,c5ef909be6cda03f0f87a7354355468944e7f8840d5d2d83c344fdbf4a5d3bf6,04d5fc3bd443007507b8d2e2ea870060397833a500615e3e35ce6358bbe17cdf,11
ort_cpp,2,163,29.321,1,1,0,c5ef909be6cda03f0f87a7354355468944e7f8840d5d2d83c344fdbf4a5d3bf6,04d5fc3bd443007507b8d2e2ea870060397833a500615e3e35ce6358bbe17cdf,11
ort_cpp,2,164,30.106,1,1,0,c5ef909be6cda03f0f87a7354355468944e7f8840d5d2d83c344fdbf4a5d3bf6,04d5fc3bd443007507b8d2e2ea870060397833a500615e3e35ce6358bbe17cdf,11
ort_cpp,2,165,30.207,1,1,0,c5ef909be6cda03f0f87a7354355468944e7f8840d5d2d83c344fdbf4a5d3bf6,04d5fc3bd443007507b8d2e2ea870060397833a500615e3e35ce6358bbe17cdf,11
ort_cpp,2,166,26.879,1,1,0,c5ef909be6cda03f0f87a7354355468944e7f8840d5d2d83c344fdbf4a5d3bf6,04d5fc3bd443007507b8d2e2ea870060397833a500615e3e35ce6358bbe17cdf,11
ort_cpp,2,167,30.488,1,1,0,c5ef909be6cda03f0f87a7354355468944e7f8840d5d2d83c344fdbf4a5d3bf6,04d5fc3bd443007507b8d2e2ea870060397833a500615e3e35ce6358bbe17cdf,11
ort_cpp,2,168,28.148,1,1,0,c5ef909be6cda03f0f87a7354355468944e7f8840d5d2d83c344fdbf4a5d3bf6,04d5fc3bd443007507b8d2e2ea870060397833a500615e3e35ce6358bbe17cdf,11
ort_cpp,2,169,28.764,1,1,0,c5ef909be6cda03f0f87a7354355468944e7f8840d5d2d83c344fdbf4a5d3bf6,04d5fc3bd443007507b8d2e2ea870060397833a500615e3e35ce6358bbe17cdf,11
ort_cpp,2,170,29.716,1,1,0,c5ef909be6cda03f0f87a7354355468944e7f8840d5d2d83c344fdbf4a5d3bf6,04d5fc3bd443007507b8d2e2ea870060397833a500615e3e35ce6358bbe17cdf,11
ort_cpp,2,171,27.886,1,1,0,c5ef909be6cda03f0f87a7354355468944e7f8840d5d2d83c344fdbf4a5d3bf6,04d5fc3bd443007507b8d2e2ea870060397833a500615e3e35ce6358bbe17cdf,11
ort_cpp,2,172,27.583,1,1,0,c5ef909be6cda03f0f87a7354355468944e7f8840d5d2d83c344fdbf4a5d3bf6,04d5fc3bd443007507b8d2e2ea870060397833a500615e3e35ce6358bbe17cdf,11
ort_cpp,2,173,29.176,1,1,0,c5ef909be6cda03f0f87a7354355468944e7f8840d5d2d83c344fdbf4a5d3bf6,04d5fc3bd443007507b8d2e2ea870060397833a500615e3e35ce6358bbe17cdf,11
ort_cpp,2,174,27.46,1,1,0,c5ef909be6cda03f0f87a7354355468944e7f8840d5d2d83c344fdbf4a5d3bf6,04d5fc3bd443007507b8d2e2ea870060397833a500615e3e35ce6358bbe17cdf,11
ort_cpp,2,175,29.598,1,1,0,c5ef909be6cda03f0f87a7354355468944e7f8840d5d2d83c344fdbf4a5d3bf6,04d5fc3bd443007507b8d2e2ea870060397833a500615e3e35ce6358bbe17cdf,11
ort_cpp,2,176,27.578,1,1,0,c5ef909be6cda03f0f87a7354355468944e7f8840d5d2d83c344fdbf4a5d3bf6,04d5fc3bd443007507b8d2e2ea870060397833a500615e3e35ce6358bbe17cdf,11
ort_cpp,2,177,29.066,1,1,0,c5ef909be6cda03f0f87a7354355468944e7f8840d5d2d83c344fdbf4a5d3bf6,04d5fc3bd443007507b8d2e2ea870060397833a500615e3e35ce6358bbe17cdf,11
ort_cpp,2,178,30.968,1,1,0,c5ef909be6cda03f0f87a7354355468944e7f8840d5d2d83c344fdbf4a5d3bf6,04d5fc3bd443007507b8d2e2ea870060397833a500615e3e35ce6358bbe17cdf,11
ort_cpp,2,179,32.299,1,1,0,c5ef909be6cda03f0f87a7354355468944e7f8840d5d2d83c344fdbf4a5d3bf6,04d5fc3bd443007507b8d2e2ea870060397833a500615e3e35ce6358bbe17cdf,11
ort_cpp,2,180,34.507,1,1,0,c5ef909be6cda03f0f87a7354355468944e7f8840d5d2d83c344fdbf4a5d3bf6,04d5fc3bd443007507b8d2e2ea870060397833a500615e3e35ce6358bbe17cdf,11
ort_cpp,2,181,29.223,1,1,0,c5ef909be6cda03f0f87a7354355468944e7f8840d5d2d83c344fdbf4a5d3bf6,04d5fc3bd443007507b8d2e2ea870060397833a500615e3e35ce6358bbe17cdf,11
ort_cpp,2,182,33.54,1,1,0,c5ef909be6cda03f0f87a7354355468944e7f8840d5d2d83c344fdbf4a5d3bf6,04d5fc3bd443007507b8d2e2ea870060397833a500615e3e35ce6358bbe17cdf,11
ort_cpp,2,183,28.401,1,1,0,c5ef909be6cda03f0f87a7354355468944e7f8840d5d2d83c344fdbf4a5d3bf6,04d5fc3bd443007507b8d2e2ea870060397833a500615e3e35ce6358bbe17cdf,11
ort_cpp,2,184,28.443,1,1,0,c5ef909be6cda03f0f87a7354355468944e7f8840d5d2d83c344fdbf4a5d3bf6,04d5fc3bd443007507b8d2e2ea870060397833a500615e3e35ce6358bbe17cdf,11
ort_cpp,2,185,30.693,1,1,0,c5ef909be6cda03f0f87a7354355468944e7f8840d5d2d83c344fdbf4a5d3bf6,04d5fc3bd443007507b8d2e2ea870060397833a500615e3e35ce6358bbe17cdf,11
ort_cpp,2,186,27.631,1,1,0,c5ef909be6cda03f0f87a7354355468944e7f8840d5d2d83c344fdbf4a5d3bf6,04d5fc3bd443007507b8d2e2ea870060397833a500615e3e35ce6358bbe17cdf,11
ort_cpp,2,187,28.777,1,1,0,c5ef909be6cda03f0f87a7354355468944e7f8840d5d2d83c344fdbf4a5d3bf6,04d5fc3bd443007507b8d2e2ea870060397833a500615e3e35ce6358bbe17cdf,11
ort_cpp,2,188,29.785,1,1,0,c5ef909be6cda03f0f87a7354355468944e7f8840d5d2d83c344fdbf4a5d3bf6,04d5fc3bd443007507b8d2e2ea870060397833a500615e3e35ce6358bbe17cdf,11
ort_cpp,2,189,31.22,1,1,0,c5ef909be6cda03f0f87a7354355468944e7f8840d5d2d83c344fdbf4a5d3bf6,04d5fc3bd443007507b8d2e2ea870060397833a500615e3e35ce6358bbe17cdf,11
ort_cpp,2,190,27.412,1,1,0,c5ef909be6cda03f0f87a7354355468944e7f8840d5d2d83c344fdbf4a5d3bf6,04d5fc3bd443007507b8d2e2ea870060397833a500615e3e35ce6358bbe17cdf,11
ort_cpp,2,191,27.712,1,1,0,c5ef909be6cda03f0f87a7354355468944e7f8840d5d2d83c344fdbf4a5d3bf6,04d5fc3bd443007507b8d2e2ea870060397833a500615e3e35ce6358bbe17cdf,11
ort_cpp,2,192,32.406,1,1,0,c5ef909be6cda03f0f87a7354355468944e7f8840d5d2d83c344fdbf4a5d3bf6,04d5fc3bd443007507b8d2e2ea870060397833a500615e3e35ce6358bbe17cdf,11
ort_cpp,2,193,29.277,1,1,0,c5ef909be6cda03f0f87a7354355468944e7f8840d5d2d83c344fdbf4a5d3bf6,04d5fc3bd443007507b8d2e2ea870060397833a500615e3e35ce6358bbe17cdf,11
ort_cpp,2,194,30.667,1,1,0,c5ef909be6cda03f0f87a7354355468944e7f8840d5d2d83c344fdbf4a5d3bf6,04d5fc3bd443007507b8d2e2ea870060397833a500615e3e35ce6358bbe17cdf,11
ort_cpp,2,195,28.097,1,1,0,c5ef909be6cda03f0f87a7354355468944e7f8840d5d2d83c344fdbf4a5d3bf6,04d5fc3bd443007507b8d2e2ea870060397833a500615e3e35ce6358bbe17cdf,11
ort_cpp,2,196,33.231,1,1,0,c5ef909be6cda03f0f87a7354355468944e7f8840d5d2d83c344fdbf4a5d3bf6,04d5fc3bd443007507b8d2e2ea870060397833a500615e3e35ce6358bbe17cdf,11
ort_cpp,2,197,27.764,1,1,0,c5ef909be6cda03f0f87a7354355468944e7f8840d5d2d83c344fdbf4a5d3bf6,04d5fc3bd443007507b8d2e2ea870060397833a500615e3e35ce6358bbe17cdf,11
ort_cpp,2,198,29.443,1,1,0,c5ef909be6cda03f0f87a7354355468944e7f8840d5d2d83c344fdbf4a5d3bf6,04d5fc3bd443007507b8d2e2ea870060397833a500615e3e35ce6358bbe17cdf,11
ort_cpp,2,199,30.885,1,1,0,c5ef909be6cda03f0f87a7354355468944e7f8840d5d2d83c344fdbf4a5d3bf6,04d5fc3bd443007507b8d2e2ea870060397833a500615e3e35ce6358bbe17cdf,11
ort_cpp,2,200,28.599,1,1,0,c5ef909be6cda03f0f87a7354355468944e7f8840d5d2d83c344fdbf4a5d3bf6,04d5fc3bd443007507b8d2e2ea870060397833a500615e3e35ce6358bbe17cdf,11
ort_cpp,2,201,28.748,1,1,0,c5ef909be6cda03f0f87a7354355468944e7f8840d5d2d83c344fdbf4a5d3bf6,04d5fc3bd443007507b8d2e2ea870060397833a500615e3e35ce6358bbe17cdf,11
ort_cpp,2,202,27.137,1,1,0,c5ef909be6cda03f0f87a7354355468944e7f8840d5d2d83c344fdbf4a5d3bf6,04d5fc3bd443007507b8d2e2ea870060397833a500615e3e35ce6358bbe17cdf,11
ort_cpp,2,203,28.417,1,1,0,c5ef909be6cda03f0f87a7354355468944e7f8840d5d2d83c344fdbf4a5d3bf6,04d5fc3bd443007507b8d2e2ea870060397833a500615e3e35ce6358bbe17cdf,11
ort_cpp,2,204,31.91,1,1,0,c5ef909be6cda03f0f87a7354355468944e7f8840d5d2d83c344fdbf4a5d3bf6,04d5fc3bd443007507b8d2e2ea870060397833a500615e3e35ce6358bbe17cdf,11
ort_cpp,2,205,28.004,1,1,0,c5ef909be6cda03f0f87a7354355468944e7f8840d5d2d83c344fdbf4a5d3bf6,04d5fc3bd443007507b8d2e2ea870060397833a500615e3e35ce6358bbe17cdf,11
ort_cpp,2,206,27.654,1,1,0,c5ef909be6cda03f0f87a7354355468944e7f8840d5d2d83c344fdbf4a5d3bf6,04d5fc3bd443007507b8d2e2ea870060397833a500615e3e35ce6358bbe17cdf,11
ort_cpp,2,207,29.877,1,1,0,c5ef909be6cda03f0f87a7354355468944e7f8840d5d2d83c344fdbf4a5d3bf6,04d5fc3bd443007507b8d2e2ea870060397833a500615e3e35ce6358bbe17cdf,11
ort_cpp,2,208,27.799,1,1,0,c5ef909be6cda03f0f87a7354355468944e7f8840d5d2d83c344fdbf4a5d3bf6,04d5fc3bd443007507b8d2e2ea870060397833a500615e3e35ce6358bbe17cdf,11
ort_cpp,2,209,28.859,1,1,0,c5ef909be6cda03f0f87a7354355468944e7f8840d5d2d83c344fdbf4a5d3bf6,04d5fc3bd443007507b8d2e2ea870060397833a500615e3e35ce6358bbe17cdf,11
ort_cpp,2,210,29.548,1,1,0,c5ef909be6cda03f0f87a7354355468944e7f8840d5d2d83c344fdbf4a5d3bf6,04d5fc3bd443007507b8d2e2ea870060397833a500615e3e35ce6358bbe17cdf,11
ort_cpp,2,211,27.025,1,1,0,c5ef909be6cda03f0f87a7354355468944e7f8840d5d2d83c344fdbf4a5d3bf6,04d5fc3bd443007507b8d2e2ea870060397833a500615e3e35ce6358bbe17cdf,11
ort_cpp,2,212,27.219,1,1,0,c5ef909be6cda03f0f87a7354355468944e7f8840d5d2d83c344fdbf4a5d3bf6,04d5fc3bd443007507b8d2e2ea870060397833a500615e3e35ce6358bbe17cdf,11
ort_cpp,2,213,28.619,1,1,0,c5ef909be6cda03f0f87a7354355468944e7f8840d5d2d83c344fdbf4a5d3bf6,04d5fc3bd443007507b8d2e2ea870060397833a500615e3e35ce6358bbe17cdf,11
ort_cpp,2,214,27.459,1,1,0,c5ef909be6cda03f0f87a7354355468944e7f8840d5d2d83c344fdbf4a5d3bf6,04d5fc3bd443007507b8d2e2ea870060397833a500615e3e35ce6358bbe17cdf,11
ort_cpp,2,215,29.72,1,1,0,c5ef909be6cda03f0f87a7354355468944e7f8840d5d2d83c344fdbf4a5d3bf6,04d5fc3bd443007507b8d2e2ea870060397833a500615e3e35ce6358bbe17cdf,11
ort_cpp,2,216,27.365,1,1,0,c5ef909be6cda03f0f87a7354355468944e7f8840d5d2d83c344fdbf4a5d3bf6,04d5fc3bd443007507b8d2e2ea870060397833a500615e3e35ce6358bbe17cdf,11
ort_cpp,2,217,28.395,1,1,0,c5ef909be6cda03f0f87a7354355468944e7f8840d5d2d83c344fdbf4a5d3bf6,04d5fc3bd443007507b8d2e2ea870060397833a500615e3e35ce6358bbe17cdf,11
ort_cpp,2,218,32.597,1,1,0,c5ef909be6cda03f0f87a7354355468944e7f8840d5d2d83c344fdbf4a5d3bf6,04d5fc3bd443007507b8d2e2ea870060397833a500615e3e35ce6358bbe17cdf,11
ort_cpp,2,219,28.473,1,1,0,c5ef909be6cda03f0f87a7354355468944e7f8840d5d2d83c344fdbf4a5d3bf6,04d5fc3bd443007507b8d2e2ea870060397833a500615e3e35ce6358bbe17cdf,11
ort_cpp,2,220,27.429,1,1,0,c5ef909be6cda03f0f87a7354355468944e7f8840d5d2d83c344fdbf4a5d3bf6,04d5fc3bd443007507b8d2e2ea870060397833a500615e3e35ce6358bbe17cdf,11
ort_cpp,2,221,29.9,1,1,0,c5ef909be6cda03f0f87a7354355468944e7f8840d5d2d83c344fdbf4a5d3bf6,04d5fc3bd443007507b8d2e2ea870060397833a500615e3e35ce6358bbe17cdf,11
ort_cpp,2,222,31.886,1,1,0,c5ef909be6cda03f0f87a7354355468944e7f8840d5d2d83c344fdbf4a5d3bf6,04d5fc3bd443007507b8d2e2ea870060397833a500615e3e35ce6358bbe17cdf,11
ort_cpp,2,223,29.557,1,1,0,c5ef909be6cda03f0f87a7354355468944e7f8840d5d2d83c344fdbf4a5d3bf6,04d5fc3bd443007507b8d2e2ea870060397833a500615e3e35ce6358bbe17cdf,11
ort_cpp,2,224,27.022,1,1,0,c5ef909be6cda03f0f87a7354355468944e7f8840d5d2d83c344fdbf4a5d3bf6,04d5fc3bd443007507b8d2e2ea870060397833a500615e3e35ce6358bbe17cdf,11
ort_cpp,2,225,27.66,1,1,0,c5ef909be6cda03f0f87a7354355468944e7f8840d5d2d83c344fdbf4a5d3bf6,04d5fc3bd443007507b8d2e2ea870060397833a500615e3e35ce6358bbe17cdf,11
ort_cpp,2,226,28.342,1,1,0,c5ef909be6cda03f0f87a7354355468944e7f8840d5d2d83c344fdbf4a5d3bf6,04d5fc3bd443007507b8d2e2ea870060397833a500615e3e35ce6358bbe17cdf,11
ort_cpp,2,227,28.795,1,1,0,c5ef909be6cda03f0f87a7354355468944e7f8840d5d2d83c344fdbf4a5d3bf6,04d5fc3bd443007507b8d2e2ea870060397833a500615e3e35ce6358bbe17cdf,11
ort_cpp,2,228,28.18,1,1,0,c5ef909be6cda03f0f87a7354355468944e7f8840d5d2d83c344fdbf4a5d3bf6,04d5fc3bd443007507b8d2e2ea870060397833a500615e3e35ce6358bbe17cdf,11
ort_cpp,2,229,27.799,1,1,0,c5ef909be6cda03f0f87a7354355468944e7f8840d5d2d83c344fdbf4a5d3bf6,04d5fc3bd443007507b8d2e2ea870060397833a500615e3e35ce6358bbe17cdf,11
ort_cpp,2,230,34.688,1,1,0,c5ef909be6cda03f0f87a7354355468944e7f8840d5d2d83c344fdbf4a5d3bf6,04d5fc3bd443007507b8d2e2ea870060397833a500615e3e35ce6358bbe17cdf,11
ort_cpp,2,231,29.053,1,1,0,c5ef909be6cda03f0f87a7354355468944e7f8840d5d2d83c344fdbf4a5d3bf6,04d5fc3bd443007507b8d2e2ea870060397833a500615e3e35ce6358bbe17cdf,11
ort_cpp,2,232,28.912,1,1,0,c5ef909be6cda03f0f87a7354355468944e7f8840d5d2d83c344fdbf4a5d3bf6,04d5fc3bd443007507b8d2e2ea870060397833a500615e3e35ce6358bbe17cdf,11
ort_cpp,2,233,28.154,1,1,0,c5ef909be6cda03f0f87a7354355468944e7f8840d5d2d83c344fdbf4a5d3bf6,04d5fc3bd443007507b8d2e2ea870060397833a500615e3e35ce6358bbe17cdf,11
ort_cpp,2,234,31.898,1,1,0,c5ef909be6cda03f0f87a7354355468944e7f8840d5d2d83c344fdbf4a5d3bf6,04d5fc3bd443007507b8d2e2ea870060397833a500615e3e35ce6358bbe17cdf,11
ort_cpp,2,235,27.276,1,1,0,c5ef909be6cda03f0f87a7354355468944e7f8840d5d2d83c344fdbf4a5d3bf6,04d5fc3bd443007507b8d2e2ea870060397833a500615e3e35ce6358bbe17cdf,11
ort_cpp,2,236,27.529,1,1,0,c5ef909be6cda03f0f87a7354355468944e7f8840d5d2d83c344fdbf4a5d3bf6,04d5fc3bd443007507b8d2e2ea870060397833a500615e3e35ce6358bbe17cdf,11
ort_cpp,2,237,31.893,1,1,0,c5ef909be6cda03f0f87a7354355468944e7f8840d5d2d83c344fdbf4a5d3bf6,04d5fc3bd443007507b8d2e2ea870060397833a500615e3e35ce6358bbe17cdf,11
ort_cpp,2,238,29.551,1,1,0,c5ef909be6cda03f0f87a7354355468944e7f8840d5d2d83c344fdbf4a5d3bf6,04d5fc3bd443007507b8d2e2ea870060397833a500615e3e35ce6358bbe17cdf,11
ort_cpp,2,239,27.455,1,1,0,c5ef909be6cda03f0f87a7354355468944e7f8840d5d2d83c344fdbf4a5d3bf6,04d5fc3bd443007507b8d2e2ea870060397833a500615e3e35ce6358bbe17cdf,11
ort_cpp,2,240,27.401,1,1,0,c5ef909be6cda03f0f87a7354355468944e7f8840d5d2d83c344fdbf4a5d3bf6,04d5fc3bd443007507b8d2e2ea870060397833a500615e3e35ce6358bbe17cdf,11
ort_cpp,2,241,31.62,1,1,0,c5ef909be6cda03f0f87a7354355468944e7f8840d5d2d83c344fdbf4a5d3bf6,04d5fc3bd443007507b8d2e2ea870060397833a500615e3e35ce6358bbe17cdf,11
ort_cpp,2,242,27.656,1,1,0,c5ef909be6cda03f0f87a7354355468944e7f8840d5d2d83c344fdbf4a5d3bf6,04d5fc3bd443007507b8d2e2ea870060397833a500615e3e35ce6358bbe17cdf,11
ort_cpp,2,243,28.419,1,1,0,c5ef909be6cda03f0f87a7354355468944e7f8840d5d2d83c344fdbf4a5d3bf6,04d5fc3bd443007507b8d2e2ea870060397833a500615e3e35ce6358bbe17cdf,11
ort_cpp,2,244,31.296,1,1,0,c5ef909be6cda03f0f87a7354355468944e7f8840d5d2d83c344fdbf4a5d3bf6,04d5fc3bd443007507b8d2e2ea870060397833a500615e3e35ce6358bbe17cdf,11
ort_cpp,2,245,26.827,1,1,0,c5ef909be6cda03f0f87a7354355468944e7f8840d5d2d83c344fdbf4a5d3bf6,04d5fc3bd443007507b8d2e2ea870060397833a500615e3e35ce6358bbe17cdf,11
ort_cpp,2,246,28.715,1,1,0,c5ef909be6cda03f0f87a7354355468944e7f8840d5d2d83c344fdbf4a5d3bf6,04d5fc3bd443007507b8d2e2ea870060397833a500615e3e35ce6358bbe17cdf,11
ort_cpp,2,247,30.707,1,1,0,c5ef909be6cda03f0f87a7354355468944e7f8840d5d2d83c344fdbf4a5d3bf6,04d5fc3bd443007507b8d2e2ea870060397833a500615e3e35ce6358bbe17cdf,11
ort_cpp,2,248,31.016,1,1,0,c5ef909be6cda03f0f87a7354355468944e7f8840d5d2d83c344fdbf4a5d3bf6,04d5fc3bd443007507b8d2e2ea870060397833a500615e3e35ce6358bbe17cdf,11
ort_cpp,2,249,28.975,1,1,0,c5ef909be6cda03f0f87a7354355468944e7f8840d5d2d83c344fdbf4a5d3bf6,04d5fc3bd443007507b8d2e2ea870060397833a500615e3e35ce6358bbe17cdf,11
ort_cpp,2,250,30.31,1,1,0,c5ef909be6cda03f0f87a7354355468944e7f8840d5d2d83c344fdbf4a5d3bf6,04d5fc3bd443007507b8d2e2ea870060397833a500615e3e35ce6358bbe17cdf,11
ort_cpp,2,251,30.982,1,1,0,c5ef909be6cda03f0f87a7354355468944e7f8840d5d2d83c344fdbf4a5d3bf6,04d5fc3bd443007507b8d2e2ea870060397833a500615e3e35ce6358bbe17cdf,11
ort_cpp,2,252,27.937,1,1,0,c5ef909be6cda03f0f87a7354355468944e7f8840d5d2d83c344fdbf4a5d3bf6,04d5fc3bd443007507b8d2e2ea870060397833a500615e3e35ce6358bbe17cdf,11
ort_cpp,2,253,27.893,1,1,0,c5ef909be6cda03f0f87a7354355468944e7f8840d5d2d83c344fdbf4a5d3bf6,04d5fc3bd443007507b8d2e2ea870060397833a500615e3e35ce6358bbe17cdf,11
ort_cpp,2,254,28.129,1,1,0,c5ef909be6cda03f0f87a7354355468944e7f8840d5d2d83c344fdbf4a5d3bf6,04d5fc3bd443007507b8d2e2ea870060397833a500615e3e35ce6358bbe17cdf,11
ort_cpp,2,255,31.06,1,1,0,c5ef909be6cda03f0f87a7354355468944e7f8840d5d2d83c344fdbf4a5d3bf6,04d5fc3bd443007507b8d2e2ea870060397833a500615e3e35ce6358bbe17cdf,11
ort_cpp,2,256,27.488,1,1,0,c5ef909be6cda03f0f87a7354355468944e7f8840d5d2d83c344fdbf4a5d3bf6,04d5fc3bd443007507b8d2e2ea870060397833a500615e3e35ce6358bbe17cdf,11
ort_cpp,2,257,28.212,1,1,0,c5ef909be6cda03f0f87a7354355468944e7f8840d5d2d83c344fdbf4a5d3bf6,04d5fc3bd443007507b8d2e2ea870060397833a500615e3e35ce6358bbe17cdf,11
ort_cpp,2,258,28.033,1,1,0,c5ef909be6cda03f0f87a7354355468944e7f8840d5d2d83c344fdbf4a5d3bf6,04d5fc3bd443007507b8d2e2ea870060397833a500615e3e35ce6358bbe17cdf,11
ort_cpp,2,259,30.833,1,1,0,c5ef909be6cda03f0f87a7354355468944e7f8840d5d2d83c344fdbf4a5d3bf6,04d5fc3bd443007507b8d2e2ea870060397833a500615e3e35ce6358bbe17cdf,11
ort_cpp,2,260,28.163,1,1,0,c5ef909be6cda03f0f87a7354355468944e7f8840d5d2d83c344fdbf4a5d3bf6,04d5fc3bd443007507b8d2e2ea870060397833a500615e3e35ce6358bbe17cdf,11
ort_cpp,2,261,27.754,1,1,0,c5ef909be6cda03f0f87a7354355468944e7f8840d5d2d83c344fdbf4a5d3bf6,04d5fc3bd443007507b8d2e2ea870060397833a500615e3e35ce6358bbe17cdf,11
ort_cpp,2,262,30.582,1,1,0,c5ef909be6cda03f0f87a7354355468944e7f8840d5d2d83c344fdbf4a5d3bf6,04d5fc3bd443007507b8d2e2ea870060397833a500615e3e35ce6358bbe17cdf,11
ort_cpp,2,263,29.29,1,1,0,c5ef909be6cda03f0f87a7354355468944e7f8840d5d2d83c344fdbf4a5d3bf6,04d5fc3bd443007507b8d2e2ea870060397833a500615e3e35ce6358bbe17cdf,11
ort_cpp,2,264,26.534,1,1,0,c5ef909be6cda03f0f87a7354355468944e7f8840d5d2d83c344fdbf4a5d3bf6,04d5fc3bd443007507b8d2e2ea870060397833a500615e3e35ce6358bbe17cdf,11
ort_cpp,2,265,27.066,1,1,0,c5ef909be6cda03f0f87a7354355468944e7f8840d5d2d83c344fdbf4a5d3bf6,04d5fc3bd443007507b8d2e2ea870060397833a500615e3e35ce6358bbe17cdf,11
ort_cpp,2,266,29.542,1,1,0,c5ef909be6cda03f0f87a7354355468944e7f8840d5d2d83c344fdbf4a5d3bf6,04d5fc3bd443007507b8d2e2ea870060397833a500615e3e35ce6358bbe17cdf,11
ort_cpp,2,267,29.66,1,1,0,c5ef909be6cda03f0f87a7354355468944e7f8840d5d2d83c344fdbf4a5d3bf6,04d5fc3bd443007507b8d2e2ea870060397833a500615e3e35ce6358bbe17cdf,11
ort_cpp,2,268,29.764,1,1,0,c5ef909be6cda03f0f87a7354355468944e7f8840d5d2d83c344fdbf4a5d3bf6,04d5fc3bd443007507b8d2e2ea870060397833a500615e3e35ce6358bbe17cdf,11
ort_cpp,2,269,30.3,1,1,0,c5ef909be6cda03f0f87a7354355468944e7f8840d5d2d83c344fdbf4a5d3bf6,04d5fc3bd443007507b8d2e2ea870060397833a500615e3e35ce6358bbe17cdf,11
ort_cpp,2,270,27.541,1,1,0,c5ef909be6cda03f0f87a7354355468944e7f8840d5d2d83c344fdbf4a5d3bf6,04d5fc3bd443007507b8d2e2ea870060397833a500615e3e35ce6358bbe17cdf,11
ort_cpp,2,271,28.123,1,1,0,c5ef909be6cda03f0f87a7354355468944e7f8840d5d2d83c344fdbf4a5d3bf6,04d5fc3bd443007507b8d2e2ea870060397833a500615e3e35ce6358bbe17cdf,11
ort_cpp,2,272,28.937,1,1,0,c5ef909be6cda03f0f87a7354355468944e7f8840d5d2d83c344fdbf4a5d3bf6,04d5fc3bd443007507b8d2e2ea870060397833a500615e3e35ce6358bbe17cdf,11
ort_cpp,2,273,30.894,1,1,0,c5ef909be6cda03f0f87a7354355468944e7f8840d5d2d83c344fdbf4a5d3bf6,04d5fc3bd443007507b8d2e2ea870060397833a500615e3e35ce6358bbe17cdf,11
ort_cpp,2,274,30.791,1,1,0,c5ef909be6cda03f0f87a7354355468944e7f8840d5d2d83c344fdbf4a5d3bf6,04d5fc3bd443007507b8d2e2ea870060397833a500615e3e35ce6358bbe17cdf,11
ort_cpp,2,275,28.59,1,1,0,c5ef909be6cda03f0f87a7354355468944e7f8840d5d2d83c344fdbf4a5d3bf6,04d5fc3bd443007507b8d2e2ea870060397833a500615e3e35ce6358bbe17cdf,11
ort_cpp,2,276,31.862,1,1,0,c5ef909be6cda03f0f87a7354355468944e7f8840d5d2d83c344fdbf4a5d3bf6,04d5fc3bd443007507b8d2e2ea870060397833a500615e3e35ce6358bbe17cdf,11
ort_cpp,2,277,29.315,1,1,0,c5ef909be6cda03f0f87a7354355468944e7f8840d5d2d83c344fdbf4a5d3bf6,04d5fc3bd443007507b8d2e2ea870060397833a500615e3e35ce6358bbe17cdf,11
ort_cpp,2,278,29.904,1,1,0,c5ef909be6cda03f0f87a7354355468944e7f8840d5d2d83c344fdbf4a5d3bf6,04d5fc3bd443007507b8d2e2ea870060397833a500615e3e35ce6358bbe17cdf,11
ort_cpp,2,279,28.302,1,1,0,c5ef909be6cda03f0f87a7354355468944e7f8840d5d2d83c344fdbf4a5d3bf6,04d5fc3bd443007507b8d2e2ea870060397833a500615e3e35ce6358bbe17cdf,11
ort_cpp,2,280,32.395,1,1,0,c5ef909be6cda03f0f87a7354355468944e7f8840d5d2d83c344fdbf4a5d3bf6,04d5fc3bd443007507b8d2e2ea870060397833a500615e3e35ce6358bbe17cdf,11
ort_cpp,2,281,26.539,1,1,0,c5ef909be6cda03f0f87a7354355468944e7f8840d5d2d83c344fdbf4a5d3bf6,04d5fc3bd443007507b8d2e2ea870060397833a500615e3e35ce6358bbe17cdf,11
ort_cpp,2,282,27.417,1,1,0,c5ef909be6cda03f0f87a7354355468944e7f8840d5d2d83c344fdbf4a5d3bf6,04d5fc3bd443007507b8d2e2ea870060397833a500615e3e35ce6358bbe17cdf,11
ort_cpp,2,283,30.572,1,1,0,c5ef909be6cda03f0f87a7354355468944e7f8840d5d2d83c344fdbf4a5d3bf6,04d5fc3bd443007507b8d2e2ea870060397833a500615e3e35ce6358bbe17cdf,11
ort_cpp,2,284,26.252,1,1,0,c5ef909be6cda03f0f87a7354355468944e7f8840d5d2d83c344fdbf4a5d3bf6,04d5fc3bd443007507b8d2e2ea870060397833a500615e3e35ce6358bbe17cdf,11
ort_cpp,2,285,27.2,1,1,0,c5ef909be6cda03f0f87a7354355468944e7f8840d5d2d83c344fdbf4a5d3bf6,04d5fc3bd443007507b8d2e2ea870060397833a500615e3e35ce6358bbe17cdf,11
ort_cpp,2,286,26.175,1,1,0,c5ef909be6cda03f0f87a7354355468944e7f8840d5d2d83c344fdbf4a5d3bf6,04d5fc3bd443007507b8d2e2ea870060397833a500615e3e35ce6358bbe17cdf,11
ort_cpp,2,287,27.918,1,1,0,c5ef909be6cda03f0f87a7354355468944e7f8840d5d2d83c344fdbf4a5d3bf6,04d5fc3bd443007507b8d2e2ea870060397833a500615e3e35ce6358bbe17cdf,11
ort_cpp,2,288,27.965,1,1,0,c5ef909be6cda03f0f87a7354355468944e7f8840d5d2d83c344fdbf4a5d3bf6,04d5fc3bd443007507b8d2e2ea870060397833a500615e3e35ce6358bbe17cdf,11
ort_cpp,2,289,27.003,1,1,0,c5ef909be6cda03f0f87a7354355468944e7f8840d5d2d83c344fdbf4a5d3bf6,04d5fc3bd443007507b8d2e2ea870060397833a500615e3e35ce6358bbe17cdf,11
ort_cpp,2,290,27.157,1,1,0,c5ef909be6cda03f0f87a7354355468944e7f8840d5d2d83c344fdbf4a5d3bf6,04d5fc3bd443007507b8d2e2ea870060397833a500615e3e35ce6358bbe17cdf,11
ort_cpp,2,291,27.247,1,1,0,c5ef909be6cda03f0f87a7354355468944e7f8840d5d2d83c344fdbf4a5d3bf6,04d5fc3bd443007507b8d2e2ea870060397833a500615e3e35ce6358bbe17cdf,11
ort_cpp,2,292,28.033,1,1,0,c5ef909be6cda03f0f87a7354355468944e7f8840d5d2d83c344fdbf4a5d3bf6,04d5fc3bd443007507b8d2e2ea870060397833a500615e3e35ce6358bbe17cdf,11
ort_cpp,2,293,33.015,1,1,0,c5ef909be6cda03f0f87a7354355468944e7f8840d5d2d83c344fdbf4a5d3bf6,04d5fc3bd443007507b8d2e2ea870060397833a500615e3e35ce6358bbe17cdf,11
ort_cpp,2,294,28.787,1,1,0,c5ef909be6cda03f0f87a7354355468944e7f8840d5d2d83c344fdbf4a5d3bf6,04d5fc3bd443007507b8d2e2ea870060397833a500615e3e35ce6358bbe17cdf,11
ort_cpp,2,295,33.318,1,1,0,c5ef909be6cda03f0f87a7354355468944e7f8840d5d2d83c344fdbf4a5d3bf6,04d5fc3bd443007507b8d2e2ea870060397833a500615e3e35ce6358bbe17cdf,11
ort_cpp,2,296,30.029,1,1,0,c5ef909be6cda03f0f87a7354355468944e7f8840d5d2d83c344fdbf4a5d3bf6,04d5fc3bd443007507b8d2e2ea870060397833a500615e3e35ce6358bbe17cdf,11
ort_cpp,2,297,27.663,1,1,0,c5ef909be6cda03f0f87a7354355468944e7f8840d5d2d83c344fdbf4a5d3bf6,04d5fc3bd443007507b8d2e2ea870060397833a500615e3e35ce6358bbe17cdf,11
ort_cpp,2,298,28.964,1,1,0,c5ef909be6cda03f0f87a7354355468944e7f8840d5d2d83c344fdbf4a5d3bf6,04d5fc3bd443007507b8d2e2ea870060397833a500615e3e35ce6358bbe17cdf,11
ort_cpp,2,299,28.753,1,1,0,c5ef909be6cda03f0f87a7354355468944e7f8840d5d2d83c344fdbf4a5d3bf6,04d5fc3bd443007507b8d2e2ea870060397833a500615e3e35ce6358bbe17cdf,11
ort_cpp,1,0,27.915,1,1,0,c5ef909be6cda03f0f87a7354355468944e7f8840d5d2d83c344fdbf4a5d3bf6,04d5fc3bd443007507b8d2e2ea870060397833a500615e3e35ce6358bbe17cdf,12
ort_cpp,1,1,31.959,1,1,0,c5ef909be6cda03f0f87a7354355468944e7f8840d5d2d83c344fdbf4a5d3bf6,04d5fc3bd443007507b8d2e2ea870060397833a500615e3e35ce6358bbe17cdf,12
ort_cpp,1,2,27.751,1,1,0,c5ef909be6cda03f0f87a7354355468944e7f8840d5d2d83c344fdbf4a5d3bf6,04d5fc3bd443007507b8d2e2ea870060397833a500615e3e35ce6358bbe17cdf,12
ort_cpp,1,3,29.056,1,1,0,c5ef909be6cda03f0f87a7354355468944e7f8840d5d2d83c344fdbf4a5d3bf6,04d5fc3bd443007507b8d2e2ea870060397833a500615e3e35ce6358bbe17cdf,12
ort_cpp,1,4,28.037,1,1,0,c5ef909be6cda03f0f87a7354355468944e7f8840d5d2d83c344fdbf4a5d3bf6,04d5fc3bd443007507b8d2e2ea870060397833a500615e3e35ce6358bbe17cdf,12
ort_cpp,1,5,29.705,1,1,0,c5ef909be6cda03f0f87a7354355468944e7f8840d5d2d83c344fdbf4a5d3bf6,04d5fc3bd443007507b8d2e2ea870060397833a500615e3e35ce6358bbe17cdf,12
ort_cpp,1,6,30.313,1,1,0,c5ef909be6cda03f0f87a7354355468944e7f8840d5d2d83c344fdbf4a5d3bf6,04d5fc3bd443007507b8d2e2ea870060397833a500615e3e35ce6358bbe17cdf,12
ort_cpp,1,7,29.442,1,1,0,c5ef909be6cda03f0f87a7354355468944e7f8840d5d2d83c344fdbf4a5d3bf6,04d5fc3bd443007507b8d2e2ea870060397833a500615e3e35ce6358bbe17cdf,12
ort_cpp,1,8,27.145,1,1,0,c5ef909be6cda03f0f87a7354355468944e7f8840d5d2d83c344fdbf4a5d3bf6,04d5fc3bd443007507b8d2e2ea870060397833a500615e3e35ce6358bbe17cdf,12
ort_cpp,1,9,27.736,1,1,0,c5ef909be6cda03f0f87a7354355468944e7f8840d5d2d83c344fdbf4a5d3bf6,04d5fc3bd443007507b8d2e2ea870060397833a500615e3e35ce6358bbe17cdf,12
ort_cpp,1,10,28.252,1,1,0,c5ef909be6cda03f0f87a7354355468944e7f8840d5d2d83c344fdbf4a5d3bf6,04d5fc3bd443007507b8d2e2ea870060397833a500615e3e35ce6358bbe17cdf,12
ort_cpp,1,11,28.544,1,1,0,c5ef909be6cda03f0f87a7354355468944e7f8840d5d2d83c344fdbf4a5d3bf6,04d5fc3bd443007507b8d2e2ea870060397833a500615e3e35ce6358bbe17cdf,12
ort_cpp,1,12,27.031,1,1,0,c5ef909be6cda03f0f87a7354355468944e7f8840d5d2d83c344fdbf4a5d3bf6,04d5fc3bd443007507b8d2e2ea870060397833a500615e3e35ce6358bbe17cdf,12
ort_cpp,1,13,27.566,1,1,0,c5ef909be6cda03f0f87a7354355468944e7f8840d5d2d83c344fdbf4a5d3bf6,04d5fc3bd443007507b8d2e2ea870060397833a500615e3e35ce6358bbe17cdf,12
ort_cpp,1,14,27.547,1,1,0,c5ef909be6cda03f0f87a7354355468944e7f8840d5d2d83c344fdbf4a5d3bf6,04d5fc3bd443007507b8d2e2ea870060397833a500615e3e35ce6358bbe17cdf,12
ort_cpp,1,15,28.722,1,1,0,c5ef909be6cda03f0f87a7354355468944e7f8840d5d2d83c344fdbf4a5d3bf6,04d5fc3bd443007507b8d2e2ea870060397833a500615e3e35ce6358bbe17cdf,12
ort_cpp,1,16,30.362,1,1,0,c5ef909be6cda03f0f87a7354355468944e7f8840d5d2d83c344fdbf4a5d3bf6,04d5fc3bd443007507b8d2e2ea870060397833a500615e3e35ce6358bbe17cdf,12
ort_cpp,1,17,28.214,1,1,0,c5ef909be6cda03f0f87a7354355468944e7f8840d5d2d83c344fdbf4a5d3bf6,04d5fc3bd443007507b8d2e2ea870060397833a500615e3e35ce6358bbe17cdf,12
ort_cpp,1,18,31.819,1,1,0,c5ef909be6cda03f0f87a7354355468944e7f8840d5d2d83c344fdbf4a5d3bf6,04d5fc3bd443007507b8d2e2ea870060397833a500615e3e35ce6358bbe17cdf,12
ort_cpp,1,19,32.085,1,1,0,c5ef909be6cda03f0f87a7354355468944e7f8840d5d2d83c344fdbf4a5d3bf6,04d5fc3bd443007507b8d2e2ea870060397833a500615e3e35ce6358bbe17cdf,12
ort_cpp,1,20,28.325,1,1,0,c5ef909be6cda03f0f87a7354355468944e7f8840d5d2d83c344fdbf4a5d3bf6,04d5fc3bd443007507b8d2e2ea870060397833a500615e3e35ce6358bbe17cdf,12
ort_cpp,1,21,27.3,1,1,0,c5ef909be6cda03f0f87a7354355468944e7f8840d5d2d83c344fdbf4a5d3bf6,04d5fc3bd443007507b8d2e2ea870060397833a500615e3e35ce6358bbe17cdf,12
ort_cpp,1,22,27.738,1,1,0,c5ef909be6cda03f0f87a7354355468944e7f8840d5d2d83c344fdbf4a5d3bf6,04d5fc3bd443007507b8d2e2ea870060397833a500615e3e35ce6358bbe17cdf,12
ort_cpp,1,23,27.054,1,1,0,c5ef909be6cda03f0f87a7354355468944e7f8840d5d2d83c344fdbf4a5d3bf6,04d5fc3bd443007507b8d2e2ea870060397833a500615e3e35ce6358bbe17cdf,12
ort_cpp,1,24,30.176,1,1,0,c5ef909be6cda03f0f87a7354355468944e7f8840d5d2d83c344fdbf4a5d3bf6,04d5fc3bd443007507b8d2e2ea870060397833a500615e3e35ce6358bbe17cdf,12
ort_cpp,1,25,26.977,1,1,0,c5ef909be6cda03f0f87a7354355468944e7f8840d5d2d83c344fdbf4a5d3bf6,04d5fc3bd443007507b8d2e2ea870060397833a500615e3e35ce6358bbe17cdf,12
ort_cpp,1,26,29.246,1,1,0,c5ef909be6cda03f0f87a7354355468944e7f8840d5d2d83c344fdbf4a5d3bf6,04d5fc3bd443007507b8d2e2ea870060397833a500615e3e35ce6358bbe17cdf,12
ort_cpp,1,27,30.828,1,1,0,c5ef909be6cda03f0f87a7354355468944e7f8840d5d2d83c344fdbf4a5d3bf6,04d5fc3bd443007507b8d2e2ea870060397833a500615e3e35ce6358bbe17cdf,12
ort_cpp,1,28,30.007,1,1,0,c5ef909be6cda03f0f87a7354355468944e7f8840d5d2d83c344fdbf4a5d3bf6,04d5fc3bd443007507b8d2e2ea870060397833a500615e3e35ce6358bbe17cdf,12
ort_cpp,1,29,26.718,1,1,0,c5ef909be6cda03f0f87a7354355468944e7f8840d5d2d83c344fdbf4a5d3bf6,04d5fc3bd443007507b8d2e2ea870060397833a500615e3e35ce6358bbe17cdf,12
ort_cpp,1,30,28.152,1,1,0,c5ef909be6cda03f0f87a7354355468944e7f8840d5d2d83c344fdbf4a5d3bf6,04d5fc3bd443007507b8d2e2ea870060397833a500615e3e35ce6358bbe17cdf,12
ort_cpp,1,31,30.902,1,1,0,c5ef909be6cda03f0f87a7354355468944e7f8840d5d2d83c344fdbf4a5d3bf6,04d5fc3bd443007507b8d2e2ea870060397833a500615e3e35ce6358bbe17cdf,12
ort_cpp,1,32,27.568,1,1,0,c5ef909be6cda03f0f87a7354355468944e7f8840d5d2d83c344fdbf4a5d3bf6,04d5fc3bd443007507b8d2e2ea870060397833a500615e3e35ce6358bbe17cdf,12
ort_cpp,1,33,27.125,1,1,0,c5ef909be6cda03f0f87a7354355468944e7f8840d5d2d83c344fdbf4a5d3bf6,04d5fc3bd443007507b8d2e2ea870060397833a500615e3e35ce6358bbe17cdf,12
ort_cpp,1,34,28.162,1,1,0,c5ef909be6cda03f0f87a7354355468944e7f8840d5d2d83c344fdbf4a5d3bf6,04d5fc3bd443007507b8d2e2ea870060397833a500615e3e35ce6358bbe17cdf,12
ort_cpp,1,35,31.119,1,1,0,c5ef909be6cda03f0f87a7354355468944e7f8840d5d2d83c344fdbf4a5d3bf6,04d5fc3bd443007507b8d2e2ea870060397833a500615e3e35ce6358bbe17cdf,12
ort_cpp,1,36,26.983,1,1,0,c5ef909be6cda03f0f87a7354355468944e7f8840d5d2d83c344fdbf4a5d3bf6,04d5fc3bd443007507b8d2e2ea870060397833a500615e3e35ce6358bbe17cdf,12
ort_cpp,1,37,27.957,1,1,0,c5ef909be6cda03f0f87a7354355468944e7f8840d5d2d83c344fdbf4a5d3bf6,04d5fc3bd443007507b8d2e2ea870060397833a500615e3e35ce6358bbe17cdf,12
ort_cpp,1,38,28.752,1,1,0,c5ef909be6cda03f0f87a7354355468944e7f8840d5d2d83c344fdbf4a5d3bf6,04d5fc3bd443007507b8d2e2ea870060397833a500615e3e35ce6358bbe17cdf,12
ort_cpp,1,39,33.105,1,1,0,c5ef909be6cda03f0f87a7354355468944e7f8840d5d2d83c344fdbf4a5d3bf6,04d5fc3bd443007507b8d2e2ea870060397833a500615e3e35ce6358bbe17cdf,12
ort_cpp,1,40,28.997,1,1,0,c5ef909be6cda03f0f87a7354355468944e7f8840d5d2d83c344fdbf4a5d3bf6,04d5fc3bd443007507b8d2e2ea870060397833a500615e3e35ce6358bbe17cdf,12
ort_cpp,1,41,27.587,1,1,0,c5ef909be6cda03f0f87a7354355468944e7f8840d5d2d83c344fdbf4a5d3bf6,04d5fc3bd443007507b8d2e2ea870060397833a500615e3e35ce6358bbe17cdf,12
ort_cpp,1,42,31.454,1,1,0,c5ef909be6cda03f0f87a7354355468944e7f8840d5d2d83c344fdbf4a5d3bf6,04d5fc3bd443007507b8d2e2ea870060397833a500615e3e35ce6358bbe17cdf,12
ort_cpp,1,43,27.896,1,1,0,c5ef909be6cda03f0f87a7354355468944e7f8840d5d2d83c344fdbf4a5d3bf6,04d5fc3bd443007507b8d2e2ea870060397833a500615e3e35ce6358bbe17cdf,12
ort_cpp,1,44,32.542,1,1,0,c5ef909be6cda03f0f87a7354355468944e7f8840d5d2d83c344fdbf4a5d3bf6,04d5fc3bd443007507b8d2e2ea870060397833a500615e3e35ce6358bbe17cdf,12
ort_cpp,1,45,27.324,1,1,0,c5ef909be6cda03f0f87a7354355468944e7f8840d5d2d83c344fdbf4a5d3bf6,04d5fc3bd443007507b8d2e2ea870060397833a500615e3e35ce6358bbe17cdf,12
ort_cpp,1,46,30.186,1,1,0,c5ef909be6cda03f0f87a7354355468944e7f8840d5d2d83c344fdbf4a5d3bf6,04d5fc3bd443007507b8d2e2ea870060397833a500615e3e35ce6358bbe17cdf,12
ort_cpp,1,47,29.502,1,1,0,c5ef909be6cda03f0f87a7354355468944e7f8840d5d2d83c344fdbf4a5d3bf6,04d5fc3bd443007507b8d2e2ea870060397833a500615e3e35ce6358bbe17cdf,12
ort_cpp,1,48,33.142,1,1,0,c5ef909be6cda03f0f87a7354355468944e7f8840d5d2d83c344fdbf4a5d3bf6,04d5fc3bd443007507b8d2e2ea870060397833a500615e3e35ce6358bbe17cdf,12
ort_cpp,1,49,28.152,1,1,0,c5ef909be6cda03f0f87a7354355468944e7f8840d5d2d83c344fdbf4a5d3bf6,04d5fc3bd443007507b8d2e2ea870060397833a500615e3e35ce6358bbe17cdf,12
ort_cpp,1,50,28.128,1,1,0,c5ef909be6cda03f0f87a7354355468944e7f8840d5d2d83c344fdbf4a5d3bf6,04d5fc3bd443007507b8d2e2ea870060397833a500615e3e35ce6358bbe17cdf,12
ort_cpp,1,51,29.22,1,1,0,c5ef909be6cda03f0f87a7354355468944e7f8840d5d2d83c344fdbf4a5d3bf6,04d5fc3bd443007507b8d2e2ea870060397833a500615e3e35ce6358bbe17cdf,12
ort_cpp,1,52,27.894,1,1,0,c5ef909be6cda03f0f87a7354355468944e7f8840d5d2d83c344fdbf4a5d3bf6,04d5fc3bd443007507b8d2e2ea870060397833a500615e3e35ce6358bbe17cdf,12
ort_cpp,1,53,29.236,1,1,0,c5ef909be6cda03f0f87a7354355468944e7f8840d5d2d83c344fdbf4a5d3bf6,04d5fc3bd443007507b8d2e2ea870060397833a500615e3e35ce6358bbe17cdf,12
ort_cpp,1,54,28.655,1,1,0,c5ef909be6cda03f0f87a7354355468944e7f8840d5d2d83c344fdbf4a5d3bf6,04d5fc3bd443007507b8d2e2ea870060397833a500615e3e35ce6358bbe17cdf,12
ort_cpp,1,55,31.441,1,1,0,c5ef909be6cda03f0f87a7354355468944e7f8840d5d2d83c344fdbf4a5d3bf6,04d5fc3bd443007507b8d2e2ea870060397833a500615e3e35ce6358bbe17cdf,12
ort_cpp,1,56,30.089,1,1,0,c5ef909be6cda03f0f87a7354355468944e7f8840d5d2d83c344fdbf4a5d3bf6,04d5fc3bd443007507b8d2e2ea870060397833a500615e3e35ce6358bbe17cdf,12
ort_cpp,1,57,34.677,1,1,0,c5ef909be6cda03f0f87a7354355468944e7f8840d5d2d83c344fdbf4a5d3bf6,04d5fc3bd443007507b8d2e2ea870060397833a500615e3e35ce6358bbe17cdf,12
ort_cpp,1,58,29.799,1,1,0,c5ef909be6cda03f0f87a7354355468944e7f8840d5d2d83c344fdbf4a5d3bf6,04d5fc3bd443007507b8d2e2ea870060397833a500615e3e35ce6358bbe17cdf,12
ort_cpp,1,59,32.03,1,1,0,c5ef909be6cda03f0f87a7354355468944e7f8840d5d2d83c344fdbf4a5d3bf6,04d5fc3bd443007507b8d2e2ea870060397833a500615e3e35ce6358bbe17cdf,12
ort_cpp,1,60,27.738,1,1,0,c5ef909be6cda03f0f87a7354355468944e7f8840d5d2d83c344fdbf4a5d3bf6,04d5fc3bd443007507b8d2e2ea870060397833a500615e3e35ce6358bbe17cdf,12
ort_cpp,1,61,30.528,1,1,0,c5ef909be6cda03f0f87a7354355468944e7f8840d5d2d83c344fdbf4a5d3bf6,04d5fc3bd443007507b8d2e2ea870060397833a500615e3e35ce6358bbe17cdf,12
ort_cpp,1,62,30.142,1,1,0,c5ef909be6cda03f0f87a7354355468944e7f8840d5d2d83c344fdbf4a5d3bf6,04d5fc3bd443007507b8d2e2ea870060397833a500615e3e35ce6358bbe17cdf,12
ort_cpp,1,63,31.728,1,1,0,c5ef909be6cda03f0f87a7354355468944e7f8840d5d2d83c344fdbf4a5d3bf6,04d5fc3bd443007507b8d2e2ea870060397833a500615e3e35ce6358bbe17cdf,12
ort_cpp,1,64,41.151,1,1,0,c5ef909be6cda03f0f87a7354355468944e7f8840d5d2d83c344fdbf4a5d3bf6,04d5fc3bd443007507b8d2e2ea870060397833a500615e3e35ce6358bbe17cdf,12
ort_cpp,1,65,28.041,1,1,0,c5ef909be6cda03f0f87a7354355468944e7f8840d5d2d83c344fdbf4a5d3bf6,04d5fc3bd443007507b8d2e2ea870060397833a500615e3e35ce6358bbe17cdf,12
ort_cpp,1,66,30.364,1,1,0,c5ef909be6cda03f0f87a7354355468944e7f8840d5d2d83c344fdbf4a5d3bf6,04d5fc3bd443007507b8d2e2ea870060397833a500615e3e35ce6358bbe17cdf,12
ort_cpp,1,67,27.783,1,1,0,c5ef909be6cda03f0f87a7354355468944e7f8840d5d2d83c344fdbf4a5d3bf6,04d5fc3bd443007507b8d2e2ea870060397833a500615e3e35ce6358bbe17cdf,12
ort_cpp,1,68,30.281,1,1,0,c5ef909be6cda03f0f87a7354355468944e7f8840d5d2d83c344fdbf4a5d3bf6,04d5fc3bd443007507b8d2e2ea870060397833a500615e3e35ce6358bbe17cdf,12
ort_cpp,1,69,28.174,1,1,0,c5ef909be6cda03f0f87a7354355468944e7f8840d5d2d83c344fdbf4a5d3bf6,04d5fc3bd443007507b8d2e2ea870060397833a500615e3e35ce6358bbe17cdf,12
ort_cpp,1,70,29.084,1,1,0,c5ef909be6cda03f0f87a7354355468944e7f8840d5d2d83c344fdbf4a5d3bf6,04d5fc3bd443007507b8d2e2ea870060397833a500615e3e35ce6358bbe17cdf,12
ort_cpp,1,71,27.398,1,1,0,c5ef909be6cda03f0f87a7354355468944e7f8840d5d2d83c344fdbf4a5d3bf6,04d5fc3bd443007507b8d2e2ea870060397833a500615e3e35ce6358bbe17cdf,12
ort_cpp,1,72,29.6,1,1,0,c5ef909be6cda03f0f87a7354355468944e7f8840d5d2d83c344fdbf4a5d3bf6,04d5fc3bd443007507b8d2e2ea870060397833a500615e3e35ce6358bbe17cdf,12
ort_cpp,1,73,27.857,1,1,0,c5ef909be6cda03f0f87a7354355468944e7f8840d5d2d83c344fdbf4a5d3bf6,04d5fc3bd443007507b8d2e2ea870060397833a500615e3e35ce6358bbe17cdf,12
ort_cpp,1,74,30.729,1,1,0,c5ef909be6cda03f0f87a7354355468944e7f8840d5d2d83c344fdbf4a5d3bf6,04d5fc3bd443007507b8d2e2ea870060397833a500615e3e35ce6358bbe17cdf,12
ort_cpp,1,75,27.364,1,1,0,c5ef909be6cda03f0f87a7354355468944e7f8840d5d2d83c344fdbf4a5d3bf6,04d5fc3bd443007507b8d2e2ea870060397833a500615e3e35ce6358bbe17cdf,12
ort_cpp,1,76,27.98,1,1,0,c5ef909be6cda03f0f87a7354355468944e7f8840d5d2d83c344fdbf4a5d3bf6,04d5fc3bd443007507b8d2e2ea870060397833a500615e3e35ce6358bbe17cdf,12
ort_cpp,1,77,27.789,1,1,0,c5ef909be6cda03f0f87a7354355468944e7f8840d5d2d83c344fdbf4a5d3bf6,04d5fc3bd443007507b8d2e2ea870060397833a500615e3e35ce6358bbe17cdf,12
ort_cpp,1,78,29.698,1,1,0,c5ef909be6cda03f0f87a7354355468944e7f8840d5d2d83c344fdbf4a5d3bf6,04d5fc3bd443007507b8d2e2ea870060397833a500615e3e35ce6358bbe17cdf,12
ort_cpp,1,79,27.834,1,1,0,c5ef909be6cda03f0f87a7354355468944e7f8840d5d2d83c344fdbf4a5d3bf6,04d5fc3bd443007507b8d2e2ea870060397833a500615e3e35ce6358bbe17cdf,12
ort_cpp,1,80,30.278,1,1,0,c5ef909be6cda03f0f87a7354355468944e7f8840d5d2d83c344fdbf4a5d3bf6,04d5fc3bd443007507b8d2e2ea870060397833a500615e3e35ce6358bbe17cdf,12
ort_cpp,1,81,28.292,1,1,0,c5ef909be6cda03f0f87a7354355468944e7f8840d5d2d83c344fdbf4a5d3bf6,04d5fc3bd443007507b8d2e2ea870060397833a500615e3e35ce6358bbe17cdf,12
ort_cpp,1,82,29.451,1,1,0,c5ef909be6cda03f0f87a7354355468944e7f8840d5d2d83c344fdbf4a5d3bf6,04d5fc3bd443007507b8d2e2ea870060397833a500615e3e35ce6358bbe17cdf,12
ort_cpp,1,83,27.464,1,1,0,c5ef909be6cda03f0f87a7354355468944e7f8840d5d2d83c344fdbf4a5d3bf6,04d5fc3bd443007507b8d2e2ea870060397833a500615e3e35ce6358bbe17cdf,12
ort_cpp,1,84,29.109,1,1,0,c5ef909be6cda03f0f87a7354355468944e7f8840d5d2d83c344fdbf4a5d3bf6,04d5fc3bd443007507b8d2e2ea870060397833a500615e3e35ce6358bbe17cdf,12
ort_cpp,1,85,29.267,1,1,0,c5ef909be6cda03f0f87a7354355468944e7f8840d5d2d83c344fdbf4a5d3bf6,04d5fc3bd443007507b8d2e2ea870060397833a500615e3e35ce6358bbe17cdf,12
ort_cpp,1,86,26.916,1,1,0,c5ef909be6cda03f0f87a7354355468944e7f8840d5d2d83c344fdbf4a5d3bf6,04d5fc3bd443007507b8d2e2ea870060397833a500615e3e35ce6358bbe17cdf,12
ort_cpp,1,87,27.201,1,1,0,c5ef909be6cda03f0f87a7354355468944e7f8840d5d2d83c344fdbf4a5d3bf6,04d5fc3bd443007507b8d2e2ea870060397833a500615e3e35ce6358bbe17cdf,12
ort_cpp,1,88,28.353,1,1,0,c5ef909be6cda03f0f87a7354355468944e7f8840d5d2d83c344fdbf4a5d3bf6,04d5fc3bd443007507b8d2e2ea870060397833a500615e3e35ce6358bbe17cdf,12
ort_cpp,1,89,27.59,1,1,0,c5ef909be6cda03f0f87a7354355468944e7f8840d5d2d83c344fdbf4a5d3bf6,04d5fc3bd443007507b8d2e2ea870060397833a500615e3e35ce6358bbe17cdf,12
ort_cpp,1,90,26.382,1,1,0,c5ef909be6cda03f0f87a7354355468944e7f8840d5d2d83c344fdbf4a5d3bf6,04d5fc3bd443007507b8d2e2ea870060397833a500615e3e35ce6358bbe17cdf,12
ort_cpp,1,91,28.386,1,1,0,c5ef909be6cda03f0f87a7354355468944e7f8840d5d2d83c344fdbf4a5d3bf6,04d5fc3bd443007507b8d2e2ea870060397833a500615e3e35ce6358bbe17cdf,12
ort_cpp,1,92,27.654,1,1,0,c5ef909be6cda03f0f87a7354355468944e7f8840d5d2d83c344fdbf4a5d3bf6,04d5fc3bd443007507b8d2e2ea870060397833a500615e3e35ce6358bbe17cdf,12
ort_cpp,1,93,30.157,1,1,0,c5ef909be6cda03f0f87a7354355468944e7f8840d5d2d83c344fdbf4a5d3bf6,04d5fc3bd443007507b8d2e2ea870060397833a500615e3e35ce6358bbe17cdf,12
ort_cpp,1,94,27.162,1,1,0,c5ef909be6cda03f0f87a7354355468944e7f8840d5d2d83c344fdbf4a5d3bf6,04d5fc3bd443007507b8d2e2ea870060397833a500615e3e35ce6358bbe17cdf,12
ort_cpp,1,95,28.245,1,1,0,c5ef909be6cda03f0f87a7354355468944e7f8840d5d2d83c344fdbf4a5d3bf6,04d5fc3bd443007507b8d2e2ea870060397833a500615e3e35ce6358bbe17cdf,12
ort_cpp,1,96,29.282,1,1,0,c5ef909be6cda03f0f87a7354355468944e7f8840d5d2d83c344fdbf4a5d3bf6,04d5fc3bd443007507b8d2e2ea870060397833a500615e3e35ce6358bbe17cdf,12
ort_cpp,1,97,28.763,1,1,0,c5ef909be6cda03f0f87a7354355468944e7f8840d5d2d83c344fdbf4a5d3bf6,04d5fc3bd443007507b8d2e2ea870060397833a500615e3e35ce6358bbe17cdf,12
ort_cpp,1,98,26.662,1,1,0,c5ef909be6cda03f0f87a7354355468944e7f8840d5d2d83c344fdbf4a5d3bf6,04d5fc3bd443007507b8d2e2ea870060397833a500615e3e35ce6358bbe17cdf,12
ort_cpp,1,99,28.19,1,1,0,c5ef909be6cda03f0f87a7354355468944e7f8840d5d2d83c344fdbf4a5d3bf6,04d5fc3bd443007507b8d2e2ea870060397833a500615e3e35ce6358bbe17cdf,12
ort_cpp,1,100,29.072,1,1,0,c5ef909be6cda03f0f87a7354355468944e7f8840d5d2d83c344fdbf4a5d3bf6,04d5fc3bd443007507b8d2e2ea870060397833a500615e3e35ce6358bbe17cdf,12
ort_cpp,1,101,28.479,1,1,0,c5ef909be6cda03f0f87a7354355468944e7f8840d5d2d83c344fdbf4a5d3bf6,04d5fc3bd443007507b8d2e2ea870060397833a500615e3e35ce6358bbe17cdf,12
ort_cpp,1,102,26.35,1,1,0,c5ef909be6cda03f0f87a7354355468944e7f8840d5d2d83c344fdbf4a5d3bf6,04d5fc3bd443007507b8d2e2ea870060397833a500615e3e35ce6358bbe17cdf,12
ort_cpp,1,103,27.503,1,1,0,c5ef909be6cda03f0f87a7354355468944e7f8840d5d2d83c344fdbf4a5d3bf6,04d5fc3bd443007507b8d2e2ea870060397833a500615e3e35ce6358bbe17cdf,12
ort_cpp,1,104,28.313,1,1,0,c5ef909be6cda03f0f87a7354355468944e7f8840d5d2d83c344fdbf4a5d3bf6,04d5fc3bd443007507b8d2e2ea870060397833a500615e3e35ce6358bbe17cdf,12
ort_cpp,1,105,29.733,1,1,0,c5ef909be6cda03f0f87a7354355468944e7f8840d5d2d83c344fdbf4a5d3bf6,04d5fc3bd443007507b8d2e2ea870060397833a500615e3e35ce6358bbe17cdf,12
ort_cpp,1,106,26.711,1,1,0,c5ef909be6cda03f0f87a7354355468944e7f8840d5d2d83c344fdbf4a5d3bf6,04d5fc3bd443007507b8d2e2ea870060397833a500615e3e35ce6358bbe17cdf,12
ort_cpp,1,107,29.344,1,1,0,c5ef909be6cda03f0f87a7354355468944e7f8840d5d2d83c344fdbf4a5d3bf6,04d5fc3bd443007507b8d2e2ea870060397833a500615e3e35ce6358bbe17cdf,12
ort_cpp,1,108,26.613,1,1,0,c5ef909be6cda03f0f87a7354355468944e7f8840d5d2d83c344fdbf4a5d3bf6,04d5fc3bd443007507b8d2e2ea870060397833a500615e3e35ce6358bbe17cdf,12
ort_cpp,1,109,29.446,1,1,0,c5ef909be6cda03f0f87a7354355468944e7f8840d5d2d83c344fdbf4a5d3bf6,04d5fc3bd443007507b8d2e2ea870060397833a500615e3e35ce6358bbe17cdf,12
ort_cpp,1,110,26.802,1,1,0,c5ef909be6cda03f0f87a7354355468944e7f8840d5d2d83c344fdbf4a5d3bf6,04d5fc3bd443007507b8d2e2ea870060397833a500615e3e35ce6358bbe17cdf,12
ort_cpp,1,111,29.313,1,1,0,c5ef909be6cda03f0f87a7354355468944e7f8840d5d2d83c344fdbf4a5d3bf6,04d5fc3bd443007507b8d2e2ea870060397833a500615e3e35ce6358bbe17cdf,12
ort_cpp,1,112,26.635,1,1,0,c5ef909be6cda03f0f87a7354355468944e7f8840d5d2d83c344fdbf4a5d3bf6,04d5fc3bd443007507b8d2e2ea870060397833a500615e3e35ce6358bbe17cdf,12
ort_cpp,1,113,32.687,1,1,0,c5ef909be6cda03f0f87a7354355468944e7f8840d5d2d83c344fdbf4a5d3bf6,04d5fc3bd443007507b8d2e2ea870060397833a500615e3e35ce6358bbe17cdf,12
ort_cpp,1,114,30.093,1,1,0,c5ef909be6cda03f0f87a7354355468944e7f8840d5d2d83c344fdbf4a5d3bf6,04d5fc3bd443007507b8d2e2ea870060397833a500615e3e35ce6358bbe17cdf,12
ort_cpp,1,115,27.385,1,1,0,c5ef909be6cda03f0f87a7354355468944e7f8840d5d2d83c344fdbf4a5d3bf6,04d5fc3bd443007507b8d2e2ea870060397833a500615e3e35ce6358bbe17cdf,12
ort_cpp,1,116,27.808,1,1,0,c5ef909be6cda03f0f87a7354355468944e7f8840d5d2d83c344fdbf4a5d3bf6,04d5fc3bd443007507b8d2e2ea870060397833a500615e3e35ce6358bbe17cdf,12
ort_cpp,1,117,30.023,1,1,0,c5ef909be6cda03f0f87a7354355468944e7f8840d5d2d83c344fdbf4a5d3bf6,04d5fc3bd443007507b8d2e2ea870060397833a500615e3e35ce6358bbe17cdf,12
ort_cpp,1,118,26.38,1,1,0,c5ef909be6cda03f0f87a7354355468944e7f8840d5d2d83c344fdbf4a5d3bf6,04d5fc3bd443007507b8d2e2ea870060397833a500615e3e35ce6358bbe17cdf,12
ort_cpp,1,119,29.69,1,1,0,c5ef909be6cda03f0f87a7354355468944e7f8840d5d2d83c344fdbf4a5d3bf6,04d5fc3bd443007507b8d2e2ea870060397833a500615e3e35ce6358bbe17cdf,12
ort_cpp,1,120,27.287,1,1,0,c5ef909be6cda03f0f87a7354355468944e7f8840d5d2d83c344fdbf4a5d3bf6,04d5fc3bd443007507b8d2e2ea870060397833a500615e3e35ce6358bbe17cdf,12
ort_cpp,1,121,28.188,1,1,0,c5ef909be6cda03f0f87a7354355468944e7f8840d5d2d83c344fdbf4a5d3bf6,04d5fc3bd443007507b8d2e2ea870060397833a500615e3e35ce6358bbe17cdf,12
ort_cpp,1,122,28.942,1,1,0,c5ef909be6cda03f0f87a7354355468944e7f8840d5d2d83c344fdbf4a5d3bf6,04d5fc3bd443007507b8d2e2ea870060397833a500615e3e35ce6358bbe17cdf,12
ort_cpp,1,123,28.25,1,1,0,c5ef909be6cda03f0f87a7354355468944e7f8840d5d2d83c344fdbf4a5d3bf6,04d5fc3bd443007507b8d2e2ea870060397833a500615e3e35ce6358bbe17cdf,12
ort_cpp,1,124,28.444,1,1,0,c5ef909be6cda03f0f87a7354355468944e7f8840d5d2d83c344fdbf4a5d3bf6,04d5fc3bd443007507b8d2e2ea870060397833a500615e3e35ce6358bbe17cdf,12
ort_cpp,1,125,26.633,1,1,0,c5ef909be6cda03f0f87a7354355468944e7f8840d5d2d83c344fdbf4a5d3bf6,04d5fc3bd443007507b8d2e2ea870060397833a500615e3e35ce6358bbe17cdf,12
ort_cpp,1,126,33.05,1,1,0,c5ef909be6cda03f0f87a7354355468944e7f8840d5d2d83c344fdbf4a5d3bf6,04d5fc3bd443007507b8d2e2ea870060397833a500615e3e35ce6358bbe17cdf,12
ort_cpp,1,127,26.334,1,1,0,c5ef909be6cda03f0f87a7354355468944e7f8840d5d2d83c344fdbf4a5d3bf6,04d5fc3bd443007507b8d2e2ea870060397833a500615e3e35ce6358bbe17cdf,12
ort_cpp,1,128,28.03,1,1,0,c5ef909be6cda03f0f87a7354355468944e7f8840d5d2d83c344fdbf4a5d3bf6,04d5fc3bd443007507b8d2e2ea870060397833a500615e3e35ce6358bbe17cdf,12
ort_cpp,1,129,26.597,1,1,0,c5ef909be6cda03f0f87a7354355468944e7f8840d5d2d83c344fdbf4a5d3bf6,04d5fc3bd443007507b8d2e2ea870060397833a500615e3e35ce6358bbe17cdf,12
ort_cpp,1,130,29.943,1,1,0,c5ef909be6cda03f0f87a7354355468944e7f8840d5d2d83c344fdbf4a5d3bf6,04d5fc3bd443007507b8d2e2ea870060397833a500615e3e35ce6358bbe17cdf,12
ort_cpp,1,131,28.327,1,1,0,c5ef909be6cda03f0f87a7354355468944e7f8840d5d2d83c344fdbf4a5d3bf6,04d5fc3bd443007507b8d2e2ea870060397833a500615e3e35ce6358bbe17cdf,12
ort_cpp,1,132,28.553,1,1,0,c5ef909be6cda03f0f87a7354355468944e7f8840d5d2d83c344fdbf4a5d3bf6,04d5fc3bd443007507b8d2e2ea870060397833a500615e3e35ce6358bbe17cdf,12
ort_cpp,1,133,28.054,1,1,0,c5ef909be6cda03f0f87a7354355468944e7f8840d5d2d83c344fdbf4a5d3bf6,04d5fc3bd443007507b8d2e2ea870060397833a500615e3e35ce6358bbe17cdf,12
ort_cpp,1,134,36.321,1,1,0,c5ef909be6cda03f0f87a7354355468944e7f8840d5d2d83c344fdbf4a5d3bf6,04d5fc3bd443007507b8d2e2ea870060397833a500615e3e35ce6358bbe17cdf,12
ort_cpp,1,135,28.039,1,1,0,c5ef909be6cda03f0f87a7354355468944e7f8840d5d2d83c344fdbf4a5d3bf6,04d5fc3bd443007507b8d2e2ea870060397833a500615e3e35ce6358bbe17cdf,12
ort_cpp,1,136,26.776,1,1,0,c5ef909be6cda03f0f87a7354355468944e7f8840d5d2d83c344fdbf4a5d3bf6,04d5fc3bd443007507b8d2e2ea870060397833a500615e3e35ce6358bbe17cdf,12
ort_cpp,1,137,30.275,1,1,0,c5ef909be6cda03f0f87a7354355468944e7f8840d5d2d83c344fdbf4a5d3bf6,04d5fc3bd443007507b8d2e2ea870060397833a500615e3e35ce6358bbe17cdf,12
ort_cpp,1,138,27.96,1,1,0,c5ef909be6cda03f0f87a7354355468944e7f8840d5d2d83c344fdbf4a5d3bf6,04d5fc3bd443007507b8d2e2ea870060397833a500615e3e35ce6358bbe17cdf,12
ort_cpp,1,139,28.35,1,1,0,c5ef909be6cda03f0f87a7354355468944e7f8840d5d2d83c344fdbf4a5d3bf6,04d5fc3bd443007507b8d2e2ea870060397833a500615e3e35ce6358bbe17cdf,12
ort_cpp,1,140,28.832,1,1,0,c5ef909be6cda03f0f87a7354355468944e7f8840d5d2d83c344fdbf4a5d3bf6,04d5fc3bd443007507b8d2e2ea870060397833a500615e3e35ce6358bbe17cdf,12
ort_cpp,1,141,28.862,1,1,0,c5ef909be6cda03f0f87a7354355468944e7f8840d5d2d83c344fdbf4a5d3bf6,04d5fc3bd443007507b8d2e2ea870060397833a500615e3e35ce6358bbe17cdf,12
ort_cpp,1,142,27.46,1,1,0,c5ef909be6cda03f0f87a7354355468944e7f8840d5d2d83c344fdbf4a5d3bf6,04d5fc3bd443007507b8d2e2ea870060397833a500615e3e35ce6358bbe17cdf,12
ort_cpp,1,143,27.639,1,1,0,c5ef909be6cda03f0f87a7354355468944e7f8840d5d2d83c344fdbf4a5d3bf6,04d5fc3bd443007507b8d2e2ea870060397833a500615e3e35ce6358bbe17cdf,12
ort_cpp,1,144,28.725,1,1,0,c5ef909be6cda03f0f87a7354355468944e7f8840d5d2d83c344fdbf4a5d3bf6,04d5fc3bd443007507b8d2e2ea870060397833a500615e3e35ce6358bbe17cdf,12
ort_cpp,1,145,27.305,1,1,0,c5ef909be6cda03f0f87a7354355468944e7f8840d5d2d83c344fdbf4a5d3bf6,04d5fc3bd443007507b8d2e2ea870060397833a500615e3e35ce6358bbe17cdf,12
ort_cpp,1,146,26.846,1,1,0,c5ef909be6cda03f0f87a7354355468944e7f8840d5d2d83c344fdbf4a5d3bf6,04d5fc3bd443007507b8d2e2ea870060397833a500615e3e35ce6358bbe17cdf,12
ort_cpp,1,147,32.12,1,1,0,c5ef909be6cda03f0f87a7354355468944e7f8840d5d2d83c344fdbf4a5d3bf6,04d5fc3bd443007507b8d2e2ea870060397833a500615e3e35ce6358bbe17cdf,12
ort_cpp,1,148,29.752,1,1,0,c5ef909be6cda03f0f87a7354355468944e7f8840d5d2d83c344fdbf4a5d3bf6,04d5fc3bd443007507b8d2e2ea870060397833a500615e3e35ce6358bbe17cdf,12
ort_cpp,1,149,27.861,1,1,0,c5ef909be6cda03f0f87a7354355468944e7f8840d5d2d83c344fdbf4a5d3bf6,04d5fc3bd443007507b8d2e2ea870060397833a500615e3e35ce6358bbe17cdf,12
ort_cpp,1,150,26.84,1,1,0,c5ef909be6cda03f0f87a7354355468944e7f8840d5d2d83c344fdbf4a5d3bf6,04d5fc3bd443007507b8d2e2ea870060397833a500615e3e35ce6358bbe17cdf,12
ort_cpp,1,151,31.452,1,1,0,c5ef909be6cda03f0f87a7354355468944e7f8840d5d2d83c344fdbf4a5d3bf6,04d5fc3bd443007507b8d2e2ea870060397833a500615e3e35ce6358bbe17cdf,12
ort_cpp,1,152,27.822,1,1,0,c5ef909be6cda03f0f87a7354355468944e7f8840d5d2d83c344fdbf4a5d3bf6,04d5fc3bd443007507b8d2e2ea870060397833a500615e3e35ce6358bbe17cdf,12
ort_cpp,1,153,28.492,1,1,0,c5ef909be6cda03f0f87a7354355468944e7f8840d5d2d83c344fdbf4a5d3bf6,04d5fc3bd443007507b8d2e2ea870060397833a500615e3e35ce6358bbe17cdf,12
ort_cpp,1,154,27.851,1,1,0,c5ef909be6cda03f0f87a7354355468944e7f8840d5d2d83c344fdbf4a5d3bf6,04d5fc3bd443007507b8d2e2ea870060397833a500615e3e35ce6358bbe17cdf,12
ort_cpp,1,155,27.616,1,1,0,c5ef909be6cda03f0f87a7354355468944e7f8840d5d2d83c344fdbf4a5d3bf6,04d5fc3bd443007507b8d2e2ea870060397833a500615e3e35ce6358bbe17cdf,12
ort_cpp,1,156,31.799,1,1,0,c5ef909be6cda03f0f87a7354355468944e7f8840d5d2d83c344fdbf4a5d3bf6,04d5fc3bd443007507b8d2e2ea870060397833a500615e3e35ce6358bbe17cdf,12
ort_cpp,1,157,26.545,1,1,0,c5ef909be6cda03f0f87a7354355468944e7f8840d5d2d83c344fdbf4a5d3bf6,04d5fc3bd443007507b8d2e2ea870060397833a500615e3e35ce6358bbe17cdf,12
ort_cpp,1,158,27.421,1,1,0,c5ef909be6cda03f0f87a7354355468944e7f8840d5d2d83c344fdbf4a5d3bf6,04d5fc3bd443007507b8d2e2ea870060397833a500615e3e35ce6358bbe17cdf,12
ort_cpp,1,159,27.519,1,1,0,c5ef909be6cda03f0f87a7354355468944e7f8840d5d2d83c344fdbf4a5d3bf6,04d5fc3bd443007507b8d2e2ea870060397833a500615e3e35ce6358bbe17cdf,12
ort_cpp,1,160,30.497,1,1,0,c5ef909be6cda03f0f87a7354355468944e7f8840d5d2d83c344fdbf4a5d3bf6,04d5fc3bd443007507b8d2e2ea870060397833a500615e3e35ce6358bbe17cdf,12
ort_cpp,1,161,26.931,1,1,0,c5ef909be6cda03f0f87a7354355468944e7f8840d5d2d83c344fdbf4a5d3bf6,04d5fc3bd443007507b8d2e2ea870060397833a500615e3e35ce6358bbe17cdf,12
ort_cpp,1,162,28.297,1,1,0,c5ef909be6cda03f0f87a7354355468944e7f8840d5d2d83c344fdbf4a5d3bf6,04d5fc3bd443007507b8d2e2ea870060397833a500615e3e35ce6358bbe17cdf,12
ort_cpp,1,163,29.543,1,1,0,c5ef909be6cda03f0f87a7354355468944e7f8840d5d2d83c344fdbf4a5d3bf6,04d5fc3bd443007507b8d2e2ea870060397833a500615e3e35ce6358bbe17cdf,12
ort_cpp,1,164,28.821,1,1,0,c5ef909be6cda03f0f87a7354355468944e7f8840d5d2d83c344fdbf4a5d3bf6,04d5fc3bd443007507b8d2e2ea870060397833a500615e3e35ce6358bbe17cdf,12
ort_cpp,1,165,26.661,1,1,0,c5ef909be6cda03f0f87a7354355468944e7f8840d5d2d83c344fdbf4a5d3bf6,04d5fc3bd443007507b8d2e2ea870060397833a500615e3e35ce6358bbe17cdf,12
ort_cpp,1,166,27.519,1,1,0,c5ef909be6cda03f0f87a7354355468944e7f8840d5d2d83c344fdbf4a5d3bf6,04d5fc3bd443007507b8d2e2ea870060397833a500615e3e35ce6358bbe17cdf,12
ort_cpp,1,167,29.105,1,1,0,c5ef909be6cda03f0f87a7354355468944e7f8840d5d2d83c344fdbf4a5d3bf6,04d5fc3bd443007507b8d2e2ea870060397833a500615e3e35ce6358bbe17cdf,12
ort_cpp,1,168,28.78,1,1,0,c5ef909be6cda03f0f87a7354355468944e7f8840d5d2d83c344fdbf4a5d3bf6,04d5fc3bd443007507b8d2e2ea870060397833a500615e3e35ce6358bbe17cdf,12
ort_cpp,1,169,26.408,1,1,0,c5ef909be6cda03f0f87a7354355468944e7f8840d5d2d83c344fdbf4a5d3bf6,04d5fc3bd443007507b8d2e2ea870060397833a500615e3e35ce6358bbe17cdf,12
ort_cpp,1,170,27.479,1,1,0,c5ef909be6cda03f0f87a7354355468944e7f8840d5d2d83c344fdbf4a5d3bf6,04d5fc3bd443007507b8d2e2ea870060397833a500615e3e35ce6358bbe17cdf,12
ort_cpp,1,171,26.995,1,1,0,c5ef909be6cda03f0f87a7354355468944e7f8840d5d2d83c344fdbf4a5d3bf6,04d5fc3bd443007507b8d2e2ea870060397833a500615e3e35ce6358bbe17cdf,12
ort_cpp,1,172,30.721,1,1,0,c5ef909be6cda03f0f87a7354355468944e7f8840d5d2d83c344fdbf4a5d3bf6,04d5fc3bd443007507b8d2e2ea870060397833a500615e3e35ce6358bbe17cdf,12
ort_cpp,1,173,30.129,1,1,0,c5ef909be6cda03f0f87a7354355468944e7f8840d5d2d83c344fdbf4a5d3bf6,04d5fc3bd443007507b8d2e2ea870060397833a500615e3e35ce6358bbe17cdf,12
ort_cpp,1,174,26.213,1,1,0,c5ef909be6cda03f0f87a7354355468944e7f8840d5d2d83c344fdbf4a5d3bf6,04d5fc3bd443007507b8d2e2ea870060397833a500615e3e35ce6358bbe17cdf,12
ort_cpp,1,175,30.467,1,1,0,c5ef909be6cda03f0f87a7354355468944e7f8840d5d2d83c344fdbf4a5d3bf6,04d5fc3bd443007507b8d2e2ea870060397833a500615e3e35ce6358bbe17cdf,12
ort_cpp,1,176,29.337,1,1,0,c5ef909be6cda03f0f87a7354355468944e7f8840d5d2d83c344fdbf4a5d3bf6,04d5fc3bd443007507b8d2e2ea870060397833a500615e3e35ce6358bbe17cdf,12
ort_cpp,1,177,29.232,1,1,0,c5ef909be6cda03f0f87a7354355468944e7f8840d5d2d83c344fdbf4a5d3bf6,04d5fc3bd443007507b8d2e2ea870060397833a500615e3e35ce6358bbe17cdf,12
ort_cpp,1,178,27.049,1,1,0,c5ef909be6cda03f0f87a7354355468944e7f8840d5d2d83c344fdbf4a5d3bf6,04d5fc3bd443007507b8d2e2ea870060397833a500615e3e35ce6358bbe17cdf,12
ort_cpp,1,179,29.981,1,1,0,c5ef909be6cda03f0f87a7354355468944e7f8840d5d2d83c344fdbf4a5d3bf6,04d5fc3bd443007507b8d2e2ea870060397833a500615e3e35ce6358bbe17cdf,12
ort_cpp,1,180,27.381,1,1,0,c5ef909be6cda03f0f87a7354355468944e7f8840d5d2d83c344fdbf4a5d3bf6,04d5fc3bd443007507b8d2e2ea870060397833a500615e3e35ce6358bbe17cdf,12
ort_cpp,1,181,28.968,1,1,0,c5ef909be6cda03f0f87a7354355468944e7f8840d5d2d83c344fdbf4a5d3bf6,04d5fc3bd443007507b8d2e2ea870060397833a500615e3e35ce6358bbe17cdf,12
ort_cpp,1,182,39.759,1,1,0,c5ef909be6cda03f0f87a7354355468944e7f8840d5d2d83c344fdbf4a5d3bf6,04d5fc3bd443007507b8d2e2ea870060397833a500615e3e35ce6358bbe17cdf,12
ort_cpp,1,183,31.7,1,1,0,c5ef909be6cda03f0f87a7354355468944e7f8840d5d2d83c344fdbf4a5d3bf6,04d5fc3bd443007507b8d2e2ea870060397833a500615e3e35ce6358bbe17cdf,12
ort_cpp,1,184,31.013,1,1,0,c5ef909be6cda03f0f87a7354355468944e7f8840d5d2d83c344fdbf4a5d3bf6,04d5fc3bd443007507b8d2e2ea870060397833a500615e3e35ce6358bbe17cdf,12
ort_cpp,1,185,26.237,1,1,0,c5ef909be6cda03f0f87a7354355468944e7f8840d5d2d83c344fdbf4a5d3bf6,04d5fc3bd443007507b8d2e2ea870060397833a500615e3e35ce6358bbe17cdf,12
ort_cpp,1,186,29.394,1,1,0,c5ef909be6cda03f0f87a7354355468944e7f8840d5d2d83c344fdbf4a5d3bf6,04d5fc3bd443007507b8d2e2ea870060397833a500615e3e35ce6358bbe17cdf,12
ort_cpp,1,187,27.05,1,1,0,c5ef909be6cda03f0f87a7354355468944e7f8840d5d2d83c344fdbf4a5d3bf6,04d5fc3bd443007507b8d2e2ea870060397833a500615e3e35ce6358bbe17cdf,12
ort_cpp,1,188,33.822,1,1,0,c5ef909be6cda03f0f87a7354355468944e7f8840d5d2d83c344fdbf4a5d3bf6,04d5fc3bd443007507b8d2e2ea870060397833a500615e3e35ce6358bbe17cdf,12
ort_cpp,1,189,27.093,1,1,0,c5ef909be6cda03f0f87a7354355468944e7f8840d5d2d83c344fdbf4a5d3bf6,04d5fc3bd443007507b8d2e2ea870060397833a500615e3e35ce6358bbe17cdf,12
ort_cpp,1,190,29.977,1,1,0,c5ef909be6cda03f0f87a7354355468944e7f8840d5d2d83c344fdbf4a5d3bf6,04d5fc3bd443007507b8d2e2ea870060397833a500615e3e35ce6358bbe17cdf,12
ort_cpp,1,191,27.377,1,1,0,c5ef909be6cda03f0f87a7354355468944e7f8840d5d2d83c344fdbf4a5d3bf6,04d5fc3bd443007507b8d2e2ea870060397833a500615e3e35ce6358bbe17cdf,12
ort_cpp,1,192,32.054,1,1,0,c5ef909be6cda03f0f87a7354355468944e7f8840d5d2d83c344fdbf4a5d3bf6,04d5fc3bd443007507b8d2e2ea870060397833a500615e3e35ce6358bbe17cdf,12
ort_cpp,1,193,29.536,1,1,0,c5ef909be6cda03f0f87a7354355468944e7f8840d5d2d83c344fdbf4a5d3bf6,04d5fc3bd443007507b8d2e2ea870060397833a500615e3e35ce6358bbe17cdf,12
ort_cpp,1,194,30.577,1,1,0,c5ef909be6cda03f0f87a7354355468944e7f8840d5d2d83c344fdbf4a5d3bf6,04d5fc3bd443007507b8d2e2ea870060397833a500615e3e35ce6358bbe17cdf,12
ort_cpp,1,195,28.259,1,1,0,c5ef909be6cda03f0f87a7354355468944e7f8840d5d2d83c344fdbf4a5d3bf6,04d5fc3bd443007507b8d2e2ea870060397833a500615e3e35ce6358bbe17cdf,12
ort_cpp,1,196,27.835,1,1,0,c5ef909be6cda03f0f87a7354355468944e7f8840d5d2d83c344fdbf4a5d3bf6,04d5fc3bd443007507b8d2e2ea870060397833a500615e3e35ce6358bbe17cdf,12
ort_cpp,1,197,29.617,1,1,0,c5ef909be6cda03f0f87a7354355468944e7f8840d5d2d83c344fdbf4a5d3bf6,04d5fc3bd443007507b8d2e2ea870060397833a500615e3e35ce6358bbe17cdf,12
ort_cpp,1,198,27.632,1,1,0,c5ef909be6cda03f0f87a7354355468944e7f8840d5d2d83c344fdbf4a5d3bf6,04d5fc3bd443007507b8d2e2ea870060397833a500615e3e35ce6358bbe17cdf,12
ort_cpp,1,199,27.192,1,1,0,c5ef909be6cda03f0f87a7354355468944e7f8840d5d2d83c344fdbf4a5d3bf6,04d5fc3bd443007507b8d2e2ea870060397833a500615e3e35ce6358bbe17cdf,12
ort_cpp,1,200,26.692,1,1,0,c5ef909be6cda03f0f87a7354355468944e7f8840d5d2d83c344fdbf4a5d3bf6,04d5fc3bd443007507b8d2e2ea870060397833a500615e3e35ce6358bbe17cdf,12
ort_cpp,1,201,30.77,1,1,0,c5ef909be6cda03f0f87a7354355468944e7f8840d5d2d83c344fdbf4a5d3bf6,04d5fc3bd443007507b8d2e2ea870060397833a500615e3e35ce6358bbe17cdf,12
ort_cpp,1,202,27.242,1,1,0,c5ef909be6cda03f0f87a7354355468944e7f8840d5d2d83c344fdbf4a5d3bf6,04d5fc3bd443007507b8d2e2ea870060397833a500615e3e35ce6358bbe17cdf,12
ort_cpp,1,203,27.753,1,1,0,c5ef909be6cda03f0f87a7354355468944e7f8840d5d2d83c344fdbf4a5d3bf6,04d5fc3bd443007507b8d2e2ea870060397833a500615e3e35ce6358bbe17cdf,12
ort_cpp,1,204,26.932,1,1,0,c5ef909be6cda03f0f87a7354355468944e7f8840d5d2d83c344fdbf4a5d3bf6,04d5fc3bd443007507b8d2e2ea870060397833a500615e3e35ce6358bbe17cdf,12
ort_cpp,1,205,44.158,1,1,0,c5ef909be6cda03f0f87a7354355468944e7f8840d5d2d83c344fdbf4a5d3bf6,04d5fc3bd443007507b8d2e2ea870060397833a500615e3e35ce6358bbe17cdf,12
ort_cpp,1,206,29.372,1,1,0,c5ef909be6cda03f0f87a7354355468944e7f8840d5d2d83c344fdbf4a5d3bf6,04d5fc3bd443007507b8d2e2ea870060397833a500615e3e35ce6358bbe17cdf,12
ort_cpp,1,207,27.391,1,1,0,c5ef909be6cda03f0f87a7354355468944e7f8840d5d2d83c344fdbf4a5d3bf6,04d5fc3bd443007507b8d2e2ea870060397833a500615e3e35ce6358bbe17cdf,12
ort_cpp,1,208,32.238,1,1,0,c5ef909be6cda03f0f87a7354355468944e7f8840d5d2d83c344fdbf4a5d3bf6,04d5fc3bd443007507b8d2e2ea870060397833a500615e3e35ce6358bbe17cdf,12
ort_cpp,1,209,27.009,1,1,0,c5ef909be6cda03f0f87a7354355468944e7f8840d5d2d83c344fdbf4a5d3bf6,04d5fc3bd443007507b8d2e2ea870060397833a500615e3e35ce6358bbe17cdf,12
ort_cpp,1,210,28.515,1,1,0,c5ef909be6cda03f0f87a7354355468944e7f8840d5d2d83c344fdbf4a5d3bf6,04d5fc3bd443007507b8d2e2ea870060397833a500615e3e35ce6358bbe17cdf,12
ort_cpp,1,211,27.002,1,1,0,c5ef909be6cda03f0f87a7354355468944e7f8840d5d2d83c344fdbf4a5d3bf6,04d5fc3bd443007507b8d2e2ea870060397833a500615e3e35ce6358bbe17cdf,12
ort_cpp,1,212,29.126,1,1,0,c5ef909be6cda03f0f87a7354355468944e7f8840d5d2d83c344fdbf4a5d3bf6,04d5fc3bd443007507b8d2e2ea870060397833a500615e3e35ce6358bbe17cdf,12
ort_cpp,1,213,27.522,1,1,0,c5ef909be6cda03f0f87a7354355468944e7f8840d5d2d83c344fdbf4a5d3bf6,04d5fc3bd443007507b8d2e2ea870060397833a500615e3e35ce6358bbe17cdf,12
ort_cpp,1,214,29.579,1,1,0,c5ef909be6cda03f0f87a7354355468944e7f8840d5d2d83c344fdbf4a5d3bf6,04d5fc3bd443007507b8d2e2ea870060397833a500615e3e35ce6358bbe17cdf,12
ort_cpp,1,215,27.247,1,1,0,c5ef909be6cda03f0f87a7354355468944e7f8840d5d2d83c344fdbf4a5d3bf6,04d5fc3bd443007507b8d2e2ea870060397833a500615e3e35ce6358bbe17cdf,12
ort_cpp,1,216,27.515,1,1,0,c5ef909be6cda03f0f87a7354355468944e7f8840d5d2d83c344fdbf4a5d3bf6,04d5fc3bd443007507b8d2e2ea870060397833a500615e3e35ce6358bbe17cdf,12
ort_cpp,1,217,29.608,1,1,0,c5ef909be6cda03f0f87a7354355468944e7f8840d5d2d83c344fdbf4a5d3bf6,04d5fc3bd443007507b8d2e2ea870060397833a500615e3e35ce6358bbe17cdf,12
ort_cpp,1,218,29.063,1,1,0,c5ef909be6cda03f0f87a7354355468944e7f8840d5d2d83c344fdbf4a5d3bf6,04d5fc3bd443007507b8d2e2ea870060397833a500615e3e35ce6358bbe17cdf,12
ort_cpp,1,219,26.469,1,1,0,c5ef909be6cda03f0f87a7354355468944e7f8840d5d2d83c344fdbf4a5d3bf6,04d5fc3bd443007507b8d2e2ea870060397833a500615e3e35ce6358bbe17cdf,12
ort_cpp,1,220,29.38,1,1,0,c5ef909be6cda03f0f87a7354355468944e7f8840d5d2d83c344fdbf4a5d3bf6,04d5fc3bd443007507b8d2e2ea870060397833a500615e3e35ce6358bbe17cdf,12
ort_cpp,1,221,29.913,1,1,0,c5ef909be6cda03f0f87a7354355468944e7f8840d5d2d83c344fdbf4a5d3bf6,04d5fc3bd443007507b8d2e2ea870060397833a500615e3e35ce6358bbe17cdf,12
ort_cpp,1,222,26.983,1,1,0,c5ef909be6cda03f0f87a7354355468944e7f8840d5d2d83c344fdbf4a5d3bf6,04d5fc3bd443007507b8d2e2ea870060397833a500615e3e35ce6358bbe17cdf,12
ort_cpp,1,223,27.505,1,1,0,c5ef909be6cda03f0f87a7354355468944e7f8840d5d2d83c344fdbf4a5d3bf6,04d5fc3bd443007507b8d2e2ea870060397833a500615e3e35ce6358bbe17cdf,12
ort_cpp,1,224,28.642,1,1,0,c5ef909be6cda03f0f87a7354355468944e7f8840d5d2d83c344fdbf4a5d3bf6,04d5fc3bd443007507b8d2e2ea870060397833a500615e3e35ce6358bbe17cdf,12
ort_cpp,1,225,29.289,1,1,0,c5ef909be6cda03f0f87a7354355468944e7f8840d5d2d83c344fdbf4a5d3bf6,04d5fc3bd443007507b8d2e2ea870060397833a500615e3e35ce6358bbe17cdf,12
ort_cpp,1,226,27.462,1,1,0,c5ef909be6cda03f0f87a7354355468944e7f8840d5d2d83c344fdbf4a5d3bf6,04d5fc3bd443007507b8d2e2ea870060397833a500615e3e35ce6358bbe17cdf,12
ort_cpp,1,227,29.59,1,1,0,c5ef909be6cda03f0f87a7354355468944e7f8840d5d2d83c344fdbf4a5d3bf6,04d5fc3bd443007507b8d2e2ea870060397833a500615e3e35ce6358bbe17cdf,12
ort_cpp,1,228,26.587,1,1,0,c5ef909be6cda03f0f87a7354355468944e7f8840d5d2d83c344fdbf4a5d3bf6,04d5fc3bd443007507b8d2e2ea870060397833a500615e3e35ce6358bbe17cdf,12
ort_cpp,1,229,28.15,1,1,0,c5ef909be6cda03f0f87a7354355468944e7f8840d5d2d83c344fdbf4a5d3bf6,04d5fc3bd443007507b8d2e2ea870060397833a500615e3e35ce6358bbe17cdf,12
ort_cpp,1,230,27.709,1,1,0,c5ef909be6cda03f0f87a7354355468944e7f8840d5d2d83c344fdbf4a5d3bf6,04d5fc3bd443007507b8d2e2ea870060397833a500615e3e35ce6358bbe17cdf,12
ort_cpp,1,231,26.876,1,1,0,c5ef909be6cda03f0f87a7354355468944e7f8840d5d2d83c344fdbf4a5d3bf6,04d5fc3bd443007507b8d2e2ea870060397833a500615e3e35ce6358bbe17cdf,12
ort_cpp,1,232,28.774,1,1,0,c5ef909be6cda03f0f87a7354355468944e7f8840d5d2d83c344fdbf4a5d3bf6,04d5fc3bd443007507b8d2e2ea870060397833a500615e3e35ce6358bbe17cdf,12
ort_cpp,1,233,29.069,1,1,0,c5ef909be6cda03f0f87a7354355468944e7f8840d5d2d83c344fdbf4a5d3bf6,04d5fc3bd443007507b8d2e2ea870060397833a500615e3e35ce6358bbe17cdf,12
ort_cpp,1,234,28.353,1,1,0,c5ef909be6cda03f0f87a7354355468944e7f8840d5d2d83c344fdbf4a5d3bf6,04d5fc3bd443007507b8d2e2ea870060397833a500615e3e35ce6358bbe17cdf,12
ort_cpp,1,235,28.331,1,1,0,c5ef909be6cda03f0f87a7354355468944e7f8840d5d2d83c344fdbf4a5d3bf6,04d5fc3bd443007507b8d2e2ea870060397833a500615e3e35ce6358bbe17cdf,12
ort_cpp,1,236,28.283,1,1,0,c5ef909be6cda03f0f87a7354355468944e7f8840d5d2d83c344fdbf4a5d3bf6,04d5fc3bd443007507b8d2e2ea870060397833a500615e3e35ce6358bbe17cdf,12
ort_cpp,1,237,27.446,1,1,0,c5ef909be6cda03f0f87a7354355468944e7f8840d5d2d83c344fdbf4a5d3bf6,04d5fc3bd443007507b8d2e2ea870060397833a500615e3e35ce6358bbe17cdf,12
ort_cpp,1,238,27.607,1,1,0,c5ef909be6cda03f0f87a7354355468944e7f8840d5d2d83c344fdbf4a5d3bf6,04d5fc3bd443007507b8d2e2ea870060397833a500615e3e35ce6358bbe17cdf,12
ort_cpp,1,239,29.21,1,1,0,c5ef909be6cda03f0f87a7354355468944e7f8840d5d2d83c344fdbf4a5d3bf6,04d5fc3bd443007507b8d2e2ea870060397833a500615e3e35ce6358bbe17cdf,12
ort_cpp,1,240,26.996,1,1,0,c5ef909be6cda03f0f87a7354355468944e7f8840d5d2d83c344fdbf4a5d3bf6,04d5fc3bd443007507b8d2e2ea870060397833a500615e3e35ce6358bbe17cdf,12
ort_cpp,1,241,27.666,1,1,0,c5ef909be6cda03f0f87a7354355468944e7f8840d5d2d83c344fdbf4a5d3bf6,04d5fc3bd443007507b8d2e2ea870060397833a500615e3e35ce6358bbe17cdf,12
ort_cpp,1,242,28.722,1,1,0,c5ef909be6cda03f0f87a7354355468944e7f8840d5d2d83c344fdbf4a5d3bf6,04d5fc3bd443007507b8d2e2ea870060397833a500615e3e35ce6358bbe17cdf,12
ort_cpp,1,243,28.082,1,1,0,c5ef909be6cda03f0f87a7354355468944e7f8840d5d2d83c344fdbf4a5d3bf6,04d5fc3bd443007507b8d2e2ea870060397833a500615e3e35ce6358bbe17cdf,12
ort_cpp,1,244,30.429,1,1,0,c5ef909be6cda03f0f87a7354355468944e7f8840d5d2d83c344fdbf4a5d3bf6,04d5fc3bd443007507b8d2e2ea870060397833a500615e3e35ce6358bbe17cdf,12
ort_cpp,1,245,26.492,1,1,0,c5ef909be6cda03f0f87a7354355468944e7f8840d5d2d83c344fdbf4a5d3bf6,04d5fc3bd443007507b8d2e2ea870060397833a500615e3e35ce6358bbe17cdf,12
ort_cpp,1,246,31.497,1,1,0,c5ef909be6cda03f0f87a7354355468944e7f8840d5d2d83c344fdbf4a5d3bf6,04d5fc3bd443007507b8d2e2ea870060397833a500615e3e35ce6358bbe17cdf,12
ort_cpp,1,247,27.75,1,1,0,c5ef909be6cda03f0f87a7354355468944e7f8840d5d2d83c344fdbf4a5d3bf6,04d5fc3bd443007507b8d2e2ea870060397833a500615e3e35ce6358bbe17cdf,12
ort_cpp,1,248,29.397,1,1,0,c5ef909be6cda03f0f87a7354355468944e7f8840d5d2d83c344fdbf4a5d3bf6,04d5fc3bd443007507b8d2e2ea870060397833a500615e3e35ce6358bbe17cdf,12
ort_cpp,1,249,26.513,1,1,0,c5ef909be6cda03f0f87a7354355468944e7f8840d5d2d83c344fdbf4a5d3bf6,04d5fc3bd443007507b8d2e2ea870060397833a500615e3e35ce6358bbe17cdf,12
ort_cpp,1,250,30.045,1,1,0,c5ef909be6cda03f0f87a7354355468944e7f8840d5d2d83c344fdbf4a5d3bf6,04d5fc3bd443007507b8d2e2ea870060397833a500615e3e35ce6358bbe17cdf,12
ort_cpp,1,251,31.33,1,1,0,c5ef909be6cda03f0f87a7354355468944e7f8840d5d2d83c344fdbf4a5d3bf6,04d5fc3bd443007507b8d2e2ea870060397833a500615e3e35ce6358bbe17cdf,12
ort_cpp,1,252,27.633,1,1,0,c5ef909be6cda03f0f87a7354355468944e7f8840d5d2d83c344fdbf4a5d3bf6,04d5fc3bd443007507b8d2e2ea870060397833a500615e3e35ce6358bbe17cdf,12
ort_cpp,1,253,26.019,1,1,0,c5ef909be6cda03f0f87a7354355468944e7f8840d5d2d83c344fdbf4a5d3bf6,04d5fc3bd443007507b8d2e2ea870060397833a500615e3e35ce6358bbe17cdf,12
ort_cpp,1,254,28.002,1,1,0,c5ef909be6cda03f0f87a7354355468944e7f8840d5d2d83c344fdbf4a5d3bf6,04d5fc3bd443007507b8d2e2ea870060397833a500615e3e35ce6358bbe17cdf,12
ort_cpp,1,255,29.657,1,1,0,c5ef909be6cda03f0f87a7354355468944e7f8840d5d2d83c344fdbf4a5d3bf6,04d5fc3bd443007507b8d2e2ea870060397833a500615e3e35ce6358bbe17cdf,12
ort_cpp,1,256,28.986,1,1,0,c5ef909be6cda03f0f87a7354355468944e7f8840d5d2d83c344fdbf4a5d3bf6,04d5fc3bd443007507b8d2e2ea870060397833a500615e3e35ce6358bbe17cdf,12
ort_cpp,1,257,26.459,1,1,0,c5ef909be6cda03f0f87a7354355468944e7f8840d5d2d83c344fdbf4a5d3bf6,04d5fc3bd443007507b8d2e2ea870060397833a500615e3e35ce6358bbe17cdf,12
ort_cpp,1,258,27.643,1,1,0,c5ef909be6cda03f0f87a7354355468944e7f8840d5d2d83c344fdbf4a5d3bf6,04d5fc3bd443007507b8d2e2ea870060397833a500615e3e35ce6358bbe17cdf,12
ort_cpp,1,259,30.424,1,1,0,c5ef909be6cda03f0f87a7354355468944e7f8840d5d2d83c344fdbf4a5d3bf6,04d5fc3bd443007507b8d2e2ea870060397833a500615e3e35ce6358bbe17cdf,12
ort_cpp,1,260,26.72,1,1,0,c5ef909be6cda03f0f87a7354355468944e7f8840d5d2d83c344fdbf4a5d3bf6,04d5fc3bd443007507b8d2e2ea870060397833a500615e3e35ce6358bbe17cdf,12
ort_cpp,1,261,28.404,1,1,0,c5ef909be6cda03f0f87a7354355468944e7f8840d5d2d83c344fdbf4a5d3bf6,04d5fc3bd443007507b8d2e2ea870060397833a500615e3e35ce6358bbe17cdf,12
ort_cpp,1,262,28.72,1,1,0,c5ef909be6cda03f0f87a7354355468944e7f8840d5d2d83c344fdbf4a5d3bf6,04d5fc3bd443007507b8d2e2ea870060397833a500615e3e35ce6358bbe17cdf,12
ort_cpp,1,263,29.703,1,1,0,c5ef909be6cda03f0f87a7354355468944e7f8840d5d2d83c344fdbf4a5d3bf6,04d5fc3bd443007507b8d2e2ea870060397833a500615e3e35ce6358bbe17cdf,12
ort_cpp,1,264,26.851,1,1,0,c5ef909be6cda03f0f87a7354355468944e7f8840d5d2d83c344fdbf4a5d3bf6,04d5fc3bd443007507b8d2e2ea870060397833a500615e3e35ce6358bbe17cdf,12
ort_cpp,1,265,29.043,1,1,0,c5ef909be6cda03f0f87a7354355468944e7f8840d5d2d83c344fdbf4a5d3bf6,04d5fc3bd443007507b8d2e2ea870060397833a500615e3e35ce6358bbe17cdf,12
ort_cpp,1,266,28.297,1,1,0,c5ef909be6cda03f0f87a7354355468944e7f8840d5d2d83c344fdbf4a5d3bf6,04d5fc3bd443007507b8d2e2ea870060397833a500615e3e35ce6358bbe17cdf,12
ort_cpp,1,267,31.052,1,1,0,c5ef909be6cda03f0f87a7354355468944e7f8840d5d2d83c344fdbf4a5d3bf6,04d5fc3bd443007507b8d2e2ea870060397833a500615e3e35ce6358bbe17cdf,12
ort_cpp,1,268,27.578,1,1,0,c5ef909be6cda03f0f87a7354355468944e7f8840d5d2d83c344fdbf4a5d3bf6,04d5fc3bd443007507b8d2e2ea870060397833a500615e3e35ce6358bbe17cdf,12
ort_cpp,1,269,29.558,1,1,0,c5ef909be6cda03f0f87a7354355468944e7f8840d5d2d83c344fdbf4a5d3bf6,04d5fc3bd443007507b8d2e2ea870060397833a500615e3e35ce6358bbe17cdf,12
ort_cpp,1,270,26.737,1,1,0,c5ef909be6cda03f0f87a7354355468944e7f8840d5d2d83c344fdbf4a5d3bf6,04d5fc3bd443007507b8d2e2ea870060397833a500615e3e35ce6358bbe17cdf,12
ort_cpp,1,271,30.337,1,1,0,c5ef909be6cda03f0f87a7354355468944e7f8840d5d2d83c344fdbf4a5d3bf6,04d5fc3bd443007507b8d2e2ea870060397833a500615e3e35ce6358bbe17cdf,12
ort_cpp,1,272,27.771,1,1,0,c5ef909be6cda03f0f87a7354355468944e7f8840d5d2d83c344fdbf4a5d3bf6,04d5fc3bd443007507b8d2e2ea870060397833a500615e3e35ce6358bbe17cdf,12
ort_cpp,1,273,30.06,1,1,0,c5ef909be6cda03f0f87a7354355468944e7f8840d5d2d83c344fdbf4a5d3bf6,04d5fc3bd443007507b8d2e2ea870060397833a500615e3e35ce6358bbe17cdf,12
ort_cpp,1,274,29.175,1,1,0,c5ef909be6cda03f0f87a7354355468944e7f8840d5d2d83c344fdbf4a5d3bf6,04d5fc3bd443007507b8d2e2ea870060397833a500615e3e35ce6358bbe17cdf,12
ort_cpp,1,275,27.305,1,1,0,c5ef909be6cda03f0f87a7354355468944e7f8840d5d2d83c344fdbf4a5d3bf6,04d5fc3bd443007507b8d2e2ea870060397833a500615e3e35ce6358bbe17cdf,12
ort_cpp,1,276,31.377,1,1,0,c5ef909be6cda03f0f87a7354355468944e7f8840d5d2d83c344fdbf4a5d3bf6,04d5fc3bd443007507b8d2e2ea870060397833a500615e3e35ce6358bbe17cdf,12
ort_cpp,1,277,29.072,1,1,0,c5ef909be6cda03f0f87a7354355468944e7f8840d5d2d83c344fdbf4a5d3bf6,04d5fc3bd443007507b8d2e2ea870060397833a500615e3e35ce6358bbe17cdf,12
ort_cpp,1,278,27.981,1,1,0,c5ef909be6cda03f0f87a7354355468944e7f8840d5d2d83c344fdbf4a5d3bf6,04d5fc3bd443007507b8d2e2ea870060397833a500615e3e35ce6358bbe17cdf,12
ort_cpp,1,279,26.659,1,1,0,c5ef909be6cda03f0f87a7354355468944e7f8840d5d2d83c344fdbf4a5d3bf6,04d5fc3bd443007507b8d2e2ea870060397833a500615e3e35ce6358bbe17cdf,12
ort_cpp,1,280,30.52,1,1,0,c5ef909be6cda03f0f87a7354355468944e7f8840d5d2d83c344fdbf4a5d3bf6,04d5fc3bd443007507b8d2e2ea870060397833a500615e3e35ce6358bbe17cdf,12
ort_cpp,1,281,26.902,1,1,0,c5ef909be6cda03f0f87a7354355468944e7f8840d5d2d83c344fdbf4a5d3bf6,04d5fc3bd443007507b8d2e2ea870060397833a500615e3e35ce6358bbe17cdf,12
ort_cpp,1,282,27.651,1,1,0,c5ef909be6cda03f0f87a7354355468944e7f8840d5d2d83c344fdbf4a5d3bf6,04d5fc3bd443007507b8d2e2ea870060397833a500615e3e35ce6358bbe17cdf,12
ort_cpp,1,283,27.126,1,1,0,c5ef909be6cda03f0f87a7354355468944e7f8840d5d2d83c344fdbf4a5d3bf6,04d5fc3bd443007507b8d2e2ea870060397833a500615e3e35ce6358bbe17cdf,12
ort_cpp,1,284,30.437,1,1,0,c5ef909be6cda03f0f87a7354355468944e7f8840d5d2d83c344fdbf4a5d3bf6,04d5fc3bd443007507b8d2e2ea870060397833a500615e3e35ce6358bbe17cdf,12
ort_cpp,1,285,28.157,1,1,0,c5ef909be6cda03f0f87a7354355468944e7f8840d5d2d83c344fdbf4a5d3bf6,04d5fc3bd443007507b8d2e2ea870060397833a500615e3e35ce6358bbe17cdf,12
ort_cpp,1,286,28.966,1,1,0,c5ef909be6cda03f0f87a7354355468944e7f8840d5d2d83c344fdbf4a5d3bf6,04d5fc3bd443007507b8d2e2ea870060397833a500615e3e35ce6358bbe17cdf,12
ort_cpp,1,287,27.504,1,1,0,c5ef909be6cda03f0f87a7354355468944e7f8840d5d2d83c344fdbf4a5d3bf6,04d5fc3bd443007507b8d2e2ea870060397833a500615e3e35ce6358bbe17cdf,12
ort_cpp,1,288,30.898,1,1,0,c5ef909be6cda03f0f87a7354355468944e7f8840d5d2d83c344fdbf4a5d3bf6,04d5fc3bd443007507b8d2e2ea870060397833a500615e3e35ce6358bbe17cdf,12
ort_cpp,1,289,31.044,1,1,0,c5ef909be6cda03f0f87a7354355468944e7f8840d5d2d83c344fdbf4a5d3bf6,04d5fc3bd443007507b8d2e2ea870060397833a500615e3e35ce6358bbe17cdf,12
ort_cpp,1,290,29.079,1,1,0,c5ef909be6cda03f0f87a7354355468944e7f8840d5d2d83c344fdbf4a5d3bf6,04d5fc3bd443007507b8d2e2ea870060397833a500615e3e35ce6358bbe17cdf,12
ort_cpp,1,291,29.549,1,1,0,c5ef909be6cda03f0f87a7354355468944e7f8840d5d2d83c344fdbf4a5d3bf6,04d5fc3bd443007507b8d2e2ea870060397833a500615e3e35ce6358bbe17cdf,12
ort_cpp,1,292,29.854,1,1,0,c5ef909be6cda03f0f87a7354355468944e7f8840d5d2d83c344fdbf4a5d3bf6,04d5fc3bd443007507b8d2e2ea870060397833a500615e3e35ce6358bbe17cdf,12
ort_cpp,1,293,28.487,1,1,0,c5ef909be6cda03f0f87a7354355468944e7f8840d5d2d83c344fdbf4a5d3bf6,04d5fc3bd443007507b8d2e2ea870060397833a500615e3e35ce6358bbe17cdf,12
ort_cpp,1,294,27.245,1,1,0,c5ef909be6cda03f0f87a7354355468944e7f8840d5d2d83c344fdbf4a5d3bf6,04d5fc3bd443007507b8d2e2ea870060397833a500615e3e35ce6358bbe17cdf,12
ort_cpp,1,295,30.254,1,1,0,c5ef909be6cda03f0f87a7354355468944e7f8840d5d2d83c344fdbf4a5d3bf6,04d5fc3bd443007507b8d2e2ea870060397833a500615e3e35ce6358bbe17cdf,12
ort_cpp,1,296,27.333,1,1,0,c5ef909be6cda03f0f87a7354355468944e7f8840d5d2d83c344fdbf4a5d3bf6,04d5fc3bd443007507b8d2e2ea870060397833a500615e3e35ce6358bbe17cdf,12
ort_cpp,1,297,29.234,1,1,0,c5ef909be6cda03f0f87a7354355468944e7f8840d5d2d83c344fdbf4a5d3bf6,04d5fc3bd443007507b8d2e2ea870060397833a500615e3e35ce6358bbe17cdf,12
ort_cpp,1,298,27.055,1,1,0,c5ef909be6cda03f0f87a7354355468944e7f8840d5d2d83c344fdbf4a5d3bf6,04d5fc3bd443007507b8d2e2ea870060397833a500615e3e35ce6358bbe17cdf,12
ort_cpp,1,299,30.477,1,1,0,c5ef909be6cda03f0f87a7354355468944e7f8840d5d2d83c344fdbf4a5d3bf6,04d5fc3bd443007507b8d2e2ea870060397833a500615e3e35ce6358bbe17cdf,12
ort_python,4,0,28.0952,1,1,0,c5ef909be6cda03f0f87a7354355468944e7f8840d5d2d83c344fdbf4a5d3bf6,04d5fc3bd443007507b8d2e2ea870060397833a500615e3e35ce6358bbe17cdf,13
ort_python,4,1,29.8635,1,1,0,c5ef909be6cda03f0f87a7354355468944e7f8840d5d2d83c344fdbf4a5d3bf6,04d5fc3bd443007507b8d2e2ea870060397833a500615e3e35ce6358bbe17cdf,13
ort_python,4,2,30.3733,1,1,0,c5ef909be6cda03f0f87a7354355468944e7f8840d5d2d83c344fdbf4a5d3bf6,04d5fc3bd443007507b8d2e2ea870060397833a500615e3e35ce6358bbe17cdf,13
ort_python,4,3,29.1474,1,1,0,c5ef909be6cda03f0f87a7354355468944e7f8840d5d2d83c344fdbf4a5d3bf6,04d5fc3bd443007507b8d2e2ea870060397833a500615e3e35ce6358bbe17cdf,13
ort_python,4,4,28.3986,1,1,0,c5ef909be6cda03f0f87a7354355468944e7f8840d5d2d83c344fdbf4a5d3bf6,04d5fc3bd443007507b8d2e2ea870060397833a500615e3e35ce6358bbe17cdf,13
ort_python,4,5,29.6788,1,1,0,c5ef909be6cda03f0f87a7354355468944e7f8840d5d2d83c344fdbf4a5d3bf6,04d5fc3bd443007507b8d2e2ea870060397833a500615e3e35ce6358bbe17cdf,13
ort_python,4,6,29.4533,1,1,0,c5ef909be6cda03f0f87a7354355468944e7f8840d5d2d83c344fdbf4a5d3bf6,04d5fc3bd443007507b8d2e2ea870060397833a500615e3e35ce6358bbe17cdf,13
ort_python,4,7,31.1023,1,1,0,c5ef909be6cda03f0f87a7354355468944e7f8840d5d2d83c344fdbf4a5d3bf6,04d5fc3bd443007507b8d2e2ea870060397833a500615e3e35ce6358bbe17cdf,13
ort_python,4,8,30.9583,1,1,0,c5ef909be6cda03f0f87a7354355468944e7f8840d5d2d83c344fdbf4a5d3bf6,04d5fc3bd443007507b8d2e2ea870060397833a500615e3e35ce6358bbe17cdf,13
ort_python,4,9,32.1441,1,1,0,c5ef909be6cda03f0f87a7354355468944e7f8840d5d2d83c344fdbf4a5d3bf6,04d5fc3bd443007507b8d2e2ea870060397833a500615e3e35ce6358bbe17cdf,13
ort_python,4,10,25.924,1,1,0,c5ef909be6cda03f0f87a7354355468944e7f8840d5d2d83c344fdbf4a5d3bf6,04d5fc3bd443007507b8d2e2ea870060397833a500615e3e35ce6358bbe17cdf,13
ort_python,4,11,27.653,1,1,0,c5ef909be6cda03f0f87a7354355468944e7f8840d5d2d83c344fdbf4a5d3bf6,04d5fc3bd443007507b8d2e2ea870060397833a500615e3e35ce6358bbe17cdf,13
ort_python,4,12,27.7751,1,1,0,c5ef909be6cda03f0f87a7354355468944e7f8840d5d2d83c344fdbf4a5d3bf6,04d5fc3bd443007507b8d2e2ea870060397833a500615e3e35ce6358bbe17cdf,13
ort_python,4,13,29.0313,1,1,0,c5ef909be6cda03f0f87a7354355468944e7f8840d5d2d83c344fdbf4a5d3bf6,04d5fc3bd443007507b8d2e2ea870060397833a500615e3e35ce6358bbe17cdf,13
ort_python,4,14,29.3108,1,1,0,c5ef909be6cda03f0f87a7354355468944e7f8840d5d2d83c344fdbf4a5d3bf6,04d5fc3bd443007507b8d2e2ea870060397833a500615e3e35ce6358bbe17cdf,13
ort_python,4,15,27.6369,1,1,0,c5ef909be6cda03f0f87a7354355468944e7f8840d5d2d83c344fdbf4a5d3bf6,04d5fc3bd443007507b8d2e2ea870060397833a500615e3e35ce6358bbe17cdf,13
ort_python,4,16,31.8575,1,1,0,c5ef909be6cda03f0f87a7354355468944e7f8840d5d2d83c344fdbf4a5d3bf6,04d5fc3bd443007507b8d2e2ea870060397833a500615e3e35ce6358bbe17cdf,13
ort_python,4,17,31.1915,1,1,0,c5ef909be6cda03f0f87a7354355468944e7f8840d5d2d83c344fdbf4a5d3bf6,04d5fc3bd443007507b8d2e2ea870060397833a500615e3e35ce6358bbe17cdf,13
ort_python,4,18,29.2793,1,1,0,c5ef909be6cda03f0f87a7354355468944e7f8840d5d2d83c344fdbf4a5d3bf6,04d5fc3bd443007507b8d2e2ea870060397833a500615e3e35ce6358bbe17cdf,13
ort_python,4,19,29.7655,1,1,0,c5ef909be6cda03f0f87a7354355468944e7f8840d5d2d83c344fdbf4a5d3bf6,04d5fc3bd443007507b8d2e2ea870060397833a500615e3e35ce6358bbe17cdf,13
ort_python,4,20,30.126,1,1,0,c5ef909be6cda03f0f87a7354355468944e7f8840d5d2d83c344fdbf4a5d3bf6,04d5fc3bd443007507b8d2e2ea870060397833a500615e3e35ce6358bbe17cdf,13
ort_python,4,21,28.2447,1,1,0,c5ef909be6cda03f0f87a7354355468944e7f8840d5d2d83c344fdbf4a5d3bf6,04d5fc3bd443007507b8d2e2ea870060397833a500615e3e35ce6358bbe17cdf,13
ort_python,4,22,27.6141,1,1,0,c5ef909be6cda03f0f87a7354355468944e7f8840d5d2d83c344fdbf4a5d3bf6,04d5fc3bd443007507b8d2e2ea870060397833a500615e3e35ce6358bbe17cdf,13
ort_python,4,23,26.9343,1,1,0,c5ef909be6cda03f0f87a7354355468944e7f8840d5d2d83c344fdbf4a5d3bf6,04d5fc3bd443007507b8d2e2ea870060397833a500615e3e35ce6358bbe17cdf,13
ort_python,4,24,27.9906,1,1,0,c5ef909be6cda03f0f87a7354355468944e7f8840d5d2d83c344fdbf4a5d3bf6,04d5fc3bd443007507b8d2e2ea870060397833a500615e3e35ce6358bbe17cdf,13
ort_python,4,25,29.6956,1,1,0,c5ef909be6cda03f0f87a7354355468944e7f8840d5d2d83c344fdbf4a5d3bf6,04d5fc3bd443007507b8d2e2ea870060397833a500615e3e35ce6358bbe17cdf,13
ort_python,4,26,27.3353,1,1,0,c5ef909be6cda03f0f87a7354355468944e7f8840d5d2d83c344fdbf4a5d3bf6,04d5fc3bd443007507b8d2e2ea870060397833a500615e3e35ce6358bbe17cdf,13
ort_python,4,27,26.7559,1,1,0,c5ef909be6cda03f0f87a7354355468944e7f8840d5d2d83c344fdbf4a5d3bf6,04d5fc3bd443007507b8d2e2ea870060397833a500615e3e35ce6358bbe17cdf,13
ort_python,4,28,32.3881,1,1,0,c5ef909be6cda03f0f87a7354355468944e7f8840d5d2d83c344fdbf4a5d3bf6,04d5fc3bd443007507b8d2e2ea870060397833a500615e3e35ce6358bbe17cdf,13
ort_python,4,29,28.8723,1,1,0,c5ef909be6cda03f0f87a7354355468944e7f8840d5d2d83c344fdbf4a5d3bf6,04d5fc3bd443007507b8d2e2ea870060397833a500615e3e35ce6358bbe17cdf,13
ort_python,4,30,27.596,1,1,0,c5ef909be6cda03f0f87a7354355468944e7f8840d5d2d83c344fdbf4a5d3bf6,04d5fc3bd443007507b8d2e2ea870060397833a500615e3e35ce6358bbe17cdf,13
ort_python,4,31,26.7428,1,1,0,c5ef909be6cda03f0f87a7354355468944e7f8840d5d2d83c344fdbf4a5d3bf6,04d5fc3bd443007507b8d2e2ea870060397833a500615e3e35ce6358bbe17cdf,13
ort_python,4,32,33.1934,1,1,0,c5ef909be6cda03f0f87a7354355468944e7f8840d5d2d83c344fdbf4a5d3bf6,04d5fc3bd443007507b8d2e2ea870060397833a500615e3e35ce6358bbe17cdf,13
ort_python,4,33,27.7154,1,1,0,c5ef909be6cda03f0f87a7354355468944e7f8840d5d2d83c344fdbf4a5d3bf6,04d5fc3bd443007507b8d2e2ea870060397833a500615e3e35ce6358bbe17cdf,13
ort_python,4,34,29.3899,1,1,0,c5ef909be6cda03f0f87a7354355468944e7f8840d5d2d83c344fdbf4a5d3bf6,04d5fc3bd443007507b8d2e2ea870060397833a500615e3e35ce6358bbe17cdf,13
ort_python,4,35,29.7573,1,1,0,c5ef909be6cda03f0f87a7354355468944e7f8840d5d2d83c344fdbf4a5d3bf6,04d5fc3bd443007507b8d2e2ea870060397833a500615e3e35ce6358bbe17cdf,13
ort_python,4,36,31.5416,1,1,0,c5ef909be6cda03f0f87a7354355468944e7f8840d5d2d83c344fdbf4a5d3bf6,04d5fc3bd443007507b8d2e2ea870060397833a500615e3e35ce6358bbe17cdf,13
ort_python,4,37,28.8831,1,1,0,c5ef909be6cda03f0f87a7354355468944e7f8840d5d2d83c344fdbf4a5d3bf6,04d5fc3bd443007507b8d2e2ea870060397833a500615e3e35ce6358bbe17cdf,13
ort_python,4,38,29.4514,1,1,0,c5ef909be6cda03f0f87a7354355468944e7f8840d5d2d83c344fdbf4a5d3bf6,04d5fc3bd443007507b8d2e2ea870060397833a500615e3e35ce6358bbe17cdf,13
ort_python,4,39,30.0296,1,1,0,c5ef909be6cda03f0f87a7354355468944e7f8840d5d2d83c344fdbf4a5d3bf6,04d5fc3bd443007507b8d2e2ea870060397833a500615e3e35ce6358bbe17cdf,13
ort_python,4,40,27.7176,1,1,0,c5ef909be6cda03f0f87a7354355468944e7f8840d5d2d83c344fdbf4a5d3bf6,04d5fc3bd443007507b8d2e2ea870060397833a500615e3e35ce6358bbe17cdf,13
ort_python,4,41,28.7333,1,1,0,c5ef909be6cda03f0f87a7354355468944e7f8840d5d2d83c344fdbf4a5d3bf6,04d5fc3bd443007507b8d2e2ea870060397833a500615e3e35ce6358bbe17cdf,13
ort_python,4,42,27.4623,1,1,0,c5ef909be6cda03f0f87a7354355468944e7f8840d5d2d83c344fdbf4a5d3bf6,04d5fc3bd443007507b8d2e2ea870060397833a500615e3e35ce6358bbe17cdf,13
ort_python,4,43,30.7544,1,1,0,c5ef909be6cda03f0f87a7354355468944e7f8840d5d2d83c344fdbf4a5d3bf6,04d5fc3bd443007507b8d2e2ea870060397833a500615e3e35ce6358bbe17cdf,13
ort_python,4,44,27.1422,1,1,0,c5ef909be6cda03f0f87a7354355468944e7f8840d5d2d83c344fdbf4a5d3bf6,04d5fc3bd443007507b8d2e2ea870060397833a500615e3e35ce6358bbe17cdf,13
ort_python,4,45,30.4319,1,1,0,c5ef909be6cda03f0f87a7354355468944e7f8840d5d2d83c344fdbf4a5d3bf6,04d5fc3bd443007507b8d2e2ea870060397833a500615e3e35ce6358bbe17cdf,13
ort_python,4,46,27.3869,1,1,0,c5ef909be6cda03f0f87a7354355468944e7f8840d5d2d83c344fdbf4a5d3bf6,04d5fc3bd443007507b8d2e2ea870060397833a500615e3e35ce6358bbe17cdf,13
ort_python,4,47,29.4647,1,1,0,c5ef909be6cda03f0f87a7354355468944e7f8840d5d2d83c344fdbf4a5d3bf6,04d5fc3bd443007507b8d2e2ea870060397833a500615e3e35ce6358bbe17cdf,13
ort_python,4,48,27.051,1,1,0,c5ef909be6cda03f0f87a7354355468944e7f8840d5d2d83c344fdbf4a5d3bf6,04d5fc3bd443007507b8d2e2ea870060397833a500615e3e35ce6358bbe17cdf,13
ort_python,4,49,29.4814,1,1,0,c5ef909be6cda03f0f87a7354355468944e7f8840d5d2d83c344fdbf4a5d3bf6,04d5fc3bd443007507b8d2e2ea870060397833a500615e3e35ce6358bbe17cdf,13
ort_python,4,50,28.9397,1,1,0,c5ef909be6cda03f0f87a7354355468944e7f8840d5d2d83c344fdbf4a5d3bf6,04d5fc3bd443007507b8d2e2ea870060397833a500615e3e35ce6358bbe17cdf,13
ort_python,4,51,29.5613,1,1,0,c5ef909be6cda03f0f87a7354355468944e7f8840d5d2d83c344fdbf4a5d3bf6,04d5fc3bd443007507b8d2e2ea870060397833a500615e3e35ce6358bbe17cdf,13
ort_python,4,52,26.7953,1,1,0,c5ef909be6cda03f0f87a7354355468944e7f8840d5d2d83c344fdbf4a5d3bf6,04d5fc3bd443007507b8d2e2ea870060397833a500615e3e35ce6358bbe17cdf,13
ort_python,4,53,29.396,1,1,0,c5ef909be6cda03f0f87a7354355468944e7f8840d5d2d83c344fdbf4a5d3bf6,04d5fc3bd443007507b8d2e2ea870060397833a500615e3e35ce6358bbe17cdf,13
ort_python,4,54,28.0385,1,1,0,c5ef909be6cda03f0f87a7354355468944e7f8840d5d2d83c344fdbf4a5d3bf6,04d5fc3bd443007507b8d2e2ea870060397833a500615e3e35ce6358bbe17cdf,13
ort_python,4,55,27.7939,1,1,0,c5ef909be6cda03f0f87a7354355468944e7f8840d5d2d83c344fdbf4a5d3bf6,04d5fc3bd443007507b8d2e2ea870060397833a500615e3e35ce6358bbe17cdf,13
ort_python,4,56,26.318,1,1,0,c5ef909be6cda03f0f87a7354355468944e7f8840d5d2d83c344fdbf4a5d3bf6,04d5fc3bd443007507b8d2e2ea870060397833a500615e3e35ce6358bbe17cdf,13
ort_python,4,57,26.9935,1,1,0,c5ef909be6cda03f0f87a7354355468944e7f8840d5d2d83c344fdbf4a5d3bf6,04d5fc3bd443007507b8d2e2ea870060397833a500615e3e35ce6358bbe17cdf,13
ort_python,4,58,29.7861,1,1,0,c5ef909be6cda03f0f87a7354355468944e7f8840d5d2d83c344fdbf4a5d3bf6,04d5fc3bd443007507b8d2e2ea870060397833a500615e3e35ce6358bbe17cdf,13
ort_python,4,59,28.1103,1,1,0,c5ef909be6cda03f0f87a7354355468944e7f8840d5d2d83c344fdbf4a5d3bf6,04d5fc3bd443007507b8d2e2ea870060397833a500615e3e35ce6358bbe17cdf,13
ort_python,4,60,29.6904,1,1,0,c5ef909be6cda03f0f87a7354355468944e7f8840d5d2d83c344fdbf4a5d3bf6,04d5fc3bd443007507b8d2e2ea870060397833a500615e3e35ce6358bbe17cdf,13
ort_python,4,61,31.2628,1,1,0,c5ef909be6cda03f0f87a7354355468944e7f8840d5d2d83c344fdbf4a5d3bf6,04d5fc3bd443007507b8d2e2ea870060397833a500615e3e35ce6358bbe17cdf,13
ort_python,4,62,28.3932,1,1,0,c5ef909be6cda03f0f87a7354355468944e7f8840d5d2d83c344fdbf4a5d3bf6,04d5fc3bd443007507b8d2e2ea870060397833a500615e3e35ce6358bbe17cdf,13
ort_python,4,63,29.5717,1,1,0,c5ef909be6cda03f0f87a7354355468944e7f8840d5d2d83c344fdbf4a5d3bf6,04d5fc3bd443007507b8d2e2ea870060397833a500615e3e35ce6358bbe17cdf,13
ort_python,4,64,27.5619,1,1,0,c5ef909be6cda03f0f87a7354355468944e7f8840d5d2d83c344fdbf4a5d3bf6,04d5fc3bd443007507b8d2e2ea870060397833a500615e3e35ce6358bbe17cdf,13
ort_python,4,65,29.8564,1,1,0,c5ef909be6cda03f0f87a7354355468944e7f8840d5d2d83c344fdbf4a5d3bf6,04d5fc3bd443007507b8d2e2ea870060397833a500615e3e35ce6358bbe17cdf,13
ort_python,4,66,28.2643,1,1,0,c5ef909be6cda03f0f87a7354355468944e7f8840d5d2d83c344fdbf4a5d3bf6,04d5fc3bd443007507b8d2e2ea870060397833a500615e3e35ce6358bbe17cdf,13
ort_python,4,67,29.5523,1,1,0,c5ef909be6cda03f0f87a7354355468944e7f8840d5d2d83c344fdbf4a5d3bf6,04d5fc3bd443007507b8d2e2ea870060397833a500615e3e35ce6358bbe17cdf,13
ort_python,4,68,27.3095,1,1,0,c5ef909be6cda03f0f87a7354355468944e7f8840d5d2d83c344fdbf4a5d3bf6,04d5fc3bd443007507b8d2e2ea870060397833a500615e3e35ce6358bbe17cdf,13
ort_python,4,69,27.1915,1,1,0,c5ef909be6cda03f0f87a7354355468944e7f8840d5d2d83c344fdbf4a5d3bf6,04d5fc3bd443007507b8d2e2ea870060397833a500615e3e35ce6358bbe17cdf,13
ort_python,4,70,33.4558,1,1,0,c5ef909be6cda03f0f87a7354355468944e7f8840d5d2d83c344fdbf4a5d3bf6,04d5fc3bd443007507b8d2e2ea870060397833a500615e3e35ce6358bbe17cdf,13
ort_python,4,71,26.6827,1,1,0,c5ef909be6cda03f0f87a7354355468944e7f8840d5d2d83c344fdbf4a5d3bf6,04d5fc3bd443007507b8d2e2ea870060397833a500615e3e35ce6358bbe17cdf,13
ort_python,4,72,28.9217,1,1,0,c5ef909be6cda03f0f87a7354355468944e7f8840d5d2d83c344fdbf4a5d3bf6,04d5fc3bd443007507b8d2e2ea870060397833a500615e3e35ce6358bbe17cdf,13
ort_python,4,73,30.6931,1,1,0,c5ef909be6cda03f0f87a7354355468944e7f8840d5d2d83c344fdbf4a5d3bf6,04d5fc3bd443007507b8d2e2ea870060397833a500615e3e35ce6358bbe17cdf,13
ort_python,4,74,31.1307,1,1,0,c5ef909be6cda03f0f87a7354355468944e7f8840d5d2d83c344fdbf4a5d3bf6,04d5fc3bd443007507b8d2e2ea870060397833a500615e3e35ce6358bbe17cdf,13
ort_python,4,75,27.5656,1,1,0,c5ef909be6cda03f0f87a7354355468944e7f8840d5d2d83c344fdbf4a5d3bf6,04d5fc3bd443007507b8d2e2ea870060397833a500615e3e35ce6358bbe17cdf,13
ort_python,4,76,27.8662,1,1,0,c5ef909be6cda03f0f87a7354355468944e7f8840d5d2d83c344fdbf4a5d3bf6,04d5fc3bd443007507b8d2e2ea870060397833a500615e3e35ce6358bbe17cdf,13
ort_python,4,77,34.5977,1,1,0,c5ef909be6cda03f0f87a7354355468944e7f8840d5d2d83c344fdbf4a5d3bf6,04d5fc3bd443007507b8d2e2ea870060397833a500615e3e35ce6358bbe17cdf,13
ort_python,4,78,30.0926,1,1,0,c5ef909be6cda03f0f87a7354355468944e7f8840d5d2d83c344fdbf4a5d3bf6,04d5fc3bd443007507b8d2e2ea870060397833a500615e3e35ce6358bbe17cdf,13
ort_python,4,79,27.7533,1,1,0,c5ef909be6cda03f0f87a7354355468944e7f8840d5d2d83c344fdbf4a5d3bf6,04d5fc3bd443007507b8d2e2ea870060397833a500615e3e35ce6358bbe17cdf,13
ort_python,4,80,29.7422,1,1,0,c5ef909be6cda03f0f87a7354355468944e7f8840d5d2d83c344fdbf4a5d3bf6,04d5fc3bd443007507b8d2e2ea870060397833a500615e3e35ce6358bbe17cdf,13
ort_python,4,81,28.97,1,1,0,c5ef909be6cda03f0f87a7354355468944e7f8840d5d2d83c344fdbf4a5d3bf6,04d5fc3bd443007507b8d2e2ea870060397833a500615e3e35ce6358bbe17cdf,13
ort_python,4,82,27.6452,1,1,0,c5ef909be6cda03f0f87a7354355468944e7f8840d5d2d83c344fdbf4a5d3bf6,04d5fc3bd443007507b8d2e2ea870060397833a500615e3e35ce6358bbe17cdf,13
ort_python,4,83,28.932,1,1,0,c5ef909be6cda03f0f87a7354355468944e7f8840d5d2d83c344fdbf4a5d3bf6,04d5fc3bd443007507b8d2e2ea870060397833a500615e3e35ce6358bbe17cdf,13
ort_python,4,84,28.7162,1,1,0,c5ef909be6cda03f0f87a7354355468944e7f8840d5d2d83c344fdbf4a5d3bf6,04d5fc3bd443007507b8d2e2ea870060397833a500615e3e35ce6358bbe17cdf,13
ort_python,4,85,27.7758,1,1,0,c5ef909be6cda03f0f87a7354355468944e7f8840d5d2d83c344fdbf4a5d3bf6,04d5fc3bd443007507b8d2e2ea870060397833a500615e3e35ce6358bbe17cdf,13
ort_python,4,86,27.8082,1,1,0,c5ef909be6cda03f0f87a7354355468944e7f8840d5d2d83c344fdbf4a5d3bf6,04d5fc3bd443007507b8d2e2ea870060397833a500615e3e35ce6358bbe17cdf,13
ort_python,4,87,28.727,1,1,0,c5ef909be6cda03f0f87a7354355468944e7f8840d5d2d83c344fdbf4a5d3bf6,04d5fc3bd443007507b8d2e2ea870060397833a500615e3e35ce6358bbe17cdf,13
ort_python,4,88,29.122,1,1,0,c5ef909be6cda03f0f87a7354355468944e7f8840d5d2d83c344fdbf4a5d3bf6,04d5fc3bd443007507b8d2e2ea870060397833a500615e3e35ce6358bbe17cdf,13
ort_python,4,89,27.4431,1,1,0,c5ef909be6cda03f0f87a7354355468944e7f8840d5d2d83c344fdbf4a5d3bf6,04d5fc3bd443007507b8d2e2ea870060397833a500615e3e35ce6358bbe17cdf,13
ort_python,4,90,28.3794,1,1,0,c5ef909be6cda03f0f87a7354355468944e7f8840d5d2d83c344fdbf4a5d3bf6,04d5fc3bd443007507b8d2e2ea870060397833a500615e3e35ce6358bbe17cdf,13
ort_python,4,91,29.7364,1,1,0,c5ef909be6cda03f0f87a7354355468944e7f8840d5d2d83c344fdbf4a5d3bf6,04d5fc3bd443007507b8d2e2ea870060397833a500615e3e35ce6358bbe17cdf,13
ort_python,4,92,33.1077,1,1,0,c5ef909be6cda03f0f87a7354355468944e7f8840d5d2d83c344fdbf4a5d3bf6,04d5fc3bd443007507b8d2e2ea870060397833a500615e3e35ce6358bbe17cdf,13
ort_python,4,93,27.6789,1,1,0,c5ef909be6cda03f0f87a7354355468944e7f8840d5d2d83c344fdbf4a5d3bf6,04d5fc3bd443007507b8d2e2ea870060397833a500615e3e35ce6358bbe17cdf,13
ort_python,4,94,31.1024,1,1,0,c5ef909be6cda03f0f87a7354355468944e7f8840d5d2d83c344fdbf4a5d3bf6,04d5fc3bd443007507b8d2e2ea870060397833a500615e3e35ce6358bbe17cdf,13
ort_python,4,95,29.7057,1,1,0,c5ef909be6cda03f0f87a7354355468944e7f8840d5d2d83c344fdbf4a5d3bf6,04d5fc3bd443007507b8d2e2ea870060397833a500615e3e35ce6358bbe17cdf,13
ort_python,4,96,27.5093,1,1,0,c5ef909be6cda03f0f87a7354355468944e7f8840d5d2d83c344fdbf4a5d3bf6,04d5fc3bd443007507b8d2e2ea870060397833a500615e3e35ce6358bbe17cdf,13
ort_python,4,97,26.3829,1,1,0,c5ef909be6cda03f0f87a7354355468944e7f8840d5d2d83c344fdbf4a5d3bf6,04d5fc3bd443007507b8d2e2ea870060397833a500615e3e35ce6358bbe17cdf,13
ort_python,4,98,29.4587,1,1,0,c5ef909be6cda03f0f87a7354355468944e7f8840d5d2d83c344fdbf4a5d3bf6,04d5fc3bd443007507b8d2e2ea870060397833a500615e3e35ce6358bbe17cdf,13
ort_python,4,99,27.4523,1,1,0,c5ef909be6cda03f0f87a7354355468944e7f8840d5d2d83c344fdbf4a5d3bf6,04d5fc3bd443007507b8d2e2ea870060397833a500615e3e35ce6358bbe17cdf,13
ort_python,4,100,26.8209,1,1,0,c5ef909be6cda03f0f87a7354355468944e7f8840d5d2d83c344fdbf4a5d3bf6,04d5fc3bd443007507b8d2e2ea870060397833a500615e3e35ce6358bbe17cdf,13
ort_python,4,101,26.3835,1,1,0,c5ef909be6cda03f0f87a7354355468944e7f8840d5d2d83c344fdbf4a5d3bf6,04d5fc3bd443007507b8d2e2ea870060397833a500615e3e35ce6358bbe17cdf,13
ort_python,4,102,27.2199,1,1,0,c5ef909be6cda03f0f87a7354355468944e7f8840d5d2d83c344fdbf4a5d3bf6,04d5fc3bd443007507b8d2e2ea870060397833a500615e3e35ce6358bbe17cdf,13
ort_python,4,103,30.0003,1,1,0,c5ef909be6cda03f0f87a7354355468944e7f8840d5d2d83c344fdbf4a5d3bf6,04d5fc3bd443007507b8d2e2ea870060397833a500615e3e35ce6358bbe17cdf,13
ort_python,4,104,28.9968,1,1,0,c5ef909be6cda03f0f87a7354355468944e7f8840d5d2d83c344fdbf4a5d3bf6,04d5fc3bd443007507b8d2e2ea870060397833a500615e3e35ce6358bbe17cdf,13
ort_python,4,105,26.8784,1,1,0,c5ef909be6cda03f0f87a7354355468944e7f8840d5d2d83c344fdbf4a5d3bf6,04d5fc3bd443007507b8d2e2ea870060397833a500615e3e35ce6358bbe17cdf,13
ort_python,4,106,29.1098,1,1,0,c5ef909be6cda03f0f87a7354355468944e7f8840d5d2d83c344fdbf4a5d3bf6,04d5fc3bd443007507b8d2e2ea870060397833a500615e3e35ce6358bbe17cdf,13
ort_python,4,107,32.3587,1,1,0,c5ef909be6cda03f0f87a7354355468944e7f8840d5d2d83c344fdbf4a5d3bf6,04d5fc3bd443007507b8d2e2ea870060397833a500615e3e35ce6358bbe17cdf,13
ort_python,4,108,27.4975,1,1,0,c5ef909be6cda03f0f87a7354355468944e7f8840d5d2d83c344fdbf4a5d3bf6,04d5fc3bd443007507b8d2e2ea870060397833a500615e3e35ce6358bbe17cdf,13
ort_python,4,109,28.7709,1,1,0,c5ef909be6cda03f0f87a7354355468944e7f8840d5d2d83c344fdbf4a5d3bf6,04d5fc3bd443007507b8d2e2ea870060397833a500615e3e35ce6358bbe17cdf,13
ort_python,4,110,28.2435,1,1,0,c5ef909be6cda03f0f87a7354355468944e7f8840d5d2d83c344fdbf4a5d3bf6,04d5fc3bd443007507b8d2e2ea870060397833a500615e3e35ce6358bbe17cdf,13
ort_python,4,111,30.9753,1,1,0,c5ef909be6cda03f0f87a7354355468944e7f8840d5d2d83c344fdbf4a5d3bf6,04d5fc3bd443007507b8d2e2ea870060397833a500615e3e35ce6358bbe17cdf,13
ort_python,4,112,28.0032,1,1,0,c5ef909be6cda03f0f87a7354355468944e7f8840d5d2d83c344fdbf4a5d3bf6,04d5fc3bd443007507b8d2e2ea870060397833a500615e3e35ce6358bbe17cdf,13
ort_python,4,113,33.558,1,1,0,c5ef909be6cda03f0f87a7354355468944e7f8840d5d2d83c344fdbf4a5d3bf6,04d5fc3bd443007507b8d2e2ea870060397833a500615e3e35ce6358bbe17cdf,13
ort_python,4,114,26.0584,1,1,0,c5ef909be6cda03f0f87a7354355468944e7f8840d5d2d83c344fdbf4a5d3bf6,04d5fc3bd443007507b8d2e2ea870060397833a500615e3e35ce6358bbe17cdf,13
ort_python,4,115,28.0508,1,1,0,c5ef909be6cda03f0f87a7354355468944e7f8840d5d2d83c344fdbf4a5d3bf6,04d5fc3bd443007507b8d2e2ea870060397833a500615e3e35ce6358bbe17cdf,13
ort_python,4,116,27.1643,1,1,0,c5ef909be6cda03f0f87a7354355468944e7f8840d5d2d83c344fdbf4a5d3bf6,04d5fc3bd443007507b8d2e2ea870060397833a500615e3e35ce6358bbe17cdf,13
ort_python,4,117,30.2924,1,1,0,c5ef909be6cda03f0f87a7354355468944e7f8840d5d2d83c344fdbf4a5d3bf6,04d5fc3bd443007507b8d2e2ea870060397833a500615e3e35ce6358bbe17cdf,13
ort_python,4,118,27.9973,1,1,0,c5ef909be6cda03f0f87a7354355468944e7f8840d5d2d83c344fdbf4a5d3bf6,04d5fc3bd443007507b8d2e2ea870060397833a500615e3e35ce6358bbe17cdf,13
ort_python,4,119,29.4823,1,1,0,c5ef909be6cda03f0f87a7354355468944e7f8840d5d2d83c344fdbf4a5d3bf6,04d5fc3bd443007507b8d2e2ea870060397833a500615e3e35ce6358bbe17cdf,13
ort_python,4,120,31.2657,1,1,0,c5ef909be6cda03f0f87a7354355468944e7f8840d5d2d83c344fdbf4a5d3bf6,04d5fc3bd443007507b8d2e2ea870060397833a500615e3e35ce6358bbe17cdf,13
ort_python,4,121,27.023,1,1,0,c5ef909be6cda03f0f87a7354355468944e7f8840d5d2d83c344fdbf4a5d3bf6,04d5fc3bd443007507b8d2e2ea870060397833a500615e3e35ce6358bbe17cdf,13
ort_python,4,122,28.6962,1,1,0,c5ef909be6cda03f0f87a7354355468944e7f8840d5d2d83c344fdbf4a5d3bf6,04d5fc3bd443007507b8d2e2ea870060397833a500615e3e35ce6358bbe17cdf,13
ort_python,4,123,28.1311,1,1,0,c5ef909be6cda03f0f87a7354355468944e7f8840d5d2d83c344fdbf4a5d3bf6,04d5fc3bd443007507b8d2e2ea870060397833a500615e3e35ce6358bbe17cdf,13
ort_python,4,124,29.7605,1,1,0,c5ef909be6cda03f0f87a7354355468944e7f8840d5d2d83c344fdbf4a5d3bf6,04d5fc3bd443007507b8d2e2ea870060397833a500615e3e35ce6358bbe17cdf,13
ort_python,4,125,28.354,1,1,0,c5ef909be6cda03f0f87a7354355468944e7f8840d5d2d83c344fdbf4a5d3bf6,04d5fc3bd443007507b8d2e2ea870060397833a500615e3e35ce6358bbe17cdf,13
ort_python,4,126,27.3541,1,1,0,c5ef909be6cda03f0f87a7354355468944e7f8840d5d2d83c344fdbf4a5d3bf6,04d5fc3bd443007507b8d2e2ea870060397833a500615e3e35ce6358bbe17cdf,13
ort_python,4,127,27.0836,1,1,0,c5ef909be6cda03f0f87a7354355468944e7f8840d5d2d83c344fdbf4a5d3bf6,04d5fc3bd443007507b8d2e2ea870060397833a500615e3e35ce6358bbe17cdf,13
ort_python,4,128,29.0381,1,1,0,c5ef909be6cda03f0f87a7354355468944e7f8840d5d2d83c344fdbf4a5d3bf6,04d5fc3bd443007507b8d2e2ea870060397833a500615e3e35ce6358bbe17cdf,13
ort_python,4,129,29.3613,1,1,0,c5ef909be6cda03f0f87a7354355468944e7f8840d5d2d83c344fdbf4a5d3bf6,04d5fc3bd443007507b8d2e2ea870060397833a500615e3e35ce6358bbe17cdf,13
ort_python,4,130,28.0529,1,1,0,c5ef909be6cda03f0f87a7354355468944e7f8840d5d2d83c344fdbf4a5d3bf6,04d5fc3bd443007507b8d2e2ea870060397833a500615e3e35ce6358bbe17cdf,13
ort_python,4,131,26.6106,1,1,0,c5ef909be6cda03f0f87a7354355468944e7f8840d5d2d83c344fdbf4a5d3bf6,04d5fc3bd443007507b8d2e2ea870060397833a500615e3e35ce6358bbe17cdf,13
ort_python,4,132,28.1727,1,1,0,c5ef909be6cda03f0f87a7354355468944e7f8840d5d2d83c344fdbf4a5d3bf6,04d5fc3bd443007507b8d2e2ea870060397833a500615e3e35ce6358bbe17cdf,13
ort_python,4,133,30.018,1,1,0,c5ef909be6cda03f0f87a7354355468944e7f8840d5d2d83c344fdbf4a5d3bf6,04d5fc3bd443007507b8d2e2ea870060397833a500615e3e35ce6358bbe17cdf,13
ort_python,4,134,28.1476,1,1,0,c5ef909be6cda03f0f87a7354355468944e7f8840d5d2d83c344fdbf4a5d3bf6,04d5fc3bd443007507b8d2e2ea870060397833a500615e3e35ce6358bbe17cdf,13
ort_python,4,135,26.0122,1,1,0,c5ef909be6cda03f0f87a7354355468944e7f8840d5d2d83c344fdbf4a5d3bf6,04d5fc3bd443007507b8d2e2ea870060397833a500615e3e35ce6358bbe17cdf,13
ort_python,4,136,37.4705,1,1,0,c5ef909be6cda03f0f87a7354355468944e7f8840d5d2d83c344fdbf4a5d3bf6,04d5fc3bd443007507b8d2e2ea870060397833a500615e3e35ce6358bbe17cdf,13
ort_python,4,137,30.5977,1,1,0,c5ef909be6cda03f0f87a7354355468944e7f8840d5d2d83c344fdbf4a5d3bf6,04d5fc3bd443007507b8d2e2ea870060397833a500615e3e35ce6358bbe17cdf,13
ort_python,4,138,26.3927,1,1,0,c5ef909be6cda03f0f87a7354355468944e7f8840d5d2d83c344fdbf4a5d3bf6,04d5fc3bd443007507b8d2e2ea870060397833a500615e3e35ce6358bbe17cdf,13
ort_python,4,139,27.8448,1,1,0,c5ef909be6cda03f0f87a7354355468944e7f8840d5d2d83c344fdbf4a5d3bf6,04d5fc3bd443007507b8d2e2ea870060397833a500615e3e35ce6358bbe17cdf,13
ort_python,4,140,30.8414,1,1,0,c5ef909be6cda03f0f87a7354355468944e7f8840d5d2d83c344fdbf4a5d3bf6,04d5fc3bd443007507b8d2e2ea870060397833a500615e3e35ce6358bbe17cdf,13
ort_python,4,141,30.7745,1,1,0,c5ef909be6cda03f0f87a7354355468944e7f8840d5d2d83c344fdbf4a5d3bf6,04d5fc3bd443007507b8d2e2ea870060397833a500615e3e35ce6358bbe17cdf,13
ort_python,4,142,28.7613,1,1,0,c5ef909be6cda03f0f87a7354355468944e7f8840d5d2d83c344fdbf4a5d3bf6,04d5fc3bd443007507b8d2e2ea870060397833a500615e3e35ce6358bbe17cdf,13
ort_python,4,143,29.8822,1,1,0,c5ef909be6cda03f0f87a7354355468944e7f8840d5d2d83c344fdbf4a5d3bf6,04d5fc3bd443007507b8d2e2ea870060397833a500615e3e35ce6358bbe17cdf,13
ort_python,4,144,27.5279,1,1,0,c5ef909be6cda03f0f87a7354355468944e7f8840d5d2d83c344fdbf4a5d3bf6,04d5fc3bd443007507b8d2e2ea870060397833a500615e3e35ce6358bbe17cdf,13
ort_python,4,145,27.6204,1,1,0,c5ef909be6cda03f0f87a7354355468944e7f8840d5d2d83c344fdbf4a5d3bf6,04d5fc3bd443007507b8d2e2ea870060397833a500615e3e35ce6358bbe17cdf,13
ort_python,4,146,27.0774,1,1,0,c5ef909be6cda03f0f87a7354355468944e7f8840d5d2d83c344fdbf4a5d3bf6,04d5fc3bd443007507b8d2e2ea870060397833a500615e3e35ce6358bbe17cdf,13
ort_python,4,147,29.7007,1,1,0,c5ef909be6cda03f0f87a7354355468944e7f8840d5d2d83c344fdbf4a5d3bf6,04d5fc3bd443007507b8d2e2ea870060397833a500615e3e35ce6358bbe17cdf,13
ort_python,4,148,27.2212,1,1,0,c5ef909be6cda03f0f87a7354355468944e7f8840d5d2d83c344fdbf4a5d3bf6,04d5fc3bd443007507b8d2e2ea870060397833a500615e3e35ce6358bbe17cdf,13
ort_python,4,149,28.4687,1,1,0,c5ef909be6cda03f0f87a7354355468944e7f8840d5d2d83c344fdbf4a5d3bf6,04d5fc3bd443007507b8d2e2ea870060397833a500615e3e35ce6358bbe17cdf,13
ort_python,4,150,25.4901,1,1,0,c5ef909be6cda03f0f87a7354355468944e7f8840d5d2d83c344fdbf4a5d3bf6,04d5fc3bd443007507b8d2e2ea870060397833a500615e3e35ce6358bbe17cdf,13
ort_python,4,151,28.4334,1,1,0,c5ef909be6cda03f0f87a7354355468944e7f8840d5d2d83c344fdbf4a5d3bf6,04d5fc3bd443007507b8d2e2ea870060397833a500615e3e35ce6358bbe17cdf,13
ort_python,4,152,27.2363,1,1,0,c5ef909be6cda03f0f87a7354355468944e7f8840d5d2d83c344fdbf4a5d3bf6,04d5fc3bd443007507b8d2e2ea870060397833a500615e3e35ce6358bbe17cdf,13
ort_python,4,153,31.6473,1,1,0,c5ef909be6cda03f0f87a7354355468944e7f8840d5d2d83c344fdbf4a5d3bf6,04d5fc3bd443007507b8d2e2ea870060397833a500615e3e35ce6358bbe17cdf,13
ort_python,4,154,28.8401,1,1,0,c5ef909be6cda03f0f87a7354355468944e7f8840d5d2d83c344fdbf4a5d3bf6,04d5fc3bd443007507b8d2e2ea870060397833a500615e3e35ce6358bbe17cdf,13
ort_python,4,155,26.64,1,1,0,c5ef909be6cda03f0f87a7354355468944e7f8840d5d2d83c344fdbf4a5d3bf6,04d5fc3bd443007507b8d2e2ea870060397833a500615e3e35ce6358bbe17cdf,13
ort_python,4,156,27.8273,1,1,0,c5ef909be6cda03f0f87a7354355468944e7f8840d5d2d83c344fdbf4a5d3bf6,04d5fc3bd443007507b8d2e2ea870060397833a500615e3e35ce6358bbe17cdf,13
ort_python,4,157,27.3533,1,1,0,c5ef909be6cda03f0f87a7354355468944e7f8840d5d2d83c344fdbf4a5d3bf6,04d5fc3bd443007507b8d2e2ea870060397833a500615e3e35ce6358bbe17cdf,13
ort_python,4,158,28.0939,1,1,0,c5ef909be6cda03f0f87a7354355468944e7f8840d5d2d83c344fdbf4a5d3bf6,04d5fc3bd443007507b8d2e2ea870060397833a500615e3e35ce6358bbe17cdf,13
ort_python,4,159,29.4314,1,1,0,c5ef909be6cda03f0f87a7354355468944e7f8840d5d2d83c344fdbf4a5d3bf6,04d5fc3bd443007507b8d2e2ea870060397833a500615e3e35ce6358bbe17cdf,13
ort_python,4,160,26.4202,1,1,0,c5ef909be6cda03f0f87a7354355468944e7f8840d5d2d83c344fdbf4a5d3bf6,04d5fc3bd443007507b8d2e2ea870060397833a500615e3e35ce6358bbe17cdf,13
ort_python,4,161,27.1584,1,1,0,c5ef909be6cda03f0f87a7354355468944e7f8840d5d2d83c344fdbf4a5d3bf6,04d5fc3bd443007507b8d2e2ea870060397833a500615e3e35ce6358bbe17cdf,13
ort_python,4,162,29.7461,1,1,0,c5ef909be6cda03f0f87a7354355468944e7f8840d5d2d83c344fdbf4a5d3bf6,04d5fc3bd443007507b8d2e2ea870060397833a500615e3e35ce6358bbe17cdf,13
ort_python,4,163,27.4447,1,1,0,c5ef909be6cda03f0f87a7354355468944e7f8840d5d2d83c344fdbf4a5d3bf6,04d5fc3bd443007507b8d2e2ea870060397833a500615e3e35ce6358bbe17cdf,13
ort_python,4,164,26.5398,1,1,0,c5ef909be6cda03f0f87a7354355468944e7f8840d5d2d83c344fdbf4a5d3bf6,04d5fc3bd443007507b8d2e2ea870060397833a500615e3e35ce6358bbe17cdf,13
ort_python,4,165,27.7434,1,1,0,c5ef909be6cda03f0f87a7354355468944e7f8840d5d2d83c344fdbf4a5d3bf6,04d5fc3bd443007507b8d2e2ea870060397833a500615e3e35ce6358bbe17cdf,13
ort_python,4,166,29.3909,1,1,0,c5ef909be6cda03f0f87a7354355468944e7f8840d5d2d83c344fdbf4a5d3bf6,04d5fc3bd443007507b8d2e2ea870060397833a500615e3e35ce6358bbe17cdf,13
ort_python,4,167,26.2347,1,1,0,c5ef909be6cda03f0f87a7354355468944e7f8840d5d2d83c344fdbf4a5d3bf6,04d5fc3bd443007507b8d2e2ea870060397833a500615e3e35ce6358bbe17cdf,13
ort_python,4,168,29.5125,1,1,0,c5ef909be6cda03f0f87a7354355468944e7f8840d5d2d83c344fdbf4a5d3bf6,04d5fc3bd443007507b8d2e2ea870060397833a500615e3e35ce6358bbe17cdf,13
ort_python,4,169,25.8446,1,1,0,c5ef909be6cda03f0f87a7354355468944e7f8840d5d2d83c344fdbf4a5d3bf6,04d5fc3bd443007507b8d2e2ea870060397833a500615e3e35ce6358bbe17cdf,13
ort_python,4,170,27.8741,1,1,0,c5ef909be6cda03f0f87a7354355468944e7f8840d5d2d83c344fdbf4a5d3bf6,04d5fc3bd443007507b8d2e2ea870060397833a500615e3e35ce6358bbe17cdf,13
ort_python,4,171,29.8118,1,1,0,c5ef909be6cda03f0f87a7354355468944e7f8840d5d2d83c344fdbf4a5d3bf6,04d5fc3bd443007507b8d2e2ea870060397833a500615e3e35ce6358bbe17cdf,13
ort_python,4,172,29.5294,1,1,0,c5ef909be6cda03f0f87a7354355468944e7f8840d5d2d83c344fdbf4a5d3bf6,04d5fc3bd443007507b8d2e2ea870060397833a500615e3e35ce6358bbe17cdf,13
ort_python,4,173,27.1095,1,1,0,c5ef909be6cda03f0f87a7354355468944e7f8840d5d2d83c344fdbf4a5d3bf6,04d5fc3bd443007507b8d2e2ea870060397833a500615e3e35ce6358bbe17cdf,13
ort_python,4,174,27.7885,1,1,0,c5ef909be6cda03f0f87a7354355468944e7f8840d5d2d83c344fdbf4a5d3bf6,04d5fc3bd443007507b8d2e2ea870060397833a500615e3e35ce6358bbe17cdf,13
ort_python,4,175,29.7667,1,1,0,c5ef909be6cda03f0f87a7354355468944e7f8840d5d2d83c344fdbf4a5d3bf6,04d5fc3bd443007507b8d2e2ea870060397833a500615e3e35ce6358bbe17cdf,13
ort_python,4,176,30.0251,1,1,0,c5ef909be6cda03f0f87a7354355468944e7f8840d5d2d83c344fdbf4a5d3bf6,04d5fc3bd443007507b8d2e2ea870060397833a500615e3e35ce6358bbe17cdf,13
ort_python,4,177,27.0479,1,1,0,c5ef909be6cda03f0f87a7354355468944e7f8840d5d2d83c344fdbf4a5d3bf6,04d5fc3bd443007507b8d2e2ea870060397833a500615e3e35ce6358bbe17cdf,13
ort_python,4,178,30.9825,1,1,0,c5ef909be6cda03f0f87a7354355468944e7f8840d5d2d83c344fdbf4a5d3bf6,04d5fc3bd443007507b8d2e2ea870060397833a500615e3e35ce6358bbe17cdf,13
ort_python,4,179,28.8157,1,1,0,c5ef909be6cda03f0f87a7354355468944e7f8840d5d2d83c344fdbf4a5d3bf6,04d5fc3bd443007507b8d2e2ea870060397833a500615e3e35ce6358bbe17cdf,13
ort_python,4,180,27.7743,1,1,0,c5ef909be6cda03f0f87a7354355468944e7f8840d5d2d83c344fdbf4a5d3bf6,04d5fc3bd443007507b8d2e2ea870060397833a500615e3e35ce6358bbe17cdf,13
ort_python,4,181,27.1271,1,1,0,c5ef909be6cda03f0f87a7354355468944e7f8840d5d2d83c344fdbf4a5d3bf6,04d5fc3bd443007507b8d2e2ea870060397833a500615e3e35ce6358bbe17cdf,13
ort_python,4,182,31.0709,1,1,0,c5ef909be6cda03f0f87a7354355468944e7f8840d5d2d83c344fdbf4a5d3bf6,04d5fc3bd443007507b8d2e2ea870060397833a500615e3e35ce6358bbe17cdf,13
ort_python,4,183,29.0259,1,1,0,c5ef909be6cda03f0f87a7354355468944e7f8840d5d2d83c344fdbf4a5d3bf6,04d5fc3bd443007507b8d2e2ea870060397833a500615e3e35ce6358bbe17cdf,13
ort_python,4,184,26.8842,1,1,0,c5ef909be6cda03f0f87a7354355468944e7f8840d5d2d83c344fdbf4a5d3bf6,04d5fc3bd443007507b8d2e2ea870060397833a500615e3e35ce6358bbe17cdf,13
ort_python,4,185,29.7851,1,1,0,c5ef909be6cda03f0f87a7354355468944e7f8840d5d2d83c344fdbf4a5d3bf6,04d5fc3bd443007507b8d2e2ea870060397833a500615e3e35ce6358bbe17cdf,13
ort_python,4,186,28.7329,1,1,0,c5ef909be6cda03f0f87a7354355468944e7f8840d5d2d83c344fdbf4a5d3bf6,04d5fc3bd443007507b8d2e2ea870060397833a500615e3e35ce6358bbe17cdf,13
ort_python,4,187,28.6721,1,1,0,c5ef909be6cda03f0f87a7354355468944e7f8840d5d2d83c344fdbf4a5d3bf6,04d5fc3bd443007507b8d2e2ea870060397833a500615e3e35ce6358bbe17cdf,13
ort_python,4,188,28.4099,1,1,0,c5ef909be6cda03f0f87a7354355468944e7f8840d5d2d83c344fdbf4a5d3bf6,04d5fc3bd443007507b8d2e2ea870060397833a500615e3e35ce6358bbe17cdf,13
ort_python,4,189,28.6235,1,1,0,c5ef909be6cda03f0f87a7354355468944e7f8840d5d2d83c344fdbf4a5d3bf6,04d5fc3bd443007507b8d2e2ea870060397833a500615e3e35ce6358bbe17cdf,13
ort_python,4,190,27.9341,1,1,0,c5ef909be6cda03f0f87a7354355468944e7f8840d5d2d83c344fdbf4a5d3bf6,04d5fc3bd443007507b8d2e2ea870060397833a500615e3e35ce6358bbe17cdf,13
ort_python,4,191,28.7277,1,1,0,c5ef909be6cda03f0f87a7354355468944e7f8840d5d2d83c344fdbf4a5d3bf6,04d5fc3bd443007507b8d2e2ea870060397833a500615e3e35ce6358bbe17cdf,13
ort_python,4,192,29.6425,1,1,0,c5ef909be6cda03f0f87a7354355468944e7f8840d5d2d83c344fdbf4a5d3bf6,04d5fc3bd443007507b8d2e2ea870060397833a500615e3e35ce6358bbe17cdf,13
ort_python,4,193,27.0827,1,1,0,c5ef909be6cda03f0f87a7354355468944e7f8840d5d2d83c344fdbf4a5d3bf6,04d5fc3bd443007507b8d2e2ea870060397833a500615e3e35ce6358bbe17cdf,13
ort_python,4,194,27.4777,1,1,0,c5ef909be6cda03f0f87a7354355468944e7f8840d5d2d83c344fdbf4a5d3bf6,04d5fc3bd443007507b8d2e2ea870060397833a500615e3e35ce6358bbe17cdf,13
ort_python,4,195,29.041,1,1,0,c5ef909be6cda03f0f87a7354355468944e7f8840d5d2d83c344fdbf4a5d3bf6,04d5fc3bd443007507b8d2e2ea870060397833a500615e3e35ce6358bbe17cdf,13
ort_python,4,196,31.0429,1,1,0,c5ef909be6cda03f0f87a7354355468944e7f8840d5d2d83c344fdbf4a5d3bf6,04d5fc3bd443007507b8d2e2ea870060397833a500615e3e35ce6358bbe17cdf,13
ort_python,4,197,28.4243,1,1,0,c5ef909be6cda03f0f87a7354355468944e7f8840d5d2d83c344fdbf4a5d3bf6,04d5fc3bd443007507b8d2e2ea870060397833a500615e3e35ce6358bbe17cdf,13
ort_python,4,198,27.0813,1,1,0,c5ef909be6cda03f0f87a7354355468944e7f8840d5d2d83c344fdbf4a5d3bf6,04d5fc3bd443007507b8d2e2ea870060397833a500615e3e35ce6358bbe17cdf,13
ort_python,4,199,27.3381,1,1,0,c5ef909be6cda03f0f87a7354355468944e7f8840d5d2d83c344fdbf4a5d3bf6,04d5fc3bd443007507b8d2e2ea870060397833a500615e3e35ce6358bbe17cdf,13
ort_python,4,200,30.0936,1,1,0,c5ef909be6cda03f0f87a7354355468944e7f8840d5d2d83c344fdbf4a5d3bf6,04d5fc3bd443007507b8d2e2ea870060397833a500615e3e35ce6358bbe17cdf,13
ort_python,4,201,27.3384,1,1,0,c5ef909be6cda03f0f87a7354355468944e7f8840d5d2d83c344fdbf4a5d3bf6,04d5fc3bd443007507b8d2e2ea870060397833a500615e3e35ce6358bbe17cdf,13
ort_python,4,202,26.3826,1,1,0,c5ef909be6cda03f0f87a7354355468944e7f8840d5d2d83c344fdbf4a5d3bf6,04d5fc3bd443007507b8d2e2ea870060397833a500615e3e35ce6358bbe17cdf,13
ort_python,4,203,30.6048,1,1,0,c5ef909be6cda03f0f87a7354355468944e7f8840d5d2d83c344fdbf4a5d3bf6,04d5fc3bd443007507b8d2e2ea870060397833a500615e3e35ce6358bbe17cdf,13
ort_python,4,204,29.4212,1,1,0,c5ef909be6cda03f0f87a7354355468944e7f8840d5d2d83c344fdbf4a5d3bf6,04d5fc3bd443007507b8d2e2ea870060397833a500615e3e35ce6358bbe17cdf,13
ort_python,4,205,28.1625,1,1,0,c5ef909be6cda03f0f87a7354355468944e7f8840d5d2d83c344fdbf4a5d3bf6,04d5fc3bd443007507b8d2e2ea870060397833a500615e3e35ce6358bbe17cdf,13
ort_python,4,206,27.0859,1,1,0,c5ef909be6cda03f0f87a7354355468944e7f8840d5d2d83c344fdbf4a5d3bf6,04d5fc3bd443007507b8d2e2ea870060397833a500615e3e35ce6358bbe17cdf,13
ort_python,4,207,31.2276,1,1,0,c5ef909be6cda03f0f87a7354355468944e7f8840d5d2d83c344fdbf4a5d3bf6,04d5fc3bd443007507b8d2e2ea870060397833a500615e3e35ce6358bbe17cdf,13
ort_python,4,208,28.8997,1,1,0,c5ef909be6cda03f0f87a7354355468944e7f8840d5d2d83c344fdbf4a5d3bf6,04d5fc3bd443007507b8d2e2ea870060397833a500615e3e35ce6358bbe17cdf,13
ort_python,4,209,27.0583,1,1,0,c5ef909be6cda03f0f87a7354355468944e7f8840d5d2d83c344fdbf4a5d3bf6,04d5fc3bd443007507b8d2e2ea870060397833a500615e3e35ce6358bbe17cdf,13
ort_python,4,210,29.0108,1,1,0,c5ef909be6cda03f0f87a7354355468944e7f8840d5d2d83c344fdbf4a5d3bf6,04d5fc3bd443007507b8d2e2ea870060397833a500615e3e35ce6358bbe17cdf,13
ort_python,4,211,27.3759,1,1,0,c5ef909be6cda03f0f87a7354355468944e7f8840d5d2d83c344fdbf4a5d3bf6,04d5fc3bd443007507b8d2e2ea870060397833a500615e3e35ce6358bbe17cdf,13
ort_python,4,212,27.5913,1,1,0,c5ef909be6cda03f0f87a7354355468944e7f8840d5d2d83c344fdbf4a5d3bf6,04d5fc3bd443007507b8d2e2ea870060397833a500615e3e35ce6358bbe17cdf,13
ort_python,4,213,27.3695,1,1,0,c5ef909be6cda03f0f87a7354355468944e7f8840d5d2d83c344fdbf4a5d3bf6,04d5fc3bd443007507b8d2e2ea870060397833a500615e3e35ce6358bbe17cdf,13
ort_python,4,214,30.5627,1,1,0,c5ef909be6cda03f0f87a7354355468944e7f8840d5d2d83c344fdbf4a5d3bf6,04d5fc3bd443007507b8d2e2ea870060397833a500615e3e35ce6358bbe17cdf,13
ort_python,4,215,28.1589,1,1,0,c5ef909be6cda03f0f87a7354355468944e7f8840d5d2d83c344fdbf4a5d3bf6,04d5fc3bd443007507b8d2e2ea870060397833a500615e3e35ce6358bbe17cdf,13
ort_python,4,216,27.6591,1,1,0,c5ef909be6cda03f0f87a7354355468944e7f8840d5d2d83c344fdbf4a5d3bf6,04d5fc3bd443007507b8d2e2ea870060397833a500615e3e35ce6358bbe17cdf,13
ort_python,4,217,28.4364,1,1,0,c5ef909be6cda03f0f87a7354355468944e7f8840d5d2d83c344fdbf4a5d3bf6,04d5fc3bd443007507b8d2e2ea870060397833a500615e3e35ce6358bbe17cdf,13
ort_python,4,218,30.169,1,1,0,c5ef909be6cda03f0f87a7354355468944e7f8840d5d2d83c344fdbf4a5d3bf6,04d5fc3bd443007507b8d2e2ea870060397833a500615e3e35ce6358bbe17cdf,13
ort_python,4,219,26.8152,1,1,0,c5ef909be6cda03f0f87a7354355468944e7f8840d5d2d83c344fdbf4a5d3bf6,04d5fc3bd443007507b8d2e2ea870060397833a500615e3e35ce6358bbe17cdf,13
ort_python,4,220,28.4934,1,1,0,c5ef909be6cda03f0f87a7354355468944e7f8840d5d2d83c344fdbf4a5d3bf6,04d5fc3bd443007507b8d2e2ea870060397833a500615e3e35ce6358bbe17cdf,13
ort_python,4,221,31.2029,1,1,0,c5ef909be6cda03f0f87a7354355468944e7f8840d5d2d83c344fdbf4a5d3bf6,04d5fc3bd443007507b8d2e2ea870060397833a500615e3e35ce6358bbe17cdf,13
ort_python,4,222,26.9285,1,1,0,c5ef909be6cda03f0f87a7354355468944e7f8840d5d2d83c344fdbf4a5d3bf6,04d5fc3bd443007507b8d2e2ea870060397833a500615e3e35ce6358bbe17cdf,13
ort_python,4,223,26.4199,1,1,0,c5ef909be6cda03f0f87a7354355468944e7f8840d5d2d83c344fdbf4a5d3bf6,04d5fc3bd443007507b8d2e2ea870060397833a500615e3e35ce6358bbe17cdf,13
ort_python,4,224,27.3669,1,1,0,c5ef909be6cda03f0f87a7354355468944e7f8840d5d2d83c344fdbf4a5d3bf6,04d5fc3bd443007507b8d2e2ea870060397833a500615e3e35ce6358bbe17cdf,13
ort_python,4,225,30.8006,1,1,0,c5ef909be6cda03f0f87a7354355468944e7f8840d5d2d83c344fdbf4a5d3bf6,04d5fc3bd443007507b8d2e2ea870060397833a500615e3e35ce6358bbe17cdf,13
ort_python,4,226,27.7693,1,1,0,c5ef909be6cda03f0f87a7354355468944e7f8840d5d2d83c344fdbf4a5d3bf6,04d5fc3bd443007507b8d2e2ea870060397833a500615e3e35ce6358bbe17cdf,13
ort_python,4,227,26.8563,1,1,0,c5ef909be6cda03f0f87a7354355468944e7f8840d5d2d83c344fdbf4a5d3bf6,04d5fc3bd443007507b8d2e2ea870060397833a500615e3e35ce6358bbe17cdf,13
ort_python,4,228,27.9574,1,1,0,c5ef909be6cda03f0f87a7354355468944e7f8840d5d2d83c344fdbf4a5d3bf6,04d5fc3bd443007507b8d2e2ea870060397833a500615e3e35ce6358bbe17cdf,13
ort_python,4,229,30.6137,1,1,0,c5ef909be6cda03f0f87a7354355468944e7f8840d5d2d83c344fdbf4a5d3bf6,04d5fc3bd443007507b8d2e2ea870060397833a500615e3e35ce6358bbe17cdf,13
ort_python,4,230,28.6448,1,1,0,c5ef909be6cda03f0f87a7354355468944e7f8840d5d2d83c344fdbf4a5d3bf6,04d5fc3bd443007507b8d2e2ea870060397833a500615e3e35ce6358bbe17cdf,13
ort_python,4,231,28.159,1,1,0,c5ef909be6cda03f0f87a7354355468944e7f8840d5d2d83c344fdbf4a5d3bf6,04d5fc3bd443007507b8d2e2ea870060397833a500615e3e35ce6358bbe17cdf,13
ort_python,4,232,30.2858,1,1,0,c5ef909be6cda03f0f87a7354355468944e7f8840d5d2d83c344fdbf4a5d3bf6,04d5fc3bd443007507b8d2e2ea870060397833a500615e3e35ce6358bbe17cdf,13
ort_python,4,233,28.3459,1,1,0,c5ef909be6cda03f0f87a7354355468944e7f8840d5d2d83c344fdbf4a5d3bf6,04d5fc3bd443007507b8d2e2ea870060397833a500615e3e35ce6358bbe17cdf,13
ort_python,4,234,28.0218,1,1,0,c5ef909be6cda03f0f87a7354355468944e7f8840d5d2d83c344fdbf4a5d3bf6,04d5fc3bd443007507b8d2e2ea870060397833a500615e3e35ce6358bbe17cdf,13
ort_python,4,235,29.013,1,1,0,c5ef909be6cda03f0f87a7354355468944e7f8840d5d2d83c344fdbf4a5d3bf6,04d5fc3bd443007507b8d2e2ea870060397833a500615e3e35ce6358bbe17cdf,13
ort_python,4,236,30.3802,1,1,0,c5ef909be6cda03f0f87a7354355468944e7f8840d5d2d83c344fdbf4a5d3bf6,04d5fc3bd443007507b8d2e2ea870060397833a500615e3e35ce6358bbe17cdf,13
ort_python,4,237,27.9047,1,1,0,c5ef909be6cda03f0f87a7354355468944e7f8840d5d2d83c344fdbf4a5d3bf6,04d5fc3bd443007507b8d2e2ea870060397833a500615e3e35ce6358bbe17cdf,13
ort_python,4,238,27.579,1,1,0,c5ef909be6cda03f0f87a7354355468944e7f8840d5d2d83c344fdbf4a5d3bf6,04d5fc3bd443007507b8d2e2ea870060397833a500615e3e35ce6358bbe17cdf,13
ort_python,4,239,31.6148,1,1,0,c5ef909be6cda03f0f87a7354355468944e7f8840d5d2d83c344fdbf4a5d3bf6,04d5fc3bd443007507b8d2e2ea870060397833a500615e3e35ce6358bbe17cdf,13
ort_python,4,240,26.5447,1,1,0,c5ef909be6cda03f0f87a7354355468944e7f8840d5d2d83c344fdbf4a5d3bf6,04d5fc3bd443007507b8d2e2ea870060397833a500615e3e35ce6358bbe17cdf,13
ort_python,4,241,28.4213,1,1,0,c5ef909be6cda03f0f87a7354355468944e7f8840d5d2d83c344fdbf4a5d3bf6,04d5fc3bd443007507b8d2e2ea870060397833a500615e3e35ce6358bbe17cdf,13
ort_python,4,242,29.5561,1,1,0,c5ef909be6cda03f0f87a7354355468944e7f8840d5d2d83c344fdbf4a5d3bf6,04d5fc3bd443007507b8d2e2ea870060397833a500615e3e35ce6358bbe17cdf,13
ort_python,4,243,28.8501,1,1,0,c5ef909be6cda03f0f87a7354355468944e7f8840d5d2d83c344fdbf4a5d3bf6,04d5fc3bd443007507b8d2e2ea870060397833a500615e3e35ce6358bbe17cdf,13
ort_python,4,244,26.7392,1,1,0,c5ef909be6cda03f0f87a7354355468944e7f8840d5d2d83c344fdbf4a5d3bf6,04d5fc3bd443007507b8d2e2ea870060397833a500615e3e35ce6358bbe17cdf,13
ort_python,4,245,28.3984,1,1,0,c5ef909be6cda03f0f87a7354355468944e7f8840d5d2d83c344fdbf4a5d3bf6,04d5fc3bd443007507b8d2e2ea870060397833a500615e3e35ce6358bbe17cdf,13
ort_python,4,246,31.7212,1,1,0,c5ef909be6cda03f0f87a7354355468944e7f8840d5d2d83c344fdbf4a5d3bf6,04d5fc3bd443007507b8d2e2ea870060397833a500615e3e35ce6358bbe17cdf,13
ort_python,4,247,27.5594,1,1,0,c5ef909be6cda03f0f87a7354355468944e7f8840d5d2d83c344fdbf4a5d3bf6,04d5fc3bd443007507b8d2e2ea870060397833a500615e3e35ce6358bbe17cdf,13
ort_python,4,248,27.1842,1,1,0,c5ef909be6cda03f0f87a7354355468944e7f8840d5d2d83c344fdbf4a5d3bf6,04d5fc3bd443007507b8d2e2ea870060397833a500615e3e35ce6358bbe17cdf,13
ort_python,4,249,28.2657,1,1,0,c5ef909be6cda03f0f87a7354355468944e7f8840d5d2d83c344fdbf4a5d3bf6,04d5fc3bd443007507b8d2e2ea870060397833a500615e3e35ce6358bbe17cdf,13
ort_python,4,250,31.1682,1,1,0,c5ef909be6cda03f0f87a7354355468944e7f8840d5d2d83c344fdbf4a5d3bf6,04d5fc3bd443007507b8d2e2ea870060397833a500615e3e35ce6358bbe17cdf,13
ort_python,4,251,26.9647,1,1,0,c5ef909be6cda03f0f87a7354355468944e7f8840d5d2d83c344fdbf4a5d3bf6,04d5fc3bd443007507b8d2e2ea870060397833a500615e3e35ce6358bbe17cdf,13
ort_python,4,252,28.3182,1,1,0,c5ef909be6cda03f0f87a7354355468944e7f8840d5d2d83c344fdbf4a5d3bf6,04d5fc3bd443007507b8d2e2ea870060397833a500615e3e35ce6358bbe17cdf,13
ort_python,4,253,30.015,1,1,0,c5ef909be6cda03f0f87a7354355468944e7f8840d5d2d83c344fdbf4a5d3bf6,04d5fc3bd443007507b8d2e2ea870060397833a500615e3e35ce6358bbe17cdf,13
ort_python,4,254,27.6719,1,1,0,c5ef909be6cda03f0f87a7354355468944e7f8840d5d2d83c344fdbf4a5d3bf6,04d5fc3bd443007507b8d2e2ea870060397833a500615e3e35ce6358bbe17cdf,13
ort_python,4,255,27.97,1,1,0,c5ef909be6cda03f0f87a7354355468944e7f8840d5d2d83c344fdbf4a5d3bf6,04d5fc3bd443007507b8d2e2ea870060397833a500615e3e35ce6358bbe17cdf,13
ort_python,4,256,28.6729,1,1,0,c5ef909be6cda03f0f87a7354355468944e7f8840d5d2d83c344fdbf4a5d3bf6,04d5fc3bd443007507b8d2e2ea870060397833a500615e3e35ce6358bbe17cdf,13
ort_python,4,257,29.6205,1,1,0,c5ef909be6cda03f0f87a7354355468944e7f8840d5d2d83c344fdbf4a5d3bf6,04d5fc3bd443007507b8d2e2ea870060397833a500615e3e35ce6358bbe17cdf,13
ort_python,4,258,29.2169,1,1,0,c5ef909be6cda03f0f87a7354355468944e7f8840d5d2d83c344fdbf4a5d3bf6,04d5fc3bd443007507b8d2e2ea870060397833a500615e3e35ce6358bbe17cdf,13
ort_python,4,259,28.4979,1,1,0,c5ef909be6cda03f0f87a7354355468944e7f8840d5d2d83c344fdbf4a5d3bf6,04d5fc3bd443007507b8d2e2ea870060397833a500615e3e35ce6358bbe17cdf,13
ort_python,4,260,29.7551,1,1,0,c5ef909be6cda03f0f87a7354355468944e7f8840d5d2d83c344fdbf4a5d3bf6,04d5fc3bd443007507b8d2e2ea870060397833a500615e3e35ce6358bbe17cdf,13
ort_python,4,261,27.8622,1,1,0,c5ef909be6cda03f0f87a7354355468944e7f8840d5d2d83c344fdbf4a5d3bf6,04d5fc3bd443007507b8d2e2ea870060397833a500615e3e35ce6358bbe17cdf,13
ort_python,4,262,28.0223,1,1,0,c5ef909be6cda03f0f87a7354355468944e7f8840d5d2d83c344fdbf4a5d3bf6,04d5fc3bd443007507b8d2e2ea870060397833a500615e3e35ce6358bbe17cdf,13
ort_python,4,263,28.0628,1,1,0,c5ef909be6cda03f0f87a7354355468944e7f8840d5d2d83c344fdbf4a5d3bf6,04d5fc3bd443007507b8d2e2ea870060397833a500615e3e35ce6358bbe17cdf,13
ort_python,4,264,29.5013,1,1,0,c5ef909be6cda03f0f87a7354355468944e7f8840d5d2d83c344fdbf4a5d3bf6,04d5fc3bd443007507b8d2e2ea870060397833a500615e3e35ce6358bbe17cdf,13
ort_python,4,265,27.4432,1,1,0,c5ef909be6cda03f0f87a7354355468944e7f8840d5d2d83c344fdbf4a5d3bf6,04d5fc3bd443007507b8d2e2ea870060397833a500615e3e35ce6358bbe17cdf,13
ort_python,4,266,27.9331,1,1,0,c5ef909be6cda03f0f87a7354355468944e7f8840d5d2d83c344fdbf4a5d3bf6,04d5fc3bd443007507b8d2e2ea870060397833a500615e3e35ce6358bbe17cdf,13
ort_python,4,267,29.6611,1,1,0,c5ef909be6cda03f0f87a7354355468944e7f8840d5d2d83c344fdbf4a5d3bf6,04d5fc3bd443007507b8d2e2ea870060397833a500615e3e35ce6358bbe17cdf,13
ort_python,4,268,30.3947,1,1,0,c5ef909be6cda03f0f87a7354355468944e7f8840d5d2d83c344fdbf4a5d3bf6,04d5fc3bd443007507b8d2e2ea870060397833a500615e3e35ce6358bbe17cdf,13
ort_python,4,269,27.0595,1,1,0,c5ef909be6cda03f0f87a7354355468944e7f8840d5d2d83c344fdbf4a5d3bf6,04d5fc3bd443007507b8d2e2ea870060397833a500615e3e35ce6358bbe17cdf,13
ort_python,4,270,29.1123,1,1,0,c5ef909be6cda03f0f87a7354355468944e7f8840d5d2d83c344fdbf4a5d3bf6,04d5fc3bd443007507b8d2e2ea870060397833a500615e3e35ce6358bbe17cdf,13
ort_python,4,271,31.6145,1,1,0,c5ef909be6cda03f0f87a7354355468944e7f8840d5d2d83c344fdbf4a5d3bf6,04d5fc3bd443007507b8d2e2ea870060397833a500615e3e35ce6358bbe17cdf,13
ort_python,4,272,27.3195,1,1,0,c5ef909be6cda03f0f87a7354355468944e7f8840d5d2d83c344fdbf4a5d3bf6,04d5fc3bd443007507b8d2e2ea870060397833a500615e3e35ce6358bbe17cdf,13
ort_python,4,273,27.7619,1,1,0,c5ef909be6cda03f0f87a7354355468944e7f8840d5d2d83c344fdbf4a5d3bf6,04d5fc3bd443007507b8d2e2ea870060397833a500615e3e35ce6358bbe17cdf,13
ort_python,4,274,27.6128,1,1,0,c5ef909be6cda03f0f87a7354355468944e7f8840d5d2d83c344fdbf4a5d3bf6,04d5fc3bd443007507b8d2e2ea870060397833a500615e3e35ce6358bbe17cdf,13
ort_python,4,275,30.6735,1,1,0,c5ef909be6cda03f0f87a7354355468944e7f8840d5d2d83c344fdbf4a5d3bf6,04d5fc3bd443007507b8d2e2ea870060397833a500615e3e35ce6358bbe17cdf,13
ort_python,4,276,27.9014,1,1,0,c5ef909be6cda03f0f87a7354355468944e7f8840d5d2d83c344fdbf4a5d3bf6,04d5fc3bd443007507b8d2e2ea870060397833a500615e3e35ce6358bbe17cdf,13
ort_python,4,277,28.8527,1,1,0,c5ef909be6cda03f0f87a7354355468944e7f8840d5d2d83c344fdbf4a5d3bf6,04d5fc3bd443007507b8d2e2ea870060397833a500615e3e35ce6358bbe17cdf,13
ort_python,4,278,30.2812,1,1,0,c5ef909be6cda03f0f87a7354355468944e7f8840d5d2d83c344fdbf4a5d3bf6,04d5fc3bd443007507b8d2e2ea870060397833a500615e3e35ce6358bbe17cdf,13
ort_python,4,279,27.8568,1,1,0,c5ef909be6cda03f0f87a7354355468944e7f8840d5d2d83c344fdbf4a5d3bf6,04d5fc3bd443007507b8d2e2ea870060397833a500615e3e35ce6358bbe17cdf,13
ort_python,4,280,28.9296,1,1,0,c5ef909be6cda03f0f87a7354355468944e7f8840d5d2d83c344fdbf4a5d3bf6,04d5fc3bd443007507b8d2e2ea870060397833a500615e3e35ce6358bbe17cdf,13
ort_python,4,281,29.0041,1,1,0,c5ef909be6cda03f0f87a7354355468944e7f8840d5d2d83c344fdbf4a5d3bf6,04d5fc3bd443007507b8d2e2ea870060397833a500615e3e35ce6358bbe17cdf,13
ort_python,4,282,29.8734,1,1,0,c5ef909be6cda03f0f87a7354355468944e7f8840d5d2d83c344fdbf4a5d3bf6,04d5fc3bd443007507b8d2e2ea870060397833a500615e3e35ce6358bbe17cdf,13
ort_python,4,283,30.5971,1,1,0,c5ef909be6cda03f0f87a7354355468944e7f8840d5d2d83c344fdbf4a5d3bf6,04d5fc3bd443007507b8d2e2ea870060397833a500615e3e35ce6358bbe17cdf,13
ort_python,4,284,28.2278,1,1,0,c5ef909be6cda03f0f87a7354355468944e7f8840d5d2d83c344fdbf4a5d3bf6,04d5fc3bd443007507b8d2e2ea870060397833a500615e3e35ce6358bbe17cdf,13
ort_python,4,285,30.1574,1,1,0,c5ef909be6cda03f0f87a7354355468944e7f8840d5d2d83c344fdbf4a5d3bf6,04d5fc3bd443007507b8d2e2ea870060397833a500615e3e35ce6358bbe17cdf,13
ort_python,4,286,27.9444,1,1,0,c5ef909be6cda03f0f87a7354355468944e7f8840d5d2d83c344fdbf4a5d3bf6,04d5fc3bd443007507b8d2e2ea870060397833a500615e3e35ce6358bbe17cdf,13
ort_python,4,287,28.8245,1,1,0,c5ef909be6cda03f0f87a7354355468944e7f8840d5d2d83c344fdbf4a5d3bf6,04d5fc3bd443007507b8d2e2ea870060397833a500615e3e35ce6358bbe17cdf,13
ort_python,4,288,28.2887,1,1,0,c5ef909be6cda03f0f87a7354355468944e7f8840d5d2d83c344fdbf4a5d3bf6,04d5fc3bd443007507b8d2e2ea870060397833a500615e3e35ce6358bbe17cdf,13
ort_python,4,289,29.8381,1,1,0,c5ef909be6cda03f0f87a7354355468944e7f8840d5d2d83c344fdbf4a5d3bf6,04d5fc3bd443007507b8d2e2ea870060397833a500615e3e35ce6358bbe17cdf,13
ort_python,4,290,27.4162,1,1,0,c5ef909be6cda03f0f87a7354355468944e7f8840d5d2d83c344fdbf4a5d3bf6,04d5fc3bd443007507b8d2e2ea870060397833a500615e3e35ce6358bbe17cdf,13
ort_python,4,291,28.7966,1,1,0,c5ef909be6cda03f0f87a7354355468944e7f8840d5d2d83c344fdbf4a5d3bf6,04d5fc3bd443007507b8d2e2ea870060397833a500615e3e35ce6358bbe17cdf,13
ort_python,4,292,31.2406,1,1,0,c5ef909be6cda03f0f87a7354355468944e7f8840d5d2d83c344fdbf4a5d3bf6,04d5fc3bd443007507b8d2e2ea870060397833a500615e3e35ce6358bbe17cdf,13
ort_python,4,293,28.71,1,1,0,c5ef909be6cda03f0f87a7354355468944e7f8840d5d2d83c344fdbf4a5d3bf6,04d5fc3bd443007507b8d2e2ea870060397833a500615e3e35ce6358bbe17cdf,13
ort_python,4,294,27.3682,1,1,0,c5ef909be6cda03f0f87a7354355468944e7f8840d5d2d83c344fdbf4a5d3bf6,04d5fc3bd443007507b8d2e2ea870060397833a500615e3e35ce6358bbe17cdf,13
ort_python,4,295,29.4061,1,1,0,c5ef909be6cda03f0f87a7354355468944e7f8840d5d2d83c344fdbf4a5d3bf6,04d5fc3bd443007507b8d2e2ea870060397833a500615e3e35ce6358bbe17cdf,13
ort_python,4,296,32.7181,1,1,0,c5ef909be6cda03f0f87a7354355468944e7f8840d5d2d83c344fdbf4a5d3bf6,04d5fc3bd443007507b8d2e2ea870060397833a500615e3e35ce6358bbe17cdf,13
ort_python,4,297,27.4502,1,1,0,c5ef909be6cda03f0f87a7354355468944e7f8840d5d2d83c344fdbf4a5d3bf6,04d5fc3bd443007507b8d2e2ea870060397833a500615e3e35ce6358bbe17cdf,13
ort_python,4,298,27.6974,1,1,0,c5ef909be6cda03f0f87a7354355468944e7f8840d5d2d83c344fdbf4a5d3bf6,04d5fc3bd443007507b8d2e2ea870060397833a500615e3e35ce6358bbe17cdf,13
ort_python,4,299,31.2116,1,1,0,c5ef909be6cda03f0f87a7354355468944e7f8840d5d2d83c344fdbf4a5d3bf6,04d5fc3bd443007507b8d2e2ea870060397833a500615e3e35ce6358bbe17cdf,13
ort_python,2,0,28.9598,1,1,0,c5ef909be6cda03f0f87a7354355468944e7f8840d5d2d83c344fdbf4a5d3bf6,04d5fc3bd443007507b8d2e2ea870060397833a500615e3e35ce6358bbe17cdf,14
ort_python,2,1,29.0075,1,1,0,c5ef909be6cda03f0f87a7354355468944e7f8840d5d2d83c344fdbf4a5d3bf6,04d5fc3bd443007507b8d2e2ea870060397833a500615e3e35ce6358bbe17cdf,14
ort_python,2,2,32.5149,1,1,0,c5ef909be6cda03f0f87a7354355468944e7f8840d5d2d83c344fdbf4a5d3bf6,04d5fc3bd443007507b8d2e2ea870060397833a500615e3e35ce6358bbe17cdf,14
ort_python,2,3,28.2456,1,1,0,c5ef909be6cda03f0f87a7354355468944e7f8840d5d2d83c344fdbf4a5d3bf6,04d5fc3bd443007507b8d2e2ea870060397833a500615e3e35ce6358bbe17cdf,14
ort_python,2,4,28.0279,1,1,0,c5ef909be6cda03f0f87a7354355468944e7f8840d5d2d83c344fdbf4a5d3bf6,04d5fc3bd443007507b8d2e2ea870060397833a500615e3e35ce6358bbe17cdf,14
ort_python,2,5,30.124,1,1,0,c5ef909be6cda03f0f87a7354355468944e7f8840d5d2d83c344fdbf4a5d3bf6,04d5fc3bd443007507b8d2e2ea870060397833a500615e3e35ce6358bbe17cdf,14
ort_python,2,6,29.8215,1,1,0,c5ef909be6cda03f0f87a7354355468944e7f8840d5d2d83c344fdbf4a5d3bf6,04d5fc3bd443007507b8d2e2ea870060397833a500615e3e35ce6358bbe17cdf,14
ort_python,2,7,29.6564,1,1,0,c5ef909be6cda03f0f87a7354355468944e7f8840d5d2d83c344fdbf4a5d3bf6,04d5fc3bd443007507b8d2e2ea870060397833a500615e3e35ce6358bbe17cdf,14
ort_python,2,8,27.9724,1,1,0,c5ef909be6cda03f0f87a7354355468944e7f8840d5d2d83c344fdbf4a5d3bf6,04d5fc3bd443007507b8d2e2ea870060397833a500615e3e35ce6358bbe17cdf,14
ort_python,2,9,30.8275,1,1,0,c5ef909be6cda03f0f87a7354355468944e7f8840d5d2d83c344fdbf4a5d3bf6,04d5fc3bd443007507b8d2e2ea870060397833a500615e3e35ce6358bbe17cdf,14
ort_python,2,10,28.94,1,1,0,c5ef909be6cda03f0f87a7354355468944e7f8840d5d2d83c344fdbf4a5d3bf6,04d5fc3bd443007507b8d2e2ea870060397833a500615e3e35ce6358bbe17cdf,14
ort_python,2,11,27.9128,1,1,0,c5ef909be6cda03f0f87a7354355468944e7f8840d5d2d83c344fdbf4a5d3bf6,04d5fc3bd443007507b8d2e2ea870060397833a500615e3e35ce6358bbe17cdf,14
ort_python,2,12,30.4057,1,1,0,c5ef909be6cda03f0f87a7354355468944e7f8840d5d2d83c344fdbf4a5d3bf6,04d5fc3bd443007507b8d2e2ea870060397833a500615e3e35ce6358bbe17cdf,14
ort_python,2,13,28.1104,1,1,0,c5ef909be6cda03f0f87a7354355468944e7f8840d5d2d83c344fdbf4a5d3bf6,04d5fc3bd443007507b8d2e2ea870060397833a500615e3e35ce6358bbe17cdf,14
ort_python,2,14,29.6444,1,1,0,c5ef909be6cda03f0f87a7354355468944e7f8840d5d2d83c344fdbf4a5d3bf6,04d5fc3bd443007507b8d2e2ea870060397833a500615e3e35ce6358bbe17cdf,14
ort_python,2,15,31.5538,1,1,0,c5ef909be6cda03f0f87a7354355468944e7f8840d5d2d83c344fdbf4a5d3bf6,04d5fc3bd443007507b8d2e2ea870060397833a500615e3e35ce6358bbe17cdf,14
ort_python,2,16,29.91,1,1,0,c5ef909be6cda03f0f87a7354355468944e7f8840d5d2d83c344fdbf4a5d3bf6,04d5fc3bd443007507b8d2e2ea870060397833a500615e3e35ce6358bbe17cdf,14
ort_python,2,17,27.9761,1,1,0,c5ef909be6cda03f0f87a7354355468944e7f8840d5d2d83c344fdbf4a5d3bf6,04d5fc3bd443007507b8d2e2ea870060397833a500615e3e35ce6358bbe17cdf,14
ort_python,2,18,27.9837,1,1,0,c5ef909be6cda03f0f87a7354355468944e7f8840d5d2d83c344fdbf4a5d3bf6,04d5fc3bd443007507b8d2e2ea870060397833a500615e3e35ce6358bbe17cdf,14
ort_python,2,19,31.6194,1,1,0,c5ef909be6cda03f0f87a7354355468944e7f8840d5d2d83c344fdbf4a5d3bf6,04d5fc3bd443007507b8d2e2ea870060397833a500615e3e35ce6358bbe17cdf,14
ort_python,2,20,27.4786,1,1,0,c5ef909be6cda03f0f87a7354355468944e7f8840d5d2d83c344fdbf4a5d3bf6,04d5fc3bd443007507b8d2e2ea870060397833a500615e3e35ce6358bbe17cdf,14
ort_python,2,21,27.6076,1,1,0,c5ef909be6cda03f0f87a7354355468944e7f8840d5d2d83c344fdbf4a5d3bf6,04d5fc3bd443007507b8d2e2ea870060397833a500615e3e35ce6358bbe17cdf,14
ort_python,2,22,28.7435,1,1,0,c5ef909be6cda03f0f87a7354355468944e7f8840d5d2d83c344fdbf4a5d3bf6,04d5fc3bd443007507b8d2e2ea870060397833a500615e3e35ce6358bbe17cdf,14
ort_python,2,23,31.1697,1,1,0,c5ef909be6cda03f0f87a7354355468944e7f8840d5d2d83c344fdbf4a5d3bf6,04d5fc3bd443007507b8d2e2ea870060397833a500615e3e35ce6358bbe17cdf,14
ort_python,2,24,27.8763,1,1,0,c5ef909be6cda03f0f87a7354355468944e7f8840d5d2d83c344fdbf4a5d3bf6,04d5fc3bd443007507b8d2e2ea870060397833a500615e3e35ce6358bbe17cdf,14
ort_python,2,25,28.3956,1,1,0,c5ef909be6cda03f0f87a7354355468944e7f8840d5d2d83c344fdbf4a5d3bf6,04d5fc3bd443007507b8d2e2ea870060397833a500615e3e35ce6358bbe17cdf,14
ort_python,2,26,32.8745,1,1,0,c5ef909be6cda03f0f87a7354355468944e7f8840d5d2d83c344fdbf4a5d3bf6,04d5fc3bd443007507b8d2e2ea870060397833a500615e3e35ce6358bbe17cdf,14
ort_python,2,27,27.3407,1,1,0,c5ef909be6cda03f0f87a7354355468944e7f8840d5d2d83c344fdbf4a5d3bf6,04d5fc3bd443007507b8d2e2ea870060397833a500615e3e35ce6358bbe17cdf,14
ort_python,2,28,29.0322,1,1,0,c5ef909be6cda03f0f87a7354355468944e7f8840d5d2d83c344fdbf4a5d3bf6,04d5fc3bd443007507b8d2e2ea870060397833a500615e3e35ce6358bbe17cdf,14
ort_python,2,29,28.369,1,1,0,c5ef909be6cda03f0f87a7354355468944e7f8840d5d2d83c344fdbf4a5d3bf6,04d5fc3bd443007507b8d2e2ea870060397833a500615e3e35ce6358bbe17cdf,14
ort_python,2,30,32.48,1,1,0,c5ef909be6cda03f0f87a7354355468944e7f8840d5d2d83c344fdbf4a5d3bf6,04d5fc3bd443007507b8d2e2ea870060397833a500615e3e35ce6358bbe17cdf,14
ort_python,2,31,27.4965,1,1,0,c5ef909be6cda03f0f87a7354355468944e7f8840d5d2d83c344fdbf4a5d3bf6,04d5fc3bd443007507b8d2e2ea870060397833a500615e3e35ce6358bbe17cdf,14
ort_python,2,32,29.9074,1,1,0,c5ef909be6cda03f0f87a7354355468944e7f8840d5d2d83c344fdbf4a5d3bf6,04d5fc3bd443007507b8d2e2ea870060397833a500615e3e35ce6358bbe17cdf,14
ort_python,2,33,38.0478,1,1,0,c5ef909be6cda03f0f87a7354355468944e7f8840d5d2d83c344fdbf4a5d3bf6,04d5fc3bd443007507b8d2e2ea870060397833a500615e3e35ce6358bbe17cdf,14
ort_python,2,34,29.4257,1,1,0,c5ef909be6cda03f0f87a7354355468944e7f8840d5d2d83c344fdbf4a5d3bf6,04d5fc3bd443007507b8d2e2ea870060397833a500615e3e35ce6358bbe17cdf,14
ort_python,2,35,29.1344,1,1,0,c5ef909be6cda03f0f87a7354355468944e7f8840d5d2d83c344fdbf4a5d3bf6,04d5fc3bd443007507b8d2e2ea870060397833a500615e3e35ce6358bbe17cdf,14
ort_python,2,36,27.8745,1,1,0,c5ef909be6cda03f0f87a7354355468944e7f8840d5d2d83c344fdbf4a5d3bf6,04d5fc3bd443007507b8d2e2ea870060397833a500615e3e35ce6358bbe17cdf,14
ort_python,2,37,31.8412,1,1,0,c5ef909be6cda03f0f87a7354355468944e7f8840d5d2d83c344fdbf4a5d3bf6,04d5fc3bd443007507b8d2e2ea870060397833a500615e3e35ce6358bbe17cdf,14
ort_python,2,38,28.9811,1,1,0,c5ef909be6cda03f0f87a7354355468944e7f8840d5d2d83c344fdbf4a5d3bf6,04d5fc3bd443007507b8d2e2ea870060397833a500615e3e35ce6358bbe17cdf,14
ort_python,2,39,30.366,1,1,0,c5ef909be6cda03f0f87a7354355468944e7f8840d5d2d83c344fdbf4a5d3bf6,04d5fc3bd443007507b8d2e2ea870060397833a500615e3e35ce6358bbe17cdf,14
ort_python,2,40,31.2659,1,1,0,c5ef909be6cda03f0f87a7354355468944e7f8840d5d2d83c344fdbf4a5d3bf6,04d5fc3bd443007507b8d2e2ea870060397833a500615e3e35ce6358bbe17cdf,14
ort_python,2,41,28.284,1,1,0,c5ef909be6cda03f0f87a7354355468944e7f8840d5d2d83c344fdbf4a5d3bf6,04d5fc3bd443007507b8d2e2ea870060397833a500615e3e35ce6358bbe17cdf,14
ort_python,2,42,28.0742,1,1,0,c5ef909be6cda03f0f87a7354355468944e7f8840d5d2d83c344fdbf4a5d3bf6,04d5fc3bd443007507b8d2e2ea870060397833a500615e3e35ce6358bbe17cdf,14
ort_python,2,43,30.3477,1,1,0,c5ef909be6cda03f0f87a7354355468944e7f8840d5d2d83c344fdbf4a5d3bf6,04d5fc3bd443007507b8d2e2ea870060397833a500615e3e35ce6358bbe17cdf,14
ort_python,2,44,28.8882,1,1,0,c5ef909be6cda03f0f87a7354355468944e7f8840d5d2d83c344fdbf4a5d3bf6,04d5fc3bd443007507b8d2e2ea870060397833a500615e3e35ce6358bbe17cdf,14
ort_python,2,45,27.8758,1,1,0,c5ef909be6cda03f0f87a7354355468944e7f8840d5d2d83c344fdbf4a5d3bf6,04d5fc3bd443007507b8d2e2ea870060397833a500615e3e35ce6358bbe17cdf,14
ort_python,2,46,30.3664,1,1,0,c5ef909be6cda03f0f87a7354355468944e7f8840d5d2d83c344fdbf4a5d3bf6,04d5fc3bd443007507b8d2e2ea870060397833a500615e3e35ce6358bbe17cdf,14
ort_python,2,47,30.6884,1,1,0,c5ef909be6cda03f0f87a7354355468944e7f8840d5d2d83c344fdbf4a5d3bf6,04d5fc3bd443007507b8d2e2ea870060397833a500615e3e35ce6358bbe17cdf,14
ort_python,2,48,27.7878,1,1,0,c5ef909be6cda03f0f87a7354355468944e7f8840d5d2d83c344fdbf4a5d3bf6,04d5fc3bd443007507b8d2e2ea870060397833a500615e3e35ce6358bbe17cdf,14
ort_python,2,49,28.8017,1,1,0,c5ef909be6cda03f0f87a7354355468944e7f8840d5d2d83c344fdbf4a5d3bf6,04d5fc3bd443007507b8d2e2ea870060397833a500615e3e35ce6358bbe17cdf,14
ort_python,2,50,31.8433,1,1,0,c5ef909be6cda03f0f87a7354355468944e7f8840d5d2d83c344fdbf4a5d3bf6,04d5fc3bd443007507b8d2e2ea870060397833a500615e3e35ce6358bbe17cdf,14
ort_python,2,51,29.9249,1,1,0,c5ef909be6cda03f0f87a7354355468944e7f8840d5d2d83c344fdbf4a5d3bf6,04d5fc3bd443007507b8d2e2ea870060397833a500615e3e35ce6358bbe17cdf,14
ort_python,2,52,27.6945,1,1,0,c5ef909be6cda03f0f87a7354355468944e7f8840d5d2d83c344fdbf4a5d3bf6,04d5fc3bd443007507b8d2e2ea870060397833a500615e3e35ce6358bbe17cdf,14
ort_python,2,53,27.0137,1,1,0,c5ef909be6cda03f0f87a7354355468944e7f8840d5d2d83c344fdbf4a5d3bf6,04d5fc3bd443007507b8d2e2ea870060397833a500615e3e35ce6358bbe17cdf,14
ort_python,2,54,30.8701,1,1,0,c5ef909be6cda03f0f87a7354355468944e7f8840d5d2d83c344fdbf4a5d3bf6,04d5fc3bd443007507b8d2e2ea870060397833a500615e3e35ce6358bbe17cdf,14
ort_python,2,55,29.4109,1,1,0,c5ef909be6cda03f0f87a7354355468944e7f8840d5d2d83c344fdbf4a5d3bf6,04d5fc3bd443007507b8d2e2ea870060397833a500615e3e35ce6358bbe17cdf,14
ort_python,2,56,29.2615,1,1,0,c5ef909be6cda03f0f87a7354355468944e7f8840d5d2d83c344fdbf4a5d3bf6,04d5fc3bd443007507b8d2e2ea870060397833a500615e3e35ce6358bbe17cdf,14
ort_python,2,57,30.0496,1,1,0,c5ef909be6cda03f0f87a7354355468944e7f8840d5d2d83c344fdbf4a5d3bf6,04d5fc3bd443007507b8d2e2ea870060397833a500615e3e35ce6358bbe17cdf,14
ort_python,2,58,28.7461,1,1,0,c5ef909be6cda03f0f87a7354355468944e7f8840d5d2d83c344fdbf4a5d3bf6,04d5fc3bd443007507b8d2e2ea870060397833a500615e3e35ce6358bbe17cdf,14
ort_python,2,59,27.7628,1,1,0,c5ef909be6cda03f0f87a7354355468944e7f8840d5d2d83c344fdbf4a5d3bf6,04d5fc3bd443007507b8d2e2ea870060397833a500615e3e35ce6358bbe17cdf,14
ort_python,2,60,27.2348,1,1,0,c5ef909be6cda03f0f87a7354355468944e7f8840d5d2d83c344fdbf4a5d3bf6,04d5fc3bd443007507b8d2e2ea870060397833a500615e3e35ce6358bbe17cdf,14
ort_python,2,61,29.6364,1,1,0,c5ef909be6cda03f0f87a7354355468944e7f8840d5d2d83c344fdbf4a5d3bf6,04d5fc3bd443007507b8d2e2ea870060397833a500615e3e35ce6358bbe17cdf,14
ort_python,2,62,27.358,1,1,0,c5ef909be6cda03f0f87a7354355468944e7f8840d5d2d83c344fdbf4a5d3bf6,04d5fc3bd443007507b8d2e2ea870060397833a500615e3e35ce6358bbe17cdf,14
ort_python,2,63,27.2033,1,1,0,c5ef909be6cda03f0f87a7354355468944e7f8840d5d2d83c344fdbf4a5d3bf6,04d5fc3bd443007507b8d2e2ea870060397833a500615e3e35ce6358bbe17cdf,14
ort_python,2,64,27.7814,1,1,0,c5ef909be6cda03f0f87a7354355468944e7f8840d5d2d83c344fdbf4a5d3bf6,04d5fc3bd443007507b8d2e2ea870060397833a500615e3e35ce6358bbe17cdf,14
ort_python,2,65,29.6372,1,1,0,c5ef909be6cda03f0f87a7354355468944e7f8840d5d2d83c344fdbf4a5d3bf6,04d5fc3bd443007507b8d2e2ea870060397833a500615e3e35ce6358bbe17cdf,14
ort_python,2,66,28.0123,1,1,0,c5ef909be6cda03f0f87a7354355468944e7f8840d5d2d83c344fdbf4a5d3bf6,04d5fc3bd443007507b8d2e2ea870060397833a500615e3e35ce6358bbe17cdf,14
ort_python,2,67,26.8748,1,1,0,c5ef909be6cda03f0f87a7354355468944e7f8840d5d2d83c344fdbf4a5d3bf6,04d5fc3bd443007507b8d2e2ea870060397833a500615e3e35ce6358bbe17cdf,14
ort_python,2,68,29.2827,1,1,0,c5ef909be6cda03f0f87a7354355468944e7f8840d5d2d83c344fdbf4a5d3bf6,04d5fc3bd443007507b8d2e2ea870060397833a500615e3e35ce6358bbe17cdf,14
ort_python,2,69,27.7091,1,1,0,c5ef909be6cda03f0f87a7354355468944e7f8840d5d2d83c344fdbf4a5d3bf6,04d5fc3bd443007507b8d2e2ea870060397833a500615e3e35ce6358bbe17cdf,14
ort_python,2,70,27.2383,1,1,0,c5ef909be6cda03f0f87a7354355468944e7f8840d5d2d83c344fdbf4a5d3bf6,04d5fc3bd443007507b8d2e2ea870060397833a500615e3e35ce6358bbe17cdf,14
ort_python,2,71,27.4648,1,1,0,c5ef909be6cda03f0f87a7354355468944e7f8840d5d2d83c344fdbf4a5d3bf6,04d5fc3bd443007507b8d2e2ea870060397833a500615e3e35ce6358bbe17cdf,14
ort_python,2,72,30.5996,1,1,0,c5ef909be6cda03f0f87a7354355468944e7f8840d5d2d83c344fdbf4a5d3bf6,04d5fc3bd443007507b8d2e2ea870060397833a500615e3e35ce6358bbe17cdf,14
ort_python,2,73,26.7904,1,1,0,c5ef909be6cda03f0f87a7354355468944e7f8840d5d2d83c344fdbf4a5d3bf6,04d5fc3bd443007507b8d2e2ea870060397833a500615e3e35ce6358bbe17cdf,14
ort_python,2,74,27.8104,1,1,0,c5ef909be6cda03f0f87a7354355468944e7f8840d5d2d83c344fdbf4a5d3bf6,04d5fc3bd443007507b8d2e2ea870060397833a500615e3e35ce6358bbe17cdf,14
ort_python,2,75,32.4182,1,1,0,c5ef909be6cda03f0f87a7354355468944e7f8840d5d2d83c344fdbf4a5d3bf6,04d5fc3bd443007507b8d2e2ea870060397833a500615e3e35ce6358bbe17cdf,14
ort_python,2,76,29.7241,1,1,0,c5ef909be6cda03f0f87a7354355468944e7f8840d5d2d83c344fdbf4a5d3bf6,04d5fc3bd443007507b8d2e2ea870060397833a500615e3e35ce6358bbe17cdf,14
ort_python,2,77,27.6321,1,1,0,c5ef909be6cda03f0f87a7354355468944e7f8840d5d2d83c344fdbf4a5d3bf6,04d5fc3bd443007507b8d2e2ea870060397833a500615e3e35ce6358bbe17cdf,14
ort_python,2,78,30.706,1,1,0,c5ef909be6cda03f0f87a7354355468944e7f8840d5d2d83c344fdbf4a5d3bf6,04d5fc3bd443007507b8d2e2ea870060397833a500615e3e35ce6358bbe17cdf,14
ort_python,2,79,30.5157,1,1,0,c5ef909be6cda03f0f87a7354355468944e7f8840d5d2d83c344fdbf4a5d3bf6,04d5fc3bd443007507b8d2e2ea870060397833a500615e3e35ce6358bbe17cdf,14
ort_python,2,80,30.1343,1,1,0,c5ef909be6cda03f0f87a7354355468944e7f8840d5d2d83c344fdbf4a5d3bf6,04d5fc3bd443007507b8d2e2ea870060397833a500615e3e35ce6358bbe17cdf,14
ort_python,2,81,29.1965,1,1,0,c5ef909be6cda03f0f87a7354355468944e7f8840d5d2d83c344fdbf4a5d3bf6,04d5fc3bd443007507b8d2e2ea870060397833a500615e3e35ce6358bbe17cdf,14
ort_python,2,82,28.5968,1,1,0,c5ef909be6cda03f0f87a7354355468944e7f8840d5d2d83c344fdbf4a5d3bf6,04d5fc3bd443007507b8d2e2ea870060397833a500615e3e35ce6358bbe17cdf,14
ort_python,2,83,27.912,1,1,0,c5ef909be6cda03f0f87a7354355468944e7f8840d5d2d83c344fdbf4a5d3bf6,04d5fc3bd443007507b8d2e2ea870060397833a500615e3e35ce6358bbe17cdf,14
ort_python,2,84,28.6003,1,1,0,c5ef909be6cda03f0f87a7354355468944e7f8840d5d2d83c344fdbf4a5d3bf6,04d5fc3bd443007507b8d2e2ea870060397833a500615e3e35ce6358bbe17cdf,14
ort_python,2,85,29.6055,1,1,0,c5ef909be6cda03f0f87a7354355468944e7f8840d5d2d83c344fdbf4a5d3bf6,04d5fc3bd443007507b8d2e2ea870060397833a500615e3e35ce6358bbe17cdf,14
ort_python,2,86,29.313,1,1,0,c5ef909be6cda03f0f87a7354355468944e7f8840d5d2d83c344fdbf4a5d3bf6,04d5fc3bd443007507b8d2e2ea870060397833a500615e3e35ce6358bbe17cdf,14
ort_python,2,87,29.56,1,1,0,c5ef909be6cda03f0f87a7354355468944e7f8840d5d2d83c344fdbf4a5d3bf6,04d5fc3bd443007507b8d2e2ea870060397833a500615e3e35ce6358bbe17cdf,14
ort_python,2,88,32.8608,1,1,0,c5ef909be6cda03f0f87a7354355468944e7f8840d5d2d83c344fdbf4a5d3bf6,04d5fc3bd443007507b8d2e2ea870060397833a500615e3e35ce6358bbe17cdf,14
ort_python,2,89,30.9528,1,1,0,c5ef909be6cda03f0f87a7354355468944e7f8840d5d2d83c344fdbf4a5d3bf6,04d5fc3bd443007507b8d2e2ea870060397833a500615e3e35ce6358bbe17cdf,14
ort_python,2,90,26.8858,1,1,0,c5ef909be6cda03f0f87a7354355468944e7f8840d5d2d83c344fdbf4a5d3bf6,04d5fc3bd443007507b8d2e2ea870060397833a500615e3e35ce6358bbe17cdf,14
ort_python,2,91,28.5082,1,1,0,c5ef909be6cda03f0f87a7354355468944e7f8840d5d2d83c344fdbf4a5d3bf6,04d5fc3bd443007507b8d2e2ea870060397833a500615e3e35ce6358bbe17cdf,14
ort_python,2,92,28.1889,1,1,0,c5ef909be6cda03f0f87a7354355468944e7f8840d5d2d83c344fdbf4a5d3bf6,04d5fc3bd443007507b8d2e2ea870060397833a500615e3e35ce6358bbe17cdf,14
ort_python,2,93,30.7586,1,1,0,c5ef909be6cda03f0f87a7354355468944e7f8840d5d2d83c344fdbf4a5d3bf6,04d5fc3bd443007507b8d2e2ea870060397833a500615e3e35ce6358bbe17cdf,14
ort_python,2,94,26.9753,1,1,0,c5ef909be6cda03f0f87a7354355468944e7f8840d5d2d83c344fdbf4a5d3bf6,04d5fc3bd443007507b8d2e2ea870060397833a500615e3e35ce6358bbe17cdf,14
ort_python,2,95,27.9237,1,1,0,c5ef909be6cda03f0f87a7354355468944e7f8840d5d2d83c344fdbf4a5d3bf6,04d5fc3bd443007507b8d2e2ea870060397833a500615e3e35ce6358bbe17cdf,14
ort_python,2,96,31.1641,1,1,0,c5ef909be6cda03f0f87a7354355468944e7f8840d5d2d83c344fdbf4a5d3bf6,04d5fc3bd443007507b8d2e2ea870060397833a500615e3e35ce6358bbe17cdf,14
ort_python,2,97,28.0258,1,1,0,c5ef909be6cda03f0f87a7354355468944e7f8840d5d2d83c344fdbf4a5d3bf6,04d5fc3bd443007507b8d2e2ea870060397833a500615e3e35ce6358bbe17cdf,14
ort_python,2,98,29.6079,1,1,0,c5ef909be6cda03f0f87a7354355468944e7f8840d5d2d83c344fdbf4a5d3bf6,04d5fc3bd443007507b8d2e2ea870060397833a500615e3e35ce6358bbe17cdf,14
ort_python,2,99,29.4331,1,1,0,c5ef909be6cda03f0f87a7354355468944e7f8840d5d2d83c344fdbf4a5d3bf6,04d5fc3bd443007507b8d2e2ea870060397833a500615e3e35ce6358bbe17cdf,14
ort_python,2,100,32.302,1,1,0,c5ef909be6cda03f0f87a7354355468944e7f8840d5d2d83c344fdbf4a5d3bf6,04d5fc3bd443007507b8d2e2ea870060397833a500615e3e35ce6358bbe17cdf,14
ort_python,2,101,28.7774,1,1,0,c5ef909be6cda03f0f87a7354355468944e7f8840d5d2d83c344fdbf4a5d3bf6,04d5fc3bd443007507b8d2e2ea870060397833a500615e3e35ce6358bbe17cdf,14
ort_python,2,102,29.1549,1,1,0,c5ef909be6cda03f0f87a7354355468944e7f8840d5d2d83c344fdbf4a5d3bf6,04d5fc3bd443007507b8d2e2ea870060397833a500615e3e35ce6358bbe17cdf,14
ort_python,2,103,31.7145,1,1,0,c5ef909be6cda03f0f87a7354355468944e7f8840d5d2d83c344fdbf4a5d3bf6,04d5fc3bd443007507b8d2e2ea870060397833a500615e3e35ce6358bbe17cdf,14
ort_python,2,104,32.2691,1,1,0,c5ef909be6cda03f0f87a7354355468944e7f8840d5d2d83c344fdbf4a5d3bf6,04d5fc3bd443007507b8d2e2ea870060397833a500615e3e35ce6358bbe17cdf,14
ort_python,2,105,29.7365,1,1,0,c5ef909be6cda03f0f87a7354355468944e7f8840d5d2d83c344fdbf4a5d3bf6,04d5fc3bd443007507b8d2e2ea870060397833a500615e3e35ce6358bbe17cdf,14
ort_python,2,106,31.4814,1,1,0,c5ef909be6cda03f0f87a7354355468944e7f8840d5d2d83c344fdbf4a5d3bf6,04d5fc3bd443007507b8d2e2ea870060397833a500615e3e35ce6358bbe17cdf,14
ort_python,2,107,29.4052,1,1,0,c5ef909be6cda03f0f87a7354355468944e7f8840d5d2d83c344fdbf4a5d3bf6,04d5fc3bd443007507b8d2e2ea870060397833a500615e3e35ce6358bbe17cdf,14
ort_python,2,108,28.046,1,1,0,c5ef909be6cda03f0f87a7354355468944e7f8840d5d2d83c344fdbf4a5d3bf6,04d5fc3bd443007507b8d2e2ea870060397833a500615e3e35ce6358bbe17cdf,14
ort_python,2,109,30.4729,1,1,0,c5ef909be6cda03f0f87a7354355468944e7f8840d5d2d83c344fdbf4a5d3bf6,04d5fc3bd443007507b8d2e2ea870060397833a500615e3e35ce6358bbe17cdf,14
ort_python,2,110,29.7792,1,1,0,c5ef909be6cda03f0f87a7354355468944e7f8840d5d2d83c344fdbf4a5d3bf6,04d5fc3bd443007507b8d2e2ea870060397833a500615e3e35ce6358bbe17cdf,14
ort_python,2,111,27.7818,1,1,0,c5ef909be6cda03f0f87a7354355468944e7f8840d5d2d83c344fdbf4a5d3bf6,04d5fc3bd443007507b8d2e2ea870060397833a500615e3e35ce6358bbe17cdf,14
ort_python,2,112,28.1815,1,1,0,c5ef909be6cda03f0f87a7354355468944e7f8840d5d2d83c344fdbf4a5d3bf6,04d5fc3bd443007507b8d2e2ea870060397833a500615e3e35ce6358bbe17cdf,14
ort_python,2,113,31.0681,1,1,0,c5ef909be6cda03f0f87a7354355468944e7f8840d5d2d83c344fdbf4a5d3bf6,04d5fc3bd443007507b8d2e2ea870060397833a500615e3e35ce6358bbe17cdf,14
ort_python,2,114,29.7309,1,1,0,c5ef909be6cda03f0f87a7354355468944e7f8840d5d2d83c344fdbf4a5d3bf6,04d5fc3bd443007507b8d2e2ea870060397833a500615e3e35ce6358bbe17cdf,14
ort_python,2,115,28.8996,1,1,0,c5ef909be6cda03f0f87a7354355468944e7f8840d5d2d83c344fdbf4a5d3bf6,04d5fc3bd443007507b8d2e2ea870060397833a500615e3e35ce6358bbe17cdf,14
ort_python,2,116,28.8097,1,1,0,c5ef909be6cda03f0f87a7354355468944e7f8840d5d2d83c344fdbf4a5d3bf6,04d5fc3bd443007507b8d2e2ea870060397833a500615e3e35ce6358bbe17cdf,14
ort_python,2,117,33.0299,1,1,0,c5ef909be6cda03f0f87a7354355468944e7f8840d5d2d83c344fdbf4a5d3bf6,04d5fc3bd443007507b8d2e2ea870060397833a500615e3e35ce6358bbe17cdf,14
ort_python,2,118,30.3322,1,1,0,c5ef909be6cda03f0f87a7354355468944e7f8840d5d2d83c344fdbf4a5d3bf6,04d5fc3bd443007507b8d2e2ea870060397833a500615e3e35ce6358bbe17cdf,14
ort_python,2,119,30.603,1,1,0,c5ef909be6cda03f0f87a7354355468944e7f8840d5d2d83c344fdbf4a5d3bf6,04d5fc3bd443007507b8d2e2ea870060397833a500615e3e35ce6358bbe17cdf,14
ort_python,2,120,33.4508,1,1,0,c5ef909be6cda03f0f87a7354355468944e7f8840d5d2d83c344fdbf4a5d3bf6,04d5fc3bd443007507b8d2e2ea870060397833a500615e3e35ce6358bbe17cdf,14
ort_python,2,121,30.6248,1,1,0,c5ef909be6cda03f0f87a7354355468944e7f8840d5d2d83c344fdbf4a5d3bf6,04d5fc3bd443007507b8d2e2ea870060397833a500615e3e35ce6358bbe17cdf,14
ort_python,2,122,29.406,1,1,0,c5ef909be6cda03f0f87a7354355468944e7f8840d5d2d83c344fdbf4a5d3bf6,04d5fc3bd443007507b8d2e2ea870060397833a500615e3e35ce6358bbe17cdf,14
ort_python,2,123,33.9079,1,1,0,c5ef909be6cda03f0f87a7354355468944e7f8840d5d2d83c344fdbf4a5d3bf6,04d5fc3bd443007507b8d2e2ea870060397833a500615e3e35ce6358bbe17cdf,14
ort_python,2,124,31.3373,1,1,0,c5ef909be6cda03f0f87a7354355468944e7f8840d5d2d83c344fdbf4a5d3bf6,04d5fc3bd443007507b8d2e2ea870060397833a500615e3e35ce6358bbe17cdf,14
ort_python,2,125,28.3131,1,1,0,c5ef909be6cda03f0f87a7354355468944e7f8840d5d2d83c344fdbf4a5d3bf6,04d5fc3bd443007507b8d2e2ea870060397833a500615e3e35ce6358bbe17cdf,14
ort_python,2,126,27.9613,1,1,0,c5ef909be6cda03f0f87a7354355468944e7f8840d5d2d83c344fdbf4a5d3bf6,04d5fc3bd443007507b8d2e2ea870060397833a500615e3e35ce6358bbe17cdf,14
ort_python,2,127,31.7306,1,1,0,c5ef909be6cda03f0f87a7354355468944e7f8840d5d2d83c344fdbf4a5d3bf6,04d5fc3bd443007507b8d2e2ea870060397833a500615e3e35ce6358bbe17cdf,14
ort_python,2,128,28.3012,1,1,0,c5ef909be6cda03f0f87a7354355468944e7f8840d5d2d83c344fdbf4a5d3bf6,04d5fc3bd443007507b8d2e2ea870060397833a500615e3e35ce6358bbe17cdf,14
ort_python,2,129,28.4071,1,1,0,c5ef909be6cda03f0f87a7354355468944e7f8840d5d2d83c344fdbf4a5d3bf6,04d5fc3bd443007507b8d2e2ea870060397833a500615e3e35ce6358bbe17cdf,14
ort_python,2,130,29.1028,1,1,0,c5ef909be6cda03f0f87a7354355468944e7f8840d5d2d83c344fdbf4a5d3bf6,04d5fc3bd443007507b8d2e2ea870060397833a500615e3e35ce6358bbe17cdf,14
ort_python,2,131,27.4935,1,1,0,c5ef909be6cda03f0f87a7354355468944e7f8840d5d2d83c344fdbf4a5d3bf6,04d5fc3bd443007507b8d2e2ea870060397833a500615e3e35ce6358bbe17cdf,14
ort_python,2,132,29.1586,1,1,0,c5ef909be6cda03f0f87a7354355468944e7f8840d5d2d83c344fdbf4a5d3bf6,04d5fc3bd443007507b8d2e2ea870060397833a500615e3e35ce6358bbe17cdf,14
ort_python,2,133,29.3089,1,1,0,c5ef909be6cda03f0f87a7354355468944e7f8840d5d2d83c344fdbf4a5d3bf6,04d5fc3bd443007507b8d2e2ea870060397833a500615e3e35ce6358bbe17cdf,14
ort_python,2,134,29.7922,1,1,0,c5ef909be6cda03f0f87a7354355468944e7f8840d5d2d83c344fdbf4a5d3bf6,04d5fc3bd443007507b8d2e2ea870060397833a500615e3e35ce6358bbe17cdf,14
ort_python,2,135,28.2897,1,1,0,c5ef909be6cda03f0f87a7354355468944e7f8840d5d2d83c344fdbf4a5d3bf6,04d5fc3bd443007507b8d2e2ea870060397833a500615e3e35ce6358bbe17cdf,14
ort_python,2,136,28.5111,1,1,0,c5ef909be6cda03f0f87a7354355468944e7f8840d5d2d83c344fdbf4a5d3bf6,04d5fc3bd443007507b8d2e2ea870060397833a500615e3e35ce6358bbe17cdf,14
ort_python,2,137,29.7899,1,1,0,c5ef909be6cda03f0f87a7354355468944e7f8840d5d2d83c344fdbf4a5d3bf6,04d5fc3bd443007507b8d2e2ea870060397833a500615e3e35ce6358bbe17cdf,14
ort_python,2,138,29.7878,1,1,0,c5ef909be6cda03f0f87a7354355468944e7f8840d5d2d83c344fdbf4a5d3bf6,04d5fc3bd443007507b8d2e2ea870060397833a500615e3e35ce6358bbe17cdf,14
ort_python,2,139,27.1137,1,1,0,c5ef909be6cda03f0f87a7354355468944e7f8840d5d2d83c344fdbf4a5d3bf6,04d5fc3bd443007507b8d2e2ea870060397833a500615e3e35ce6358bbe17cdf,14
ort_python,2,140,29.8616,1,1,0,c5ef909be6cda03f0f87a7354355468944e7f8840d5d2d83c344fdbf4a5d3bf6,04d5fc3bd443007507b8d2e2ea870060397833a500615e3e35ce6358bbe17cdf,14
ort_python,2,141,30.416,1,1,0,c5ef909be6cda03f0f87a7354355468944e7f8840d5d2d83c344fdbf4a5d3bf6,04d5fc3bd443007507b8d2e2ea870060397833a500615e3e35ce6358bbe17cdf,14
ort_python,2,142,28.8526,1,1,0,c5ef909be6cda03f0f87a7354355468944e7f8840d5d2d83c344fdbf4a5d3bf6,04d5fc3bd443007507b8d2e2ea870060397833a500615e3e35ce6358bbe17cdf,14
ort_python,2,143,27.453,1,1,0,c5ef909be6cda03f0f87a7354355468944e7f8840d5d2d83c344fdbf4a5d3bf6,04d5fc3bd443007507b8d2e2ea870060397833a500615e3e35ce6358bbe17cdf,14
ort_python,2,144,31.1564,1,1,0,c5ef909be6cda03f0f87a7354355468944e7f8840d5d2d83c344fdbf4a5d3bf6,04d5fc3bd443007507b8d2e2ea870060397833a500615e3e35ce6358bbe17cdf,14
ort_python,2,145,28.7394,1,1,0,c5ef909be6cda03f0f87a7354355468944e7f8840d5d2d83c344fdbf4a5d3bf6,04d5fc3bd443007507b8d2e2ea870060397833a500615e3e35ce6358bbe17cdf,14
ort_python,2,146,29.8133,1,1,0,c5ef909be6cda03f0f87a7354355468944e7f8840d5d2d83c344fdbf4a5d3bf6,04d5fc3bd443007507b8d2e2ea870060397833a500615e3e35ce6358bbe17cdf,14
ort_python,2,147,28.0803,1,1,0,c5ef909be6cda03f0f87a7354355468944e7f8840d5d2d83c344fdbf4a5d3bf6,04d5fc3bd443007507b8d2e2ea870060397833a500615e3e35ce6358bbe17cdf,14
ort_python,2,148,30.66,1,1,0,c5ef909be6cda03f0f87a7354355468944e7f8840d5d2d83c344fdbf4a5d3bf6,04d5fc3bd443007507b8d2e2ea870060397833a500615e3e35ce6358bbe17cdf,14
ort_python,2,149,28.6368,1,1,0,c5ef909be6cda03f0f87a7354355468944e7f8840d5d2d83c344fdbf4a5d3bf6,04d5fc3bd443007507b8d2e2ea870060397833a500615e3e35ce6358bbe17cdf,14
ort_python,2,150,30.0089,1,1,0,c5ef909be6cda03f0f87a7354355468944e7f8840d5d2d83c344fdbf4a5d3bf6,04d5fc3bd443007507b8d2e2ea870060397833a500615e3e35ce6358bbe17cdf,14
ort_python,2,151,31.4345,1,1,0,c5ef909be6cda03f0f87a7354355468944e7f8840d5d2d83c344fdbf4a5d3bf6,04d5fc3bd443007507b8d2e2ea870060397833a500615e3e35ce6358bbe17cdf,14
ort_python,2,152,29.4016,1,1,0,c5ef909be6cda03f0f87a7354355468944e7f8840d5d2d83c344fdbf4a5d3bf6,04d5fc3bd443007507b8d2e2ea870060397833a500615e3e35ce6358bbe17cdf,14
ort_python,2,153,28.8036,1,1,0,c5ef909be6cda03f0f87a7354355468944e7f8840d5d2d83c344fdbf4a5d3bf6,04d5fc3bd443007507b8d2e2ea870060397833a500615e3e35ce6358bbe17cdf,14
ort_python,2,154,28.0558,1,1,0,c5ef909be6cda03f0f87a7354355468944e7f8840d5d2d83c344fdbf4a5d3bf6,04d5fc3bd443007507b8d2e2ea870060397833a500615e3e35ce6358bbe17cdf,14
ort_python,2,155,30.1794,1,1,0,c5ef909be6cda03f0f87a7354355468944e7f8840d5d2d83c344fdbf4a5d3bf6,04d5fc3bd443007507b8d2e2ea870060397833a500615e3e35ce6358bbe17cdf,14
ort_python,2,156,27.7738,1,1,0,c5ef909be6cda03f0f87a7354355468944e7f8840d5d2d83c344fdbf4a5d3bf6,04d5fc3bd443007507b8d2e2ea870060397833a500615e3e35ce6358bbe17cdf,14
ort_python,2,157,27.9232,1,1,0,c5ef909be6cda03f0f87a7354355468944e7f8840d5d2d83c344fdbf4a5d3bf6,04d5fc3bd443007507b8d2e2ea870060397833a500615e3e35ce6358bbe17cdf,14
ort_python,2,158,30.1466,1,1,0,c5ef909be6cda03f0f87a7354355468944e7f8840d5d2d83c344fdbf4a5d3bf6,04d5fc3bd443007507b8d2e2ea870060397833a500615e3e35ce6358bbe17cdf,14
ort_python,2,159,28.3558,1,1,0,c5ef909be6cda03f0f87a7354355468944e7f8840d5d2d83c344fdbf4a5d3bf6,04d5fc3bd443007507b8d2e2ea870060397833a500615e3e35ce6358bbe17cdf,14
ort_python,2,160,30.005,1,1,0,c5ef909be6cda03f0f87a7354355468944e7f8840d5d2d83c344fdbf4a5d3bf6,04d5fc3bd443007507b8d2e2ea870060397833a500615e3e35ce6358bbe17cdf,14
ort_python,2,161,30.1334,1,1,0,c5ef909be6cda03f0f87a7354355468944e7f8840d5d2d83c344fdbf4a5d3bf6,04d5fc3bd443007507b8d2e2ea870060397833a500615e3e35ce6358bbe17cdf,14
ort_python,2,162,31.0968,1,1,0,c5ef909be6cda03f0f87a7354355468944e7f8840d5d2d83c344fdbf4a5d3bf6,04d5fc3bd443007507b8d2e2ea870060397833a500615e3e35ce6358bbe17cdf,14
ort_python,2,163,27.5378,1,1,0,c5ef909be6cda03f0f87a7354355468944e7f8840d5d2d83c344fdbf4a5d3bf6,04d5fc3bd443007507b8d2e2ea870060397833a500615e3e35ce6358bbe17cdf,14
ort_python,2,164,30.3625,1,1,0,c5ef909be6cda03f0f87a7354355468944e7f8840d5d2d83c344fdbf4a5d3bf6,04d5fc3bd443007507b8d2e2ea870060397833a500615e3e35ce6358bbe17cdf,14
ort_python,2,165,30.5239,1,1,0,c5ef909be6cda03f0f87a7354355468944e7f8840d5d2d83c344fdbf4a5d3bf6,04d5fc3bd443007507b8d2e2ea870060397833a500615e3e35ce6358bbe17cdf,14
ort_python,2,166,28.4714,1,1,0,c5ef909be6cda03f0f87a7354355468944e7f8840d5d2d83c344fdbf4a5d3bf6,04d5fc3bd443007507b8d2e2ea870060397833a500615e3e35ce6358bbe17cdf,14
ort_python,2,167,27.7832,1,1,0,c5ef909be6cda03f0f87a7354355468944e7f8840d5d2d83c344fdbf4a5d3bf6,04d5fc3bd443007507b8d2e2ea870060397833a500615e3e35ce6358bbe17cdf,14
ort_python,2,168,27.1897,1,1,0,c5ef909be6cda03f0f87a7354355468944e7f8840d5d2d83c344fdbf4a5d3bf6,04d5fc3bd443007507b8d2e2ea870060397833a500615e3e35ce6358bbe17cdf,14
ort_python,2,169,29.8653,1,1,0,c5ef909be6cda03f0f87a7354355468944e7f8840d5d2d83c344fdbf4a5d3bf6,04d5fc3bd443007507b8d2e2ea870060397833a500615e3e35ce6358bbe17cdf,14
ort_python,2,170,28.8406,1,1,0,c5ef909be6cda03f0f87a7354355468944e7f8840d5d2d83c344fdbf4a5d3bf6,04d5fc3bd443007507b8d2e2ea870060397833a500615e3e35ce6358bbe17cdf,14
ort_python,2,171,27.5539,1,1,0,c5ef909be6cda03f0f87a7354355468944e7f8840d5d2d83c344fdbf4a5d3bf6,04d5fc3bd443007507b8d2e2ea870060397833a500615e3e35ce6358bbe17cdf,14
ort_python,2,172,31.1506,1,1,0,c5ef909be6cda03f0f87a7354355468944e7f8840d5d2d83c344fdbf4a5d3bf6,04d5fc3bd443007507b8d2e2ea870060397833a500615e3e35ce6358bbe17cdf,14
ort_python,2,173,31.5621,1,1,0,c5ef909be6cda03f0f87a7354355468944e7f8840d5d2d83c344fdbf4a5d3bf6,04d5fc3bd443007507b8d2e2ea870060397833a500615e3e35ce6358bbe17cdf,14
ort_python,2,174,28.8235,1,1,0,c5ef909be6cda03f0f87a7354355468944e7f8840d5d2d83c344fdbf4a5d3bf6,04d5fc3bd443007507b8d2e2ea870060397833a500615e3e35ce6358bbe17cdf,14
ort_python,2,175,27.8259,1,1,0,c5ef909be6cda03f0f87a7354355468944e7f8840d5d2d83c344fdbf4a5d3bf6,04d5fc3bd443007507b8d2e2ea870060397833a500615e3e35ce6358bbe17cdf,14
ort_python,2,176,29.383,1,1,0,c5ef909be6cda03f0f87a7354355468944e7f8840d5d2d83c344fdbf4a5d3bf6,04d5fc3bd443007507b8d2e2ea870060397833a500615e3e35ce6358bbe17cdf,14
ort_python,2,177,28.8964,1,1,0,c5ef909be6cda03f0f87a7354355468944e7f8840d5d2d83c344fdbf4a5d3bf6,04d5fc3bd443007507b8d2e2ea870060397833a500615e3e35ce6358bbe17cdf,14
ort_python,2,178,28.2417,1,1,0,c5ef909be6cda03f0f87a7354355468944e7f8840d5d2d83c344fdbf4a5d3bf6,04d5fc3bd443007507b8d2e2ea870060397833a500615e3e35ce6358bbe17cdf,14
ort_python,2,179,29.6697,1,1,0,c5ef909be6cda03f0f87a7354355468944e7f8840d5d2d83c344fdbf4a5d3bf6,04d5fc3bd443007507b8d2e2ea870060397833a500615e3e35ce6358bbe17cdf,14
ort_python,2,180,27.4332,1,1,0,c5ef909be6cda03f0f87a7354355468944e7f8840d5d2d83c344fdbf4a5d3bf6,04d5fc3bd443007507b8d2e2ea870060397833a500615e3e35ce6358bbe17cdf,14
ort_python,2,181,28.9717,1,1,0,c5ef909be6cda03f0f87a7354355468944e7f8840d5d2d83c344fdbf4a5d3bf6,04d5fc3bd443007507b8d2e2ea870060397833a500615e3e35ce6358bbe17cdf,14
ort_python,2,182,29.2426,1,1,0,c5ef909be6cda03f0f87a7354355468944e7f8840d5d2d83c344fdbf4a5d3bf6,04d5fc3bd443007507b8d2e2ea870060397833a500615e3e35ce6358bbe17cdf,14
ort_python,2,183,29.4836,1,1,0,c5ef909be6cda03f0f87a7354355468944e7f8840d5d2d83c344fdbf4a5d3bf6,04d5fc3bd443007507b8d2e2ea870060397833a500615e3e35ce6358bbe17cdf,14
ort_python,2,184,27.8687,1,1,0,c5ef909be6cda03f0f87a7354355468944e7f8840d5d2d83c344fdbf4a5d3bf6,04d5fc3bd443007507b8d2e2ea870060397833a500615e3e35ce6358bbe17cdf,14
ort_python,2,185,29.3508,1,1,0,c5ef909be6cda03f0f87a7354355468944e7f8840d5d2d83c344fdbf4a5d3bf6,04d5fc3bd443007507b8d2e2ea870060397833a500615e3e35ce6358bbe17cdf,14
ort_python,2,186,31.83,1,1,0,c5ef909be6cda03f0f87a7354355468944e7f8840d5d2d83c344fdbf4a5d3bf6,04d5fc3bd443007507b8d2e2ea870060397833a500615e3e35ce6358bbe17cdf,14
ort_python,2,187,30.8574,1,1,0,c5ef909be6cda03f0f87a7354355468944e7f8840d5d2d83c344fdbf4a5d3bf6,04d5fc3bd443007507b8d2e2ea870060397833a500615e3e35ce6358bbe17cdf,14
ort_python,2,188,26.47,1,1,0,c5ef909be6cda03f0f87a7354355468944e7f8840d5d2d83c344fdbf4a5d3bf6,04d5fc3bd443007507b8d2e2ea870060397833a500615e3e35ce6358bbe17cdf,14
ort_python,2,189,29.0014,1,1,0,c5ef909be6cda03f0f87a7354355468944e7f8840d5d2d83c344fdbf4a5d3bf6,04d5fc3bd443007507b8d2e2ea870060397833a500615e3e35ce6358bbe17cdf,14
ort_python,2,190,29.5054,1,1,0,c5ef909be6cda03f0f87a7354355468944e7f8840d5d2d83c344fdbf4a5d3bf6,04d5fc3bd443007507b8d2e2ea870060397833a500615e3e35ce6358bbe17cdf,14
ort_python,2,191,28.9694,1,1,0,c5ef909be6cda03f0f87a7354355468944e7f8840d5d2d83c344fdbf4a5d3bf6,04d5fc3bd443007507b8d2e2ea870060397833a500615e3e35ce6358bbe17cdf,14
ort_python,2,192,26.6889,1,1,0,c5ef909be6cda03f0f87a7354355468944e7f8840d5d2d83c344fdbf4a5d3bf6,04d5fc3bd443007507b8d2e2ea870060397833a500615e3e35ce6358bbe17cdf,14
ort_python,2,193,31.7052,1,1,0,c5ef909be6cda03f0f87a7354355468944e7f8840d5d2d83c344fdbf4a5d3bf6,04d5fc3bd443007507b8d2e2ea870060397833a500615e3e35ce6358bbe17cdf,14
ort_python,2,194,31.2257,1,1,0,c5ef909be6cda03f0f87a7354355468944e7f8840d5d2d83c344fdbf4a5d3bf6,04d5fc3bd443007507b8d2e2ea870060397833a500615e3e35ce6358bbe17cdf,14
ort_python,2,195,26.4292,1,1,0,c5ef909be6cda03f0f87a7354355468944e7f8840d5d2d83c344fdbf4a5d3bf6,04d5fc3bd443007507b8d2e2ea870060397833a500615e3e35ce6358bbe17cdf,14
ort_python,2,196,27.988,1,1,0,c5ef909be6cda03f0f87a7354355468944e7f8840d5d2d83c344fdbf4a5d3bf6,04d5fc3bd443007507b8d2e2ea870060397833a500615e3e35ce6358bbe17cdf,14
ort_python,2,197,31.9397,1,1,0,c5ef909be6cda03f0f87a7354355468944e7f8840d5d2d83c344fdbf4a5d3bf6,04d5fc3bd443007507b8d2e2ea870060397833a500615e3e35ce6358bbe17cdf,14
ort_python,2,198,31.4273,1,1,0,c5ef909be6cda03f0f87a7354355468944e7f8840d5d2d83c344fdbf4a5d3bf6,04d5fc3bd443007507b8d2e2ea870060397833a500615e3e35ce6358bbe17cdf,14
ort_python,2,199,29.1964,1,1,0,c5ef909be6cda03f0f87a7354355468944e7f8840d5d2d83c344fdbf4a5d3bf6,04d5fc3bd443007507b8d2e2ea870060397833a500615e3e35ce6358bbe17cdf,14
ort_python,2,200,30.0041,1,1,0,c5ef909be6cda03f0f87a7354355468944e7f8840d5d2d83c344fdbf4a5d3bf6,04d5fc3bd443007507b8d2e2ea870060397833a500615e3e35ce6358bbe17cdf,14
ort_python,2,201,28.8881,1,1,0,c5ef909be6cda03f0f87a7354355468944e7f8840d5d2d83c344fdbf4a5d3bf6,04d5fc3bd443007507b8d2e2ea870060397833a500615e3e35ce6358bbe17cdf,14
ort_python,2,202,28.9092,1,1,0,c5ef909be6cda03f0f87a7354355468944e7f8840d5d2d83c344fdbf4a5d3bf6,04d5fc3bd443007507b8d2e2ea870060397833a500615e3e35ce6358bbe17cdf,14
ort_python,2,203,27.968,1,1,0,c5ef909be6cda03f0f87a7354355468944e7f8840d5d2d83c344fdbf4a5d3bf6,04d5fc3bd443007507b8d2e2ea870060397833a500615e3e35ce6358bbe17cdf,14
ort_python,2,204,29.5988,1,1,0,c5ef909be6cda03f0f87a7354355468944e7f8840d5d2d83c344fdbf4a5d3bf6,04d5fc3bd443007507b8d2e2ea870060397833a500615e3e35ce6358bbe17cdf,14
ort_python,2,205,28.5375,1,1,0,c5ef909be6cda03f0f87a7354355468944e7f8840d5d2d83c344fdbf4a5d3bf6,04d5fc3bd443007507b8d2e2ea870060397833a500615e3e35ce6358bbe17cdf,14
ort_python,2,206,29.7878,1,1,0,c5ef909be6cda03f0f87a7354355468944e7f8840d5d2d83c344fdbf4a5d3bf6,04d5fc3bd443007507b8d2e2ea870060397833a500615e3e35ce6358bbe17cdf,14
ort_python,2,207,30.0513,1,1,0,c5ef909be6cda03f0f87a7354355468944e7f8840d5d2d83c344fdbf4a5d3bf6,04d5fc3bd443007507b8d2e2ea870060397833a500615e3e35ce6358bbe17cdf,14
ort_python,2,208,26.7362,1,1,0,c5ef909be6cda03f0f87a7354355468944e7f8840d5d2d83c344fdbf4a5d3bf6,04d5fc3bd443007507b8d2e2ea870060397833a500615e3e35ce6358bbe17cdf,14
ort_python,2,209,30.235,1,1,0,c5ef909be6cda03f0f87a7354355468944e7f8840d5d2d83c344fdbf4a5d3bf6,04d5fc3bd443007507b8d2e2ea870060397833a500615e3e35ce6358bbe17cdf,14
ort_python,2,210,29.7645,1,1,0,c5ef909be6cda03f0f87a7354355468944e7f8840d5d2d83c344fdbf4a5d3bf6,04d5fc3bd443007507b8d2e2ea870060397833a500615e3e35ce6358bbe17cdf,14
ort_python,2,211,30.7161,1,1,0,c5ef909be6cda03f0f87a7354355468944e7f8840d5d2d83c344fdbf4a5d3bf6,04d5fc3bd443007507b8d2e2ea870060397833a500615e3e35ce6358bbe17cdf,14
ort_python,2,212,26.9726,1,1,0,c5ef909be6cda03f0f87a7354355468944e7f8840d5d2d83c344fdbf4a5d3bf6,04d5fc3bd443007507b8d2e2ea870060397833a500615e3e35ce6358bbe17cdf,14
ort_python,2,213,27.4554,1,1,0,c5ef909be6cda03f0f87a7354355468944e7f8840d5d2d83c344fdbf4a5d3bf6,04d5fc3bd443007507b8d2e2ea870060397833a500615e3e35ce6358bbe17cdf,14
ort_python,2,214,31.3281,1,1,0,c5ef909be6cda03f0f87a7354355468944e7f8840d5d2d83c344fdbf4a5d3bf6,04d5fc3bd443007507b8d2e2ea870060397833a500615e3e35ce6358bbe17cdf,14
ort_python,2,215,27.5925,1,1,0,c5ef909be6cda03f0f87a7354355468944e7f8840d5d2d83c344fdbf4a5d3bf6,04d5fc3bd443007507b8d2e2ea870060397833a500615e3e35ce6358bbe17cdf,14
ort_python,2,216,27.8489,1,1,0,c5ef909be6cda03f0f87a7354355468944e7f8840d5d2d83c344fdbf4a5d3bf6,04d5fc3bd443007507b8d2e2ea870060397833a500615e3e35ce6358bbe17cdf,14
ort_python,2,217,28.0206,1,1,0,c5ef909be6cda03f0f87a7354355468944e7f8840d5d2d83c344fdbf4a5d3bf6,04d5fc3bd443007507b8d2e2ea870060397833a500615e3e35ce6358bbe17cdf,14
ort_python,2,218,31.5535,1,1,0,c5ef909be6cda03f0f87a7354355468944e7f8840d5d2d83c344fdbf4a5d3bf6,04d5fc3bd443007507b8d2e2ea870060397833a500615e3e35ce6358bbe17cdf,14
ort_python,2,219,27.2241,1,1,0,c5ef909be6cda03f0f87a7354355468944e7f8840d5d2d83c344fdbf4a5d3bf6,04d5fc3bd443007507b8d2e2ea870060397833a500615e3e35ce6358bbe17cdf,14
ort_python,2,220,27.7596,1,1,0,c5ef909be6cda03f0f87a7354355468944e7f8840d5d2d83c344fdbf4a5d3bf6,04d5fc3bd443007507b8d2e2ea870060397833a500615e3e35ce6358bbe17cdf,14
ort_python,2,221,29.5632,1,1,0,c5ef909be6cda03f0f87a7354355468944e7f8840d5d2d83c344fdbf4a5d3bf6,04d5fc3bd443007507b8d2e2ea870060397833a500615e3e35ce6358bbe17cdf,14
ort_python,2,222,29.981,1,1,0,c5ef909be6cda03f0f87a7354355468944e7f8840d5d2d83c344fdbf4a5d3bf6,04d5fc3bd443007507b8d2e2ea870060397833a500615e3e35ce6358bbe17cdf,14
ort_python,2,223,28.6953,1,1,0,c5ef909be6cda03f0f87a7354355468944e7f8840d5d2d83c344fdbf4a5d3bf6,04d5fc3bd443007507b8d2e2ea870060397833a500615e3e35ce6358bbe17cdf,14
ort_python,2,224,26.2511,1,1,0,c5ef909be6cda03f0f87a7354355468944e7f8840d5d2d83c344fdbf4a5d3bf6,04d5fc3bd443007507b8d2e2ea870060397833a500615e3e35ce6358bbe17cdf,14
ort_python,2,225,29.3835,1,1,0,c5ef909be6cda03f0f87a7354355468944e7f8840d5d2d83c344fdbf4a5d3bf6,04d5fc3bd443007507b8d2e2ea870060397833a500615e3e35ce6358bbe17cdf,14
ort_python,2,226,27.1459,1,1,0,c5ef909be6cda03f0f87a7354355468944e7f8840d5d2d83c344fdbf4a5d3bf6,04d5fc3bd443007507b8d2e2ea870060397833a500615e3e35ce6358bbe17cdf,14
ort_python,2,227,28.2796,1,1,0,c5ef909be6cda03f0f87a7354355468944e7f8840d5d2d83c344fdbf4a5d3bf6,04d5fc3bd443007507b8d2e2ea870060397833a500615e3e35ce6358bbe17cdf,14
ort_python,2,228,30.3233,1,1,0,c5ef909be6cda03f0f87a7354355468944e7f8840d5d2d83c344fdbf4a5d3bf6,04d5fc3bd443007507b8d2e2ea870060397833a500615e3e35ce6358bbe17cdf,14
ort_python,2,229,26.5803,1,1,0,c5ef909be6cda03f0f87a7354355468944e7f8840d5d2d83c344fdbf4a5d3bf6,04d5fc3bd443007507b8d2e2ea870060397833a500615e3e35ce6358bbe17cdf,14
ort_python,2,230,28.1871,1,1,0,c5ef909be6cda03f0f87a7354355468944e7f8840d5d2d83c344fdbf4a5d3bf6,04d5fc3bd443007507b8d2e2ea870060397833a500615e3e35ce6358bbe17cdf,14
ort_python,2,231,28.0227,1,1,0,c5ef909be6cda03f0f87a7354355468944e7f8840d5d2d83c344fdbf4a5d3bf6,04d5fc3bd443007507b8d2e2ea870060397833a500615e3e35ce6358bbe17cdf,14
ort_python,2,232,30.4697,1,1,0,c5ef909be6cda03f0f87a7354355468944e7f8840d5d2d83c344fdbf4a5d3bf6,04d5fc3bd443007507b8d2e2ea870060397833a500615e3e35ce6358bbe17cdf,14
ort_python,2,233,27.856,1,1,0,c5ef909be6cda03f0f87a7354355468944e7f8840d5d2d83c344fdbf4a5d3bf6,04d5fc3bd443007507b8d2e2ea870060397833a500615e3e35ce6358bbe17cdf,14
ort_python,2,234,27.8234,1,1,0,c5ef909be6cda03f0f87a7354355468944e7f8840d5d2d83c344fdbf4a5d3bf6,04d5fc3bd443007507b8d2e2ea870060397833a500615e3e35ce6358bbe17cdf,14
ort_python,2,235,29.0604,1,1,0,c5ef909be6cda03f0f87a7354355468944e7f8840d5d2d83c344fdbf4a5d3bf6,04d5fc3bd443007507b8d2e2ea870060397833a500615e3e35ce6358bbe17cdf,14
ort_python,2,236,29.6306,1,1,0,c5ef909be6cda03f0f87a7354355468944e7f8840d5d2d83c344fdbf4a5d3bf6,04d5fc3bd443007507b8d2e2ea870060397833a500615e3e35ce6358bbe17cdf,14
ort_python,2,237,28.9829,1,1,0,c5ef909be6cda03f0f87a7354355468944e7f8840d5d2d83c344fdbf4a5d3bf6,04d5fc3bd443007507b8d2e2ea870060397833a500615e3e35ce6358bbe17cdf,14
ort_python,2,238,26.9208,1,1,0,c5ef909be6cda03f0f87a7354355468944e7f8840d5d2d83c344fdbf4a5d3bf6,04d5fc3bd443007507b8d2e2ea870060397833a500615e3e35ce6358bbe17cdf,14
ort_python,2,239,30.892,1,1,0,c5ef909be6cda03f0f87a7354355468944e7f8840d5d2d83c344fdbf4a5d3bf6,04d5fc3bd443007507b8d2e2ea870060397833a500615e3e35ce6358bbe17cdf,14
ort_python,2,240,27.2304,1,1,0,c5ef909be6cda03f0f87a7354355468944e7f8840d5d2d83c344fdbf4a5d3bf6,04d5fc3bd443007507b8d2e2ea870060397833a500615e3e35ce6358bbe17cdf,14
ort_python,2,241,29.5491,1,1,0,c5ef909be6cda03f0f87a7354355468944e7f8840d5d2d83c344fdbf4a5d3bf6,04d5fc3bd443007507b8d2e2ea870060397833a500615e3e35ce6358bbe17cdf,14
ort_python,2,242,27.7156,1,1,0,c5ef909be6cda03f0f87a7354355468944e7f8840d5d2d83c344fdbf4a5d3bf6,04d5fc3bd443007507b8d2e2ea870060397833a500615e3e35ce6358bbe17cdf,14
ort_python,2,243,32.4108,1,1,0,c5ef909be6cda03f0f87a7354355468944e7f8840d5d2d83c344fdbf4a5d3bf6,04d5fc3bd443007507b8d2e2ea870060397833a500615e3e35ce6358bbe17cdf,14
ort_python,2,244,28.9942,1,1,0,c5ef909be6cda03f0f87a7354355468944e7f8840d5d2d83c344fdbf4a5d3bf6,04d5fc3bd443007507b8d2e2ea870060397833a500615e3e35ce6358bbe17cdf,14
ort_python,2,245,31.8153,1,1,0,c5ef909be6cda03f0f87a7354355468944e7f8840d5d2d83c344fdbf4a5d3bf6,04d5fc3bd443007507b8d2e2ea870060397833a500615e3e35ce6358bbe17cdf,14
ort_python,2,246,30.1854,1,1,0,c5ef909be6cda03f0f87a7354355468944e7f8840d5d2d83c344fdbf4a5d3bf6,04d5fc3bd443007507b8d2e2ea870060397833a500615e3e35ce6358bbe17cdf,14
ort_python,2,247,28.9134,1,1,0,c5ef909be6cda03f0f87a7354355468944e7f8840d5d2d83c344fdbf4a5d3bf6,04d5fc3bd443007507b8d2e2ea870060397833a500615e3e35ce6358bbe17cdf,14
ort_python,2,248,29.4336,1,1,0,c5ef909be6cda03f0f87a7354355468944e7f8840d5d2d83c344fdbf4a5d3bf6,04d5fc3bd443007507b8d2e2ea870060397833a500615e3e35ce6358bbe17cdf,14
ort_python,2,249,29.3689,1,1,0,c5ef909be6cda03f0f87a7354355468944e7f8840d5d2d83c344fdbf4a5d3bf6,04d5fc3bd443007507b8d2e2ea870060397833a500615e3e35ce6358bbe17cdf,14
ort_python,2,250,29.903,1,1,0,c5ef909be6cda03f0f87a7354355468944e7f8840d5d2d83c344fdbf4a5d3bf6,04d5fc3bd443007507b8d2e2ea870060397833a500615e3e35ce6358bbe17cdf,14
ort_python,2,251,28.8243,1,1,0,c5ef909be6cda03f0f87a7354355468944e7f8840d5d2d83c344fdbf4a5d3bf6,04d5fc3bd443007507b8d2e2ea870060397833a500615e3e35ce6358bbe17cdf,14
ort_python,2,252,29.0921,1,1,0,c5ef909be6cda03f0f87a7354355468944e7f8840d5d2d83c344fdbf4a5d3bf6,04d5fc3bd443007507b8d2e2ea870060397833a500615e3e35ce6358bbe17cdf,14
ort_python,2,253,30.5351,1,1,0,c5ef909be6cda03f0f87a7354355468944e7f8840d5d2d83c344fdbf4a5d3bf6,04d5fc3bd443007507b8d2e2ea870060397833a500615e3e35ce6358bbe17cdf,14
ort_python,2,254,26.6993,1,1,0,c5ef909be6cda03f0f87a7354355468944e7f8840d5d2d83c344fdbf4a5d3bf6,04d5fc3bd443007507b8d2e2ea870060397833a500615e3e35ce6358bbe17cdf,14
ort_python,2,255,28.0555,1,1,0,c5ef909be6cda03f0f87a7354355468944e7f8840d5d2d83c344fdbf4a5d3bf6,04d5fc3bd443007507b8d2e2ea870060397833a500615e3e35ce6358bbe17cdf,14
ort_python,2,256,29.1723,1,1,0,c5ef909be6cda03f0f87a7354355468944e7f8840d5d2d83c344fdbf4a5d3bf6,04d5fc3bd443007507b8d2e2ea870060397833a500615e3e35ce6358bbe17cdf,14
ort_python,2,257,29.2757,1,1,0,c5ef909be6cda03f0f87a7354355468944e7f8840d5d2d83c344fdbf4a5d3bf6,04d5fc3bd443007507b8d2e2ea870060397833a500615e3e35ce6358bbe17cdf,14
ort_python,2,258,27.5858,1,1,0,c5ef909be6cda03f0f87a7354355468944e7f8840d5d2d83c344fdbf4a5d3bf6,04d5fc3bd443007507b8d2e2ea870060397833a500615e3e35ce6358bbe17cdf,14
ort_python,2,259,29.3674,1,1,0,c5ef909be6cda03f0f87a7354355468944e7f8840d5d2d83c344fdbf4a5d3bf6,04d5fc3bd443007507b8d2e2ea870060397833a500615e3e35ce6358bbe17cdf,14
ort_python,2,260,31.5363,1,1,0,c5ef909be6cda03f0f87a7354355468944e7f8840d5d2d83c344fdbf4a5d3bf6,04d5fc3bd443007507b8d2e2ea870060397833a500615e3e35ce6358bbe17cdf,14
ort_python,2,261,26.776,1,1,0,c5ef909be6cda03f0f87a7354355468944e7f8840d5d2d83c344fdbf4a5d3bf6,04d5fc3bd443007507b8d2e2ea870060397833a500615e3e35ce6358bbe17cdf,14
ort_python,2,262,27.1833,1,1,0,c5ef909be6cda03f0f87a7354355468944e7f8840d5d2d83c344fdbf4a5d3bf6,04d5fc3bd443007507b8d2e2ea870060397833a500615e3e35ce6358bbe17cdf,14
ort_python,2,263,27.9698,1,1,0,c5ef909be6cda03f0f87a7354355468944e7f8840d5d2d83c344fdbf4a5d3bf6,04d5fc3bd443007507b8d2e2ea870060397833a500615e3e35ce6358bbe17cdf,14
ort_python,2,264,30.4801,1,1,0,c5ef909be6cda03f0f87a7354355468944e7f8840d5d2d83c344fdbf4a5d3bf6,04d5fc3bd443007507b8d2e2ea870060397833a500615e3e35ce6358bbe17cdf,14
ort_python,2,265,27.4301,1,1,0,c5ef909be6cda03f0f87a7354355468944e7f8840d5d2d83c344fdbf4a5d3bf6,04d5fc3bd443007507b8d2e2ea870060397833a500615e3e35ce6358bbe17cdf,14
ort_python,2,266,27.6715,1,1,0,c5ef909be6cda03f0f87a7354355468944e7f8840d5d2d83c344fdbf4a5d3bf6,04d5fc3bd443007507b8d2e2ea870060397833a500615e3e35ce6358bbe17cdf,14
ort_python,2,267,29.1065,1,1,0,c5ef909be6cda03f0f87a7354355468944e7f8840d5d2d83c344fdbf4a5d3bf6,04d5fc3bd443007507b8d2e2ea870060397833a500615e3e35ce6358bbe17cdf,14
ort_python,2,268,28.9474,1,1,0,c5ef909be6cda03f0f87a7354355468944e7f8840d5d2d83c344fdbf4a5d3bf6,04d5fc3bd443007507b8d2e2ea870060397833a500615e3e35ce6358bbe17cdf,14
ort_python,2,269,28.6305,1,1,0,c5ef909be6cda03f0f87a7354355468944e7f8840d5d2d83c344fdbf4a5d3bf6,04d5fc3bd443007507b8d2e2ea870060397833a500615e3e35ce6358bbe17cdf,14
ort_python,2,270,26.4896,1,1,0,c5ef909be6cda03f0f87a7354355468944e7f8840d5d2d83c344fdbf4a5d3bf6,04d5fc3bd443007507b8d2e2ea870060397833a500615e3e35ce6358bbe17cdf,14
ort_python,2,271,29.5008,1,1,0,c5ef909be6cda03f0f87a7354355468944e7f8840d5d2d83c344fdbf4a5d3bf6,04d5fc3bd443007507b8d2e2ea870060397833a500615e3e35ce6358bbe17cdf,14
ort_python,2,272,31.4278,1,1,0,c5ef909be6cda03f0f87a7354355468944e7f8840d5d2d83c344fdbf4a5d3bf6,04d5fc3bd443007507b8d2e2ea870060397833a500615e3e35ce6358bbe17cdf,14
ort_python,2,273,29.6609,1,1,0,c5ef909be6cda03f0f87a7354355468944e7f8840d5d2d83c344fdbf4a5d3bf6,04d5fc3bd443007507b8d2e2ea870060397833a500615e3e35ce6358bbe17cdf,14
ort_python,2,274,27.845,1,1,0,c5ef909be6cda03f0f87a7354355468944e7f8840d5d2d83c344fdbf4a5d3bf6,04d5fc3bd443007507b8d2e2ea870060397833a500615e3e35ce6358bbe17cdf,14
ort_python,2,275,28.0119,1,1,0,c5ef909be6cda03f0f87a7354355468944e7f8840d5d2d83c344fdbf4a5d3bf6,04d5fc3bd443007507b8d2e2ea870060397833a500615e3e35ce6358bbe17cdf,14
ort_python,2,276,27.9907,1,1,0,c5ef909be6cda03f0f87a7354355468944e7f8840d5d2d83c344fdbf4a5d3bf6,04d5fc3bd443007507b8d2e2ea870060397833a500615e3e35ce6358bbe17cdf,14
ort_python,2,277,28.8327,1,1,0,c5ef909be6cda03f0f87a7354355468944e7f8840d5d2d83c344fdbf4a5d3bf6,04d5fc3bd443007507b8d2e2ea870060397833a500615e3e35ce6358bbe17cdf,14
ort_python,2,278,29.8778,1,1,0,c5ef909be6cda03f0f87a7354355468944e7f8840d5d2d83c344fdbf4a5d3bf6,04d5fc3bd443007507b8d2e2ea870060397833a500615e3e35ce6358bbe17cdf,14
ort_python,2,279,27.4553,1,1,0,c5ef909be6cda03f0f87a7354355468944e7f8840d5d2d83c344fdbf4a5d3bf6,04d5fc3bd443007507b8d2e2ea870060397833a500615e3e35ce6358bbe17cdf,14
ort_python,2,280,27.8146,1,1,0,c5ef909be6cda03f0f87a7354355468944e7f8840d5d2d83c344fdbf4a5d3bf6,04d5fc3bd443007507b8d2e2ea870060397833a500615e3e35ce6358bbe17cdf,14
ort_python,2,281,26.7327,1,1,0,c5ef909be6cda03f0f87a7354355468944e7f8840d5d2d83c344fdbf4a5d3bf6,04d5fc3bd443007507b8d2e2ea870060397833a500615e3e35ce6358bbe17cdf,14
ort_python,2,282,29.6131,1,1,0,c5ef909be6cda03f0f87a7354355468944e7f8840d5d2d83c344fdbf4a5d3bf6,04d5fc3bd443007507b8d2e2ea870060397833a500615e3e35ce6358bbe17cdf,14
ort_python,2,283,27.1458,1,1,0,c5ef909be6cda03f0f87a7354355468944e7f8840d5d2d83c344fdbf4a5d3bf6,04d5fc3bd443007507b8d2e2ea870060397833a500615e3e35ce6358bbe17cdf,14
ort_python,2,284,29.3581,1,1,0,c5ef909be6cda03f0f87a7354355468944e7f8840d5d2d83c344fdbf4a5d3bf6,04d5fc3bd443007507b8d2e2ea870060397833a500615e3e35ce6358bbe17cdf,14
ort_python,2,285,30.5306,1,1,0,c5ef909be6cda03f0f87a7354355468944e7f8840d5d2d83c344fdbf4a5d3bf6,04d5fc3bd443007507b8d2e2ea870060397833a500615e3e35ce6358bbe17cdf,14
ort_python,2,286,28.086,1,1,0,c5ef909be6cda03f0f87a7354355468944e7f8840d5d2d83c344fdbf4a5d3bf6,04d5fc3bd443007507b8d2e2ea870060397833a500615e3e35ce6358bbe17cdf,14
ort_python,2,287,28.5697,1,1,0,c5ef909be6cda03f0f87a7354355468944e7f8840d5d2d83c344fdbf4a5d3bf6,04d5fc3bd443007507b8d2e2ea870060397833a500615e3e35ce6358bbe17cdf,14
ort_python,2,288,27.0989,1,1,0,c5ef909be6cda03f0f87a7354355468944e7f8840d5d2d83c344fdbf4a5d3bf6,04d5fc3bd443007507b8d2e2ea870060397833a500615e3e35ce6358bbe17cdf,14
ort_python,2,289,31.0556,1,1,0,c5ef909be6cda03f0f87a7354355468944e7f8840d5d2d83c344fdbf4a5d3bf6,04d5fc3bd443007507b8d2e2ea870060397833a500615e3e35ce6358bbe17cdf,14
ort_python,2,290,27.6146,1,1,0,c5ef909be6cda03f0f87a7354355468944e7f8840d5d2d83c344fdbf4a5d3bf6,04d5fc3bd443007507b8d2e2ea870060397833a500615e3e35ce6358bbe17cdf,14
ort_python,2,291,29.6139,1,1,0,c5ef909be6cda03f0f87a7354355468944e7f8840d5d2d83c344fdbf4a5d3bf6,04d5fc3bd443007507b8d2e2ea870060397833a500615e3e35ce6358bbe17cdf,14
ort_python,2,292,30.5188,1,1,0,c5ef909be6cda03f0f87a7354355468944e7f8840d5d2d83c344fdbf4a5d3bf6,04d5fc3bd443007507b8d2e2ea870060397833a500615e3e35ce6358bbe17cdf,14
ort_python,2,293,28.1137,1,1,0,c5ef909be6cda03f0f87a7354355468944e7f8840d5d2d83c344fdbf4a5d3bf6,04d5fc3bd443007507b8d2e2ea870060397833a500615e3e35ce6358bbe17cdf,14
ort_python,2,294,27.4911,1,1,0,c5ef909be6cda03f0f87a7354355468944e7f8840d5d2d83c344fdbf4a5d3bf6,04d5fc3bd443007507b8d2e2ea870060397833a500615e3e35ce6358bbe17cdf,14
ort_python,2,295,27.0614,1,1,0,c5ef909be6cda03f0f87a7354355468944e7f8840d5d2d83c344fdbf4a5d3bf6,04d5fc3bd443007507b8d2e2ea870060397833a500615e3e35ce6358bbe17cdf,14
ort_python,2,296,29.7042,1,1,0,c5ef909be6cda03f0f87a7354355468944e7f8840d5d2d83c344fdbf4a5d3bf6,04d5fc3bd443007507b8d2e2ea870060397833a500615e3e35ce6358bbe17cdf,14
ort_python,2,297,29.0184,1,1,0,c5ef909be6cda03f0f87a7354355468944e7f8840d5d2d83c344fdbf4a5d3bf6,04d5fc3bd443007507b8d2e2ea870060397833a500615e3e35ce6358bbe17cdf,14
ort_python,2,298,29.1592,1,1,0,c5ef909be6cda03f0f87a7354355468944e7f8840d5d2d83c344fdbf4a5d3bf6,04d5fc3bd443007507b8d2e2ea870060397833a500615e3e35ce6358bbe17cdf,14
ort_python,2,299,27.0797,1,1,0,c5ef909be6cda03f0f87a7354355468944e7f8840d5d2d83c344fdbf4a5d3bf6,04d5fc3bd443007507b8d2e2ea870060397833a500615e3e35ce6358bbe17cdf,14
ort_python,1,0,30.462,1,1,0,c5ef909be6cda03f0f87a7354355468944e7f8840d5d2d83c344fdbf4a5d3bf6,04d5fc3bd443007507b8d2e2ea870060397833a500615e3e35ce6358bbe17cdf,15
ort_python,1,1,29.2428,1,1,0,c5ef909be6cda03f0f87a7354355468944e7f8840d5d2d83c344fdbf4a5d3bf6,04d5fc3bd443007507b8d2e2ea870060397833a500615e3e35ce6358bbe17cdf,15
ort_python,1,2,29.9347,1,1,0,c5ef909be6cda03f0f87a7354355468944e7f8840d5d2d83c344fdbf4a5d3bf6,04d5fc3bd443007507b8d2e2ea870060397833a500615e3e35ce6358bbe17cdf,15
ort_python,1,3,30.4548,1,1,0,c5ef909be6cda03f0f87a7354355468944e7f8840d5d2d83c344fdbf4a5d3bf6,04d5fc3bd443007507b8d2e2ea870060397833a500615e3e35ce6358bbe17cdf,15
ort_python,1,4,32.0788,1,1,0,c5ef909be6cda03f0f87a7354355468944e7f8840d5d2d83c344fdbf4a5d3bf6,04d5fc3bd443007507b8d2e2ea870060397833a500615e3e35ce6358bbe17cdf,15
ort_python,1,5,33.8781,1,1,0,c5ef909be6cda03f0f87a7354355468944e7f8840d5d2d83c344fdbf4a5d3bf6,04d5fc3bd443007507b8d2e2ea870060397833a500615e3e35ce6358bbe17cdf,15
ort_python,1,6,30.6461,1,1,0,c5ef909be6cda03f0f87a7354355468944e7f8840d5d2d83c344fdbf4a5d3bf6,04d5fc3bd443007507b8d2e2ea870060397833a500615e3e35ce6358bbe17cdf,15
ort_python,1,7,28.1502,1,1,0,c5ef909be6cda03f0f87a7354355468944e7f8840d5d2d83c344fdbf4a5d3bf6,04d5fc3bd443007507b8d2e2ea870060397833a500615e3e35ce6358bbe17cdf,15
ort_python,1,8,31.5374,1,1,0,c5ef909be6cda03f0f87a7354355468944e7f8840d5d2d83c344fdbf4a5d3bf6,04d5fc3bd443007507b8d2e2ea870060397833a500615e3e35ce6358bbe17cdf,15
ort_python,1,9,28.9608,1,1,0,c5ef909be6cda03f0f87a7354355468944e7f8840d5d2d83c344fdbf4a5d3bf6,04d5fc3bd443007507b8d2e2ea870060397833a500615e3e35ce6358bbe17cdf,15
ort_python,1,10,29.1048,1,1,0,c5ef909be6cda03f0f87a7354355468944e7f8840d5d2d83c344fdbf4a5d3bf6,04d5fc3bd443007507b8d2e2ea870060397833a500615e3e35ce6358bbe17cdf,15
ort_python,1,11,29.9032,1,1,0,c5ef909be6cda03f0f87a7354355468944e7f8840d5d2d83c344fdbf4a5d3bf6,04d5fc3bd443007507b8d2e2ea870060397833a500615e3e35ce6358bbe17cdf,15
ort_python,1,12,30.9503,1,1,0,c5ef909be6cda03f0f87a7354355468944e7f8840d5d2d83c344fdbf4a5d3bf6,04d5fc3bd443007507b8d2e2ea870060397833a500615e3e35ce6358bbe17cdf,15
ort_python,1,13,28.217,1,1,0,c5ef909be6cda03f0f87a7354355468944e7f8840d5d2d83c344fdbf4a5d3bf6,04d5fc3bd443007507b8d2e2ea870060397833a500615e3e35ce6358bbe17cdf,15
ort_python,1,14,31.9369,1,1,0,c5ef909be6cda03f0f87a7354355468944e7f8840d5d2d83c344fdbf4a5d3bf6,04d5fc3bd443007507b8d2e2ea870060397833a500615e3e35ce6358bbe17cdf,15
ort_python,1,15,30.6292,1,1,0,c5ef909be6cda03f0f87a7354355468944e7f8840d5d2d83c344fdbf4a5d3bf6,04d5fc3bd443007507b8d2e2ea870060397833a500615e3e35ce6358bbe17cdf,15
ort_python,1,16,28.6186,1,1,0,c5ef909be6cda03f0f87a7354355468944e7f8840d5d2d83c344fdbf4a5d3bf6,04d5fc3bd443007507b8d2e2ea870060397833a500615e3e35ce6358bbe17cdf,15
ort_python,1,17,29.1305,1,1,0,c5ef909be6cda03f0f87a7354355468944e7f8840d5d2d83c344fdbf4a5d3bf6,04d5fc3bd443007507b8d2e2ea870060397833a500615e3e35ce6358bbe17cdf,15
ort_python,1,18,29.1353,1,1,0,c5ef909be6cda03f0f87a7354355468944e7f8840d5d2d83c344fdbf4a5d3bf6,04d5fc3bd443007507b8d2e2ea870060397833a500615e3e35ce6358bbe17cdf,15
ort_python,1,19,35.0494,1,1,0,c5ef909be6cda03f0f87a7354355468944e7f8840d5d2d83c344fdbf4a5d3bf6,04d5fc3bd443007507b8d2e2ea870060397833a500615e3e35ce6358bbe17cdf,15
ort_python,1,20,29.3237,1,1,0,c5ef909be6cda03f0f87a7354355468944e7f8840d5d2d83c344fdbf4a5d3bf6,04d5fc3bd443007507b8d2e2ea870060397833a500615e3e35ce6358bbe17cdf,15
ort_python,1,21,28.8404,1,1,0,c5ef909be6cda03f0f87a7354355468944e7f8840d5d2d83c344fdbf4a5d3bf6,04d5fc3bd443007507b8d2e2ea870060397833a500615e3e35ce6358bbe17cdf,15
ort_python,1,22,33.7554,1,1,0,c5ef909be6cda03f0f87a7354355468944e7f8840d5d2d83c344fdbf4a5d3bf6,04d5fc3bd443007507b8d2e2ea870060397833a500615e3e35ce6358bbe17cdf,15
ort_python,1,23,29.4148,1,1,0,c5ef909be6cda03f0f87a7354355468944e7f8840d5d2d83c344fdbf4a5d3bf6,04d5fc3bd443007507b8d2e2ea870060397833a500615e3e35ce6358bbe17cdf,15
ort_python,1,24,28.9981,1,1,0,c5ef909be6cda03f0f87a7354355468944e7f8840d5d2d83c344fdbf4a5d3bf6,04d5fc3bd443007507b8d2e2ea870060397833a500615e3e35ce6358bbe17cdf,15
ort_python,1,25,30.1469,1,1,0,c5ef909be6cda03f0f87a7354355468944e7f8840d5d2d83c344fdbf4a5d3bf6,04d5fc3bd443007507b8d2e2ea870060397833a500615e3e35ce6358bbe17cdf,15
ort_python,1,26,28.6729,1,1,0,c5ef909be6cda03f0f87a7354355468944e7f8840d5d2d83c344fdbf4a5d3bf6,04d5fc3bd443007507b8d2e2ea870060397833a500615e3e35ce6358bbe17cdf,15
ort_python,1,27,30.6384,1,1,0,c5ef909be6cda03f0f87a7354355468944e7f8840d5d2d83c344fdbf4a5d3bf6,04d5fc3bd443007507b8d2e2ea870060397833a500615e3e35ce6358bbe17cdf,15
ort_python,1,28,29.16,1,1,0,c5ef909be6cda03f0f87a7354355468944e7f8840d5d2d83c344fdbf4a5d3bf6,04d5fc3bd443007507b8d2e2ea870060397833a500615e3e35ce6358bbe17cdf,15
ort_python,1,29,31.1017,1,1,0,c5ef909be6cda03f0f87a7354355468944e7f8840d5d2d83c344fdbf4a5d3bf6,04d5fc3bd443007507b8d2e2ea870060397833a500615e3e35ce6358bbe17cdf,15
ort_python,1,30,29.6128,1,1,0,c5ef909be6cda03f0f87a7354355468944e7f8840d5d2d83c344fdbf4a5d3bf6,04d5fc3bd443007507b8d2e2ea870060397833a500615e3e35ce6358bbe17cdf,15
ort_python,1,31,29.5174,1,1,0,c5ef909be6cda03f0f87a7354355468944e7f8840d5d2d83c344fdbf4a5d3bf6,04d5fc3bd443007507b8d2e2ea870060397833a500615e3e35ce6358bbe17cdf,15
ort_python,1,32,33.641,1,1,0,c5ef909be6cda03f0f87a7354355468944e7f8840d5d2d83c344fdbf4a5d3bf6,04d5fc3bd443007507b8d2e2ea870060397833a500615e3e35ce6358bbe17cdf,15
ort_python,1,33,29.7992,1,1,0,c5ef909be6cda03f0f87a7354355468944e7f8840d5d2d83c344fdbf4a5d3bf6,04d5fc3bd443007507b8d2e2ea870060397833a500615e3e35ce6358bbe17cdf,15
ort_python,1,34,28.8722,1,1,0,c5ef909be6cda03f0f87a7354355468944e7f8840d5d2d83c344fdbf4a5d3bf6,04d5fc3bd443007507b8d2e2ea870060397833a500615e3e35ce6358bbe17cdf,15
ort_python,1,35,30.5654,1,1,0,c5ef909be6cda03f0f87a7354355468944e7f8840d5d2d83c344fdbf4a5d3bf6,04d5fc3bd443007507b8d2e2ea870060397833a500615e3e35ce6358bbe17cdf,15
ort_python,1,36,29.8803,1,1,0,c5ef909be6cda03f0f87a7354355468944e7f8840d5d2d83c344fdbf4a5d3bf6,04d5fc3bd443007507b8d2e2ea870060397833a500615e3e35ce6358bbe17cdf,15
ort_python,1,37,29.6631,1,1,0,c5ef909be6cda03f0f87a7354355468944e7f8840d5d2d83c344fdbf4a5d3bf6,04d5fc3bd443007507b8d2e2ea870060397833a500615e3e35ce6358bbe17cdf,15
ort_python,1,38,30.0276,1,1,0,c5ef909be6cda03f0f87a7354355468944e7f8840d5d2d83c344fdbf4a5d3bf6,04d5fc3bd443007507b8d2e2ea870060397833a500615e3e35ce6358bbe17cdf,15
ort_python,1,39,33.6571,1,1,0,c5ef909be6cda03f0f87a7354355468944e7f8840d5d2d83c344fdbf4a5d3bf6,04d5fc3bd443007507b8d2e2ea870060397833a500615e3e35ce6358bbe17cdf,15
ort_python,1,40,30.053,1,1,0,c5ef909be6cda03f0f87a7354355468944e7f8840d5d2d83c344fdbf4a5d3bf6,04d5fc3bd443007507b8d2e2ea870060397833a500615e3e35ce6358bbe17cdf,15
ort_python,1,41,27.6841,1,1,0,c5ef909be6cda03f0f87a7354355468944e7f8840d5d2d83c344fdbf4a5d3bf6,04d5fc3bd443007507b8d2e2ea870060397833a500615e3e35ce6358bbe17cdf,15
ort_python,1,42,33.2262,1,1,0,c5ef909be6cda03f0f87a7354355468944e7f8840d5d2d83c344fdbf4a5d3bf6,04d5fc3bd443007507b8d2e2ea870060397833a500615e3e35ce6358bbe17cdf,15
ort_python,1,43,33.5686,1,1,0,c5ef909be6cda03f0f87a7354355468944e7f8840d5d2d83c344fdbf4a5d3bf6,04d5fc3bd443007507b8d2e2ea870060397833a500615e3e35ce6358bbe17cdf,15
ort_python,1,44,28.7912,1,1,0,c5ef909be6cda03f0f87a7354355468944e7f8840d5d2d83c344fdbf4a5d3bf6,04d5fc3bd443007507b8d2e2ea870060397833a500615e3e35ce6358bbe17cdf,15
ort_python,1,45,31.0759,1,1,0,c5ef909be6cda03f0f87a7354355468944e7f8840d5d2d83c344fdbf4a5d3bf6,04d5fc3bd443007507b8d2e2ea870060397833a500615e3e35ce6358bbe17cdf,15
ort_python,1,46,30.5106,1,1,0,c5ef909be6cda03f0f87a7354355468944e7f8840d5d2d83c344fdbf4a5d3bf6,04d5fc3bd443007507b8d2e2ea870060397833a500615e3e35ce6358bbe17cdf,15
ort_python,1,47,36.994,1,1,0,c5ef909be6cda03f0f87a7354355468944e7f8840d5d2d83c344fdbf4a5d3bf6,04d5fc3bd443007507b8d2e2ea870060397833a500615e3e35ce6358bbe17cdf,15
ort_python,1,48,28.6205,1,1,0,c5ef909be6cda03f0f87a7354355468944e7f8840d5d2d83c344fdbf4a5d3bf6,04d5fc3bd443007507b8d2e2ea870060397833a500615e3e35ce6358bbe17cdf,15
ort_python,1,49,29.4754,1,1,0,c5ef909be6cda03f0f87a7354355468944e7f8840d5d2d83c344fdbf4a5d3bf6,04d5fc3bd443007507b8d2e2ea870060397833a500615e3e35ce6358bbe17cdf,15
ort_python,1,50,28.9272,1,1,0,c5ef909be6cda03f0f87a7354355468944e7f8840d5d2d83c344fdbf4a5d3bf6,04d5fc3bd443007507b8d2e2ea870060397833a500615e3e35ce6358bbe17cdf,15
ort_python,1,51,28.8638,1,1,0,c5ef909be6cda03f0f87a7354355468944e7f8840d5d2d83c344fdbf4a5d3bf6,04d5fc3bd443007507b8d2e2ea870060397833a500615e3e35ce6358bbe17cdf,15
ort_python,1,52,30.6981,1,1,0,c5ef909be6cda03f0f87a7354355468944e7f8840d5d2d83c344fdbf4a5d3bf6,04d5fc3bd443007507b8d2e2ea870060397833a500615e3e35ce6358bbe17cdf,15
ort_python,1,53,27.8501,1,1,0,c5ef909be6cda03f0f87a7354355468944e7f8840d5d2d83c344fdbf4a5d3bf6,04d5fc3bd443007507b8d2e2ea870060397833a500615e3e35ce6358bbe17cdf,15
ort_python,1,54,30.3982,1,1,0,c5ef909be6cda03f0f87a7354355468944e7f8840d5d2d83c344fdbf4a5d3bf6,04d5fc3bd443007507b8d2e2ea870060397833a500615e3e35ce6358bbe17cdf,15
ort_python,1,55,30.0007,1,1,0,c5ef909be6cda03f0f87a7354355468944e7f8840d5d2d83c344fdbf4a5d3bf6,04d5fc3bd443007507b8d2e2ea870060397833a500615e3e35ce6358bbe17cdf,15
ort_python,1,56,30.6378,1,1,0,c5ef909be6cda03f0f87a7354355468944e7f8840d5d2d83c344fdbf4a5d3bf6,04d5fc3bd443007507b8d2e2ea870060397833a500615e3e35ce6358bbe17cdf,15
ort_python,1,57,27.5933,1,1,0,c5ef909be6cda03f0f87a7354355468944e7f8840d5d2d83c344fdbf4a5d3bf6,04d5fc3bd443007507b8d2e2ea870060397833a500615e3e35ce6358bbe17cdf,15
ort_python,1,58,28.5546,1,1,0,c5ef909be6cda03f0f87a7354355468944e7f8840d5d2d83c344fdbf4a5d3bf6,04d5fc3bd443007507b8d2e2ea870060397833a500615e3e35ce6358bbe17cdf,15
ort_python,1,59,30.0894,1,1,0,c5ef909be6cda03f0f87a7354355468944e7f8840d5d2d83c344fdbf4a5d3bf6,04d5fc3bd443007507b8d2e2ea870060397833a500615e3e35ce6358bbe17cdf,15
ort_python,1,60,29.535,1,1,0,c5ef909be6cda03f0f87a7354355468944e7f8840d5d2d83c344fdbf4a5d3bf6,04d5fc3bd443007507b8d2e2ea870060397833a500615e3e35ce6358bbe17cdf,15
ort_python,1,61,26.9201,1,1,0,c5ef909be6cda03f0f87a7354355468944e7f8840d5d2d83c344fdbf4a5d3bf6,04d5fc3bd443007507b8d2e2ea870060397833a500615e3e35ce6358bbe17cdf,15
ort_python,1,62,28.7274,1,1,0,c5ef909be6cda03f0f87a7354355468944e7f8840d5d2d83c344fdbf4a5d3bf6,04d5fc3bd443007507b8d2e2ea870060397833a500615e3e35ce6358bbe17cdf,15
ort_python,1,63,31.0388,1,1,0,c5ef909be6cda03f0f87a7354355468944e7f8840d5d2d83c344fdbf4a5d3bf6,04d5fc3bd443007507b8d2e2ea870060397833a500615e3e35ce6358bbe17cdf,15
ort_python,1,64,29.8997,1,1,0,c5ef909be6cda03f0f87a7354355468944e7f8840d5d2d83c344fdbf4a5d3bf6,04d5fc3bd443007507b8d2e2ea870060397833a500615e3e35ce6358bbe17cdf,15
ort_python,1,65,30.6578,1,1,0,c5ef909be6cda03f0f87a7354355468944e7f8840d5d2d83c344fdbf4a5d3bf6,04d5fc3bd443007507b8d2e2ea870060397833a500615e3e35ce6358bbe17cdf,15
ort_python,1,66,30.9445,1,1,0,c5ef909be6cda03f0f87a7354355468944e7f8840d5d2d83c344fdbf4a5d3bf6,04d5fc3bd443007507b8d2e2ea870060397833a500615e3e35ce6358bbe17cdf,15
ort_python,1,67,29.1192,1,1,0,c5ef909be6cda03f0f87a7354355468944e7f8840d5d2d83c344fdbf4a5d3bf6,04d5fc3bd443007507b8d2e2ea870060397833a500615e3e35ce6358bbe17cdf,15
ort_python,1,68,31.3221,1,1,0,c5ef909be6cda03f0f87a7354355468944e7f8840d5d2d83c344fdbf4a5d3bf6,04d5fc3bd443007507b8d2e2ea870060397833a500615e3e35ce6358bbe17cdf,15
ort_python,1,69,34.6832,1,1,0,c5ef909be6cda03f0f87a7354355468944e7f8840d5d2d83c344fdbf4a5d3bf6,04d5fc3bd443007507b8d2e2ea870060397833a500615e3e35ce6358bbe17cdf,15
ort_python,1,70,29.8497,1,1,0,c5ef909be6cda03f0f87a7354355468944e7f8840d5d2d83c344fdbf4a5d3bf6,04d5fc3bd443007507b8d2e2ea870060397833a500615e3e35ce6358bbe17cdf,15
ort_python,1,71,31.4014,1,1,0,c5ef909be6cda03f0f87a7354355468944e7f8840d5d2d83c344fdbf4a5d3bf6,04d5fc3bd443007507b8d2e2ea870060397833a500615e3e35ce6358bbe17cdf,15
ort_python,1,72,40.2045,1,1,0,c5ef909be6cda03f0f87a7354355468944e7f8840d5d2d83c344fdbf4a5d3bf6,04d5fc3bd443007507b8d2e2ea870060397833a500615e3e35ce6358bbe17cdf,15
ort_python,1,73,29.6447,1,1,0,c5ef909be6cda03f0f87a7354355468944e7f8840d5d2d83c344fdbf4a5d3bf6,04d5fc3bd443007507b8d2e2ea870060397833a500615e3e35ce6358bbe17cdf,15
ort_python,1,74,29.9724,1,1,0,c5ef909be6cda03f0f87a7354355468944e7f8840d5d2d83c344fdbf4a5d3bf6,04d5fc3bd443007507b8d2e2ea870060397833a500615e3e35ce6358bbe17cdf,15
ort_python,1,75,28.7571,1,1,0,c5ef909be6cda03f0f87a7354355468944e7f8840d5d2d83c344fdbf4a5d3bf6,04d5fc3bd443007507b8d2e2ea870060397833a500615e3e35ce6358bbe17cdf,15
ort_python,1,76,32.6816,1,1,0,c5ef909be6cda03f0f87a7354355468944e7f8840d5d2d83c344fdbf4a5d3bf6,04d5fc3bd443007507b8d2e2ea870060397833a500615e3e35ce6358bbe17cdf,15
ort_python,1,77,29.7427,1,1,0,c5ef909be6cda03f0f87a7354355468944e7f8840d5d2d83c344fdbf4a5d3bf6,04d5fc3bd443007507b8d2e2ea870060397833a500615e3e35ce6358bbe17cdf,15
ort_python,1,78,30.4017,1,1,0,c5ef909be6cda03f0f87a7354355468944e7f8840d5d2d83c344fdbf4a5d3bf6,04d5fc3bd443007507b8d2e2ea870060397833a500615e3e35ce6358bbe17cdf,15
ort_python,1,79,31.6306,1,1,0,c5ef909be6cda03f0f87a7354355468944e7f8840d5d2d83c344fdbf4a5d3bf6,04d5fc3bd443007507b8d2e2ea870060397833a500615e3e35ce6358bbe17cdf,15
ort_python,1,80,28.8793,1,1,0,c5ef909be6cda03f0f87a7354355468944e7f8840d5d2d83c344fdbf4a5d3bf6,04d5fc3bd443007507b8d2e2ea870060397833a500615e3e35ce6358bbe17cdf,15
ort_python,1,81,27.7523,1,1,0,c5ef909be6cda03f0f87a7354355468944e7f8840d5d2d83c344fdbf4a5d3bf6,04d5fc3bd443007507b8d2e2ea870060397833a500615e3e35ce6358bbe17cdf,15
ort_python,1,82,31.3059,1,1,0,c5ef909be6cda03f0f87a7354355468944e7f8840d5d2d83c344fdbf4a5d3bf6,04d5fc3bd443007507b8d2e2ea870060397833a500615e3e35ce6358bbe17cdf,15
ort_python,1,83,30.2679,1,1,0,c5ef909be6cda03f0f87a7354355468944e7f8840d5d2d83c344fdbf4a5d3bf6,04d5fc3bd443007507b8d2e2ea870060397833a500615e3e35ce6358bbe17cdf,15
ort_python,1,84,28.97,1,1,0,c5ef909be6cda03f0f87a7354355468944e7f8840d5d2d83c344fdbf4a5d3bf6,04d5fc3bd443007507b8d2e2ea870060397833a500615e3e35ce6358bbe17cdf,15
ort_python,1,85,29.4765,1,1,0,c5ef909be6cda03f0f87a7354355468944e7f8840d5d2d83c344fdbf4a5d3bf6,04d5fc3bd443007507b8d2e2ea870060397833a500615e3e35ce6358bbe17cdf,15
ort_python,1,86,33.1636,1,1,0,c5ef909be6cda03f0f87a7354355468944e7f8840d5d2d83c344fdbf4a5d3bf6,04d5fc3bd443007507b8d2e2ea870060397833a500615e3e35ce6358bbe17cdf,15
ort_python,1,87,29.9009,1,1,0,c5ef909be6cda03f0f87a7354355468944e7f8840d5d2d83c344fdbf4a5d3bf6,04d5fc3bd443007507b8d2e2ea870060397833a500615e3e35ce6358bbe17cdf,15
ort_python,1,88,29.5069,1,1,0,c5ef909be6cda03f0f87a7354355468944e7f8840d5d2d83c344fdbf4a5d3bf6,04d5fc3bd443007507b8d2e2ea870060397833a500615e3e35ce6358bbe17cdf,15
ort_python,1,89,33.6385,1,1,0,c5ef909be6cda03f0f87a7354355468944e7f8840d5d2d83c344fdbf4a5d3bf6,04d5fc3bd443007507b8d2e2ea870060397833a500615e3e35ce6358bbe17cdf,15
ort_python,1,90,31.176,1,1,0,c5ef909be6cda03f0f87a7354355468944e7f8840d5d2d83c344fdbf4a5d3bf6,04d5fc3bd443007507b8d2e2ea870060397833a500615e3e35ce6358bbe17cdf,15
ort_python,1,91,33.1181,1,1,0,c5ef909be6cda03f0f87a7354355468944e7f8840d5d2d83c344fdbf4a5d3bf6,04d5fc3bd443007507b8d2e2ea870060397833a500615e3e35ce6358bbe17cdf,15
ort_python,1,92,30.5499,1,1,0,c5ef909be6cda03f0f87a7354355468944e7f8840d5d2d83c344fdbf4a5d3bf6,04d5fc3bd443007507b8d2e2ea870060397833a500615e3e35ce6358bbe17cdf,15
ort_python,1,93,29.8556,1,1,0,c5ef909be6cda03f0f87a7354355468944e7f8840d5d2d83c344fdbf4a5d3bf6,04d5fc3bd443007507b8d2e2ea870060397833a500615e3e35ce6358bbe17cdf,15
ort_python,1,94,29.3937,1,1,0,c5ef909be6cda03f0f87a7354355468944e7f8840d5d2d83c344fdbf4a5d3bf6,04d5fc3bd443007507b8d2e2ea870060397833a500615e3e35ce6358bbe17cdf,15
ort_python,1,95,37.3033,1,1,0,c5ef909be6cda03f0f87a7354355468944e7f8840d5d2d83c344fdbf4a5d3bf6,04d5fc3bd443007507b8d2e2ea870060397833a500615e3e35ce6358bbe17cdf,15
ort_python,1,96,28.3369,1,1,0,c5ef909be6cda03f0f87a7354355468944e7f8840d5d2d83c344fdbf4a5d3bf6,04d5fc3bd443007507b8d2e2ea870060397833a500615e3e35ce6358bbe17cdf,15
ort_python,1,97,29.8921,1,1,0,c5ef909be6cda03f0f87a7354355468944e7f8840d5d2d83c344fdbf4a5d3bf6,04d5fc3bd443007507b8d2e2ea870060397833a500615e3e35ce6358bbe17cdf,15
ort_python,1,98,29.7997,1,1,0,c5ef909be6cda03f0f87a7354355468944e7f8840d5d2d83c344fdbf4a5d3bf6,04d5fc3bd443007507b8d2e2ea870060397833a500615e3e35ce6358bbe17cdf,15
ort_python,1,99,32.1212,1,1,0,c5ef909be6cda03f0f87a7354355468944e7f8840d5d2d83c344fdbf4a5d3bf6,04d5fc3bd443007507b8d2e2ea870060397833a500615e3e35ce6358bbe17cdf,15
ort_python,1,100,29.4804,1,1,0,c5ef909be6cda03f0f87a7354355468944e7f8840d5d2d83c344fdbf4a5d3bf6,04d5fc3bd443007507b8d2e2ea870060397833a500615e3e35ce6358bbe17cdf,15
ort_python,1,101,29.4518,1,1,0,c5ef909be6cda03f0f87a7354355468944e7f8840d5d2d83c344fdbf4a5d3bf6,04d5fc3bd443007507b8d2e2ea870060397833a500615e3e35ce6358bbe17cdf,15
ort_python,1,102,31.6726,1,1,0,c5ef909be6cda03f0f87a7354355468944e7f8840d5d2d83c344fdbf4a5d3bf6,04d5fc3bd443007507b8d2e2ea870060397833a500615e3e35ce6358bbe17cdf,15
ort_python,1,103,28.9287,1,1,0,c5ef909be6cda03f0f87a7354355468944e7f8840d5d2d83c344fdbf4a5d3bf6,04d5fc3bd443007507b8d2e2ea870060397833a500615e3e35ce6358bbe17cdf,15
ort_python,1,104,28.9774,1,1,0,c5ef909be6cda03f0f87a7354355468944e7f8840d5d2d83c344fdbf4a5d3bf6,04d5fc3bd443007507b8d2e2ea870060397833a500615e3e35ce6358bbe17cdf,15
ort_python,1,105,29.9216,1,1,0,c5ef909be6cda03f0f87a7354355468944e7f8840d5d2d83c344fdbf4a5d3bf6,04d5fc3bd443007507b8d2e2ea870060397833a500615e3e35ce6358bbe17cdf,15
ort_python,1,106,31.9028,1,1,0,c5ef909be6cda03f0f87a7354355468944e7f8840d5d2d83c344fdbf4a5d3bf6,04d5fc3bd443007507b8d2e2ea870060397833a500615e3e35ce6358bbe17cdf,15
ort_python,1,107,29.131,1,1,0,c5ef909be6cda03f0f87a7354355468944e7f8840d5d2d83c344fdbf4a5d3bf6,04d5fc3bd443007507b8d2e2ea870060397833a500615e3e35ce6358bbe17cdf,15
ort_python,1,108,31.8144,1,1,0,c5ef909be6cda03f0f87a7354355468944e7f8840d5d2d83c344fdbf4a5d3bf6,04d5fc3bd443007507b8d2e2ea870060397833a500615e3e35ce6358bbe17cdf,15
ort_python,1,109,31.9281,1,1,0,c5ef909be6cda03f0f87a7354355468944e7f8840d5d2d83c344fdbf4a5d3bf6,04d5fc3bd443007507b8d2e2ea870060397833a500615e3e35ce6358bbe17cdf,15
ort_python,1,110,30.5248,1,1,0,c5ef909be6cda03f0f87a7354355468944e7f8840d5d2d83c344fdbf4a5d3bf6,04d5fc3bd443007507b8d2e2ea870060397833a500615e3e35ce6358bbe17cdf,15
ort_python,1,111,28.5217,1,1,0,c5ef909be6cda03f0f87a7354355468944e7f8840d5d2d83c344fdbf4a5d3bf6,04d5fc3bd443007507b8d2e2ea870060397833a500615e3e35ce6358bbe17cdf,15
ort_python,1,112,32.3681,1,1,0,c5ef909be6cda03f0f87a7354355468944e7f8840d5d2d83c344fdbf4a5d3bf6,04d5fc3bd443007507b8d2e2ea870060397833a500615e3e35ce6358bbe17cdf,15
ort_python,1,113,29.5262,1,1,0,c5ef909be6cda03f0f87a7354355468944e7f8840d5d2d83c344fdbf4a5d3bf6,04d5fc3bd443007507b8d2e2ea870060397833a500615e3e35ce6358bbe17cdf,15
ort_python,1,114,28.9836,1,1,0,c5ef909be6cda03f0f87a7354355468944e7f8840d5d2d83c344fdbf4a5d3bf6,04d5fc3bd443007507b8d2e2ea870060397833a500615e3e35ce6358bbe17cdf,15
ort_python,1,115,29.4074,1,1,0,c5ef909be6cda03f0f87a7354355468944e7f8840d5d2d83c344fdbf4a5d3bf6,04d5fc3bd443007507b8d2e2ea870060397833a500615e3e35ce6358bbe17cdf,15
ort_python,1,116,30.776,1,1,0,c5ef909be6cda03f0f87a7354355468944e7f8840d5d2d83c344fdbf4a5d3bf6,04d5fc3bd443007507b8d2e2ea870060397833a500615e3e35ce6358bbe17cdf,15
ort_python,1,117,29.7282,1,1,0,c5ef909be6cda03f0f87a7354355468944e7f8840d5d2d83c344fdbf4a5d3bf6,04d5fc3bd443007507b8d2e2ea870060397833a500615e3e35ce6358bbe17cdf,15
ort_python,1,118,29.3522,1,1,0,c5ef909be6cda03f0f87a7354355468944e7f8840d5d2d83c344fdbf4a5d3bf6,04d5fc3bd443007507b8d2e2ea870060397833a500615e3e35ce6358bbe17cdf,15
ort_python,1,119,31.3544,1,1,0,c5ef909be6cda03f0f87a7354355468944e7f8840d5d2d83c344fdbf4a5d3bf6,04d5fc3bd443007507b8d2e2ea870060397833a500615e3e35ce6358bbe17cdf,15
ort_python,1,120,29.4407,1,1,0,c5ef909be6cda03f0f87a7354355468944e7f8840d5d2d83c344fdbf4a5d3bf6,04d5fc3bd443007507b8d2e2ea870060397833a500615e3e35ce6358bbe17cdf,15
ort_python,1,121,27.7013,1,1,0,c5ef909be6cda03f0f87a7354355468944e7f8840d5d2d83c344fdbf4a5d3bf6,04d5fc3bd443007507b8d2e2ea870060397833a500615e3e35ce6358bbe17cdf,15
ort_python,1,122,31.8038,1,1,0,c5ef909be6cda03f0f87a7354355468944e7f8840d5d2d83c344fdbf4a5d3bf6,04d5fc3bd443007507b8d2e2ea870060397833a500615e3e35ce6358bbe17cdf,15
ort_python,1,123,28.4065,1,1,0,c5ef909be6cda03f0f87a7354355468944e7f8840d5d2d83c344fdbf4a5d3bf6,04d5fc3bd443007507b8d2e2ea870060397833a500615e3e35ce6358bbe17cdf,15
ort_python,1,124,29.6901,1,1,0,c5ef909be6cda03f0f87a7354355468944e7f8840d5d2d83c344fdbf4a5d3bf6,04d5fc3bd443007507b8d2e2ea870060397833a500615e3e35ce6358bbe17cdf,15
ort_python,1,125,28.3411,1,1,0,c5ef909be6cda03f0f87a7354355468944e7f8840d5d2d83c344fdbf4a5d3bf6,04d5fc3bd443007507b8d2e2ea870060397833a500615e3e35ce6358bbe17cdf,15
ort_python,1,126,33.8729,1,1,0,c5ef909be6cda03f0f87a7354355468944e7f8840d5d2d83c344fdbf4a5d3bf6,04d5fc3bd443007507b8d2e2ea870060397833a500615e3e35ce6358bbe17cdf,15
ort_python,1,127,27.5802,1,1,0,c5ef909be6cda03f0f87a7354355468944e7f8840d5d2d83c344fdbf4a5d3bf6,04d5fc3bd443007507b8d2e2ea870060397833a500615e3e35ce6358bbe17cdf,15
ort_python,1,128,27.596,1,1,0,c5ef909be6cda03f0f87a7354355468944e7f8840d5d2d83c344fdbf4a5d3bf6,04d5fc3bd443007507b8d2e2ea870060397833a500615e3e35ce6358bbe17cdf,15
ort_python,1,129,33.8159,1,1,0,c5ef909be6cda03f0f87a7354355468944e7f8840d5d2d83c344fdbf4a5d3bf6,04d5fc3bd443007507b8d2e2ea870060397833a500615e3e35ce6358bbe17cdf,15
ort_python,1,130,30.3023,1,1,0,c5ef909be6cda03f0f87a7354355468944e7f8840d5d2d83c344fdbf4a5d3bf6,04d5fc3bd443007507b8d2e2ea870060397833a500615e3e35ce6358bbe17cdf,15
ort_python,1,131,34.3649,1,1,0,c5ef909be6cda03f0f87a7354355468944e7f8840d5d2d83c344fdbf4a5d3bf6,04d5fc3bd443007507b8d2e2ea870060397833a500615e3e35ce6358bbe17cdf,15
ort_python,1,132,27.4995,1,1,0,c5ef909be6cda03f0f87a7354355468944e7f8840d5d2d83c344fdbf4a5d3bf6,04d5fc3bd443007507b8d2e2ea870060397833a500615e3e35ce6358bbe17cdf,15
ort_python,1,133,33.2495,1,1,0,c5ef909be6cda03f0f87a7354355468944e7f8840d5d2d83c344fdbf4a5d3bf6,04d5fc3bd443007507b8d2e2ea870060397833a500615e3e35ce6358bbe17cdf,15
ort_python,1,134,28.9187,1,1,0,c5ef909be6cda03f0f87a7354355468944e7f8840d5d2d83c344fdbf4a5d3bf6,04d5fc3bd443007507b8d2e2ea870060397833a500615e3e35ce6358bbe17cdf,15
ort_python,1,135,28.6164,1,1,0,c5ef909be6cda03f0f87a7354355468944e7f8840d5d2d83c344fdbf4a5d3bf6,04d5fc3bd443007507b8d2e2ea870060397833a500615e3e35ce6358bbe17cdf,15
ort_python,1,136,30.7685,1,1,0,c5ef909be6cda03f0f87a7354355468944e7f8840d5d2d83c344fdbf4a5d3bf6,04d5fc3bd443007507b8d2e2ea870060397833a500615e3e35ce6358bbe17cdf,15
ort_python,1,137,28.9427,1,1,0,c5ef909be6cda03f0f87a7354355468944e7f8840d5d2d83c344fdbf4a5d3bf6,04d5fc3bd443007507b8d2e2ea870060397833a500615e3e35ce6358bbe17cdf,15
ort_python,1,138,29.092,1,1,0,c5ef909be6cda03f0f87a7354355468944e7f8840d5d2d83c344fdbf4a5d3bf6,04d5fc3bd443007507b8d2e2ea870060397833a500615e3e35ce6358bbe17cdf,15
ort_python,1,139,31.5952,1,1,0,c5ef909be6cda03f0f87a7354355468944e7f8840d5d2d83c344fdbf4a5d3bf6,04d5fc3bd443007507b8d2e2ea870060397833a500615e3e35ce6358bbe17cdf,15
ort_python,1,140,29.0778,1,1,0,c5ef909be6cda03f0f87a7354355468944e7f8840d5d2d83c344fdbf4a5d3bf6,04d5fc3bd443007507b8d2e2ea870060397833a500615e3e35ce6358bbe17cdf,15
ort_python,1,141,35.9699,1,1,0,c5ef909be6cda03f0f87a7354355468944e7f8840d5d2d83c344fdbf4a5d3bf6,04d5fc3bd443007507b8d2e2ea870060397833a500615e3e35ce6358bbe17cdf,15
ort_python,1,142,30.6514,1,1,0,c5ef909be6cda03f0f87a7354355468944e7f8840d5d2d83c344fdbf4a5d3bf6,04d5fc3bd443007507b8d2e2ea870060397833a500615e3e35ce6358bbe17cdf,15
ort_python,1,143,35.3771,1,1,0,c5ef909be6cda03f0f87a7354355468944e7f8840d5d2d83c344fdbf4a5d3bf6,04d5fc3bd443007507b8d2e2ea870060397833a500615e3e35ce6358bbe17cdf,15
ort_python,1,144,32.0932,1,1,0,c5ef909be6cda03f0f87a7354355468944e7f8840d5d2d83c344fdbf4a5d3bf6,04d5fc3bd443007507b8d2e2ea870060397833a500615e3e35ce6358bbe17cdf,15
ort_python,1,145,31.818,1,1,0,c5ef909be6cda03f0f87a7354355468944e7f8840d5d2d83c344fdbf4a5d3bf6,04d5fc3bd443007507b8d2e2ea870060397833a500615e3e35ce6358bbe17cdf,15
ort_python,1,146,36.2149,1,1,0,c5ef909be6cda03f0f87a7354355468944e7f8840d5d2d83c344fdbf4a5d3bf6,04d5fc3bd443007507b8d2e2ea870060397833a500615e3e35ce6358bbe17cdf,15
ort_python,1,147,29.2524,1,1,0,c5ef909be6cda03f0f87a7354355468944e7f8840d5d2d83c344fdbf4a5d3bf6,04d5fc3bd443007507b8d2e2ea870060397833a500615e3e35ce6358bbe17cdf,15
ort_python,1,148,27.7719,1,1,0,c5ef909be6cda03f0f87a7354355468944e7f8840d5d2d83c344fdbf4a5d3bf6,04d5fc3bd443007507b8d2e2ea870060397833a500615e3e35ce6358bbe17cdf,15
ort_python,1,149,31.9787,1,1,0,c5ef909be6cda03f0f87a7354355468944e7f8840d5d2d83c344fdbf4a5d3bf6,04d5fc3bd443007507b8d2e2ea870060397833a500615e3e35ce6358bbe17cdf,15
ort_python,1,150,29.3979,1,1,0,c5ef909be6cda03f0f87a7354355468944e7f8840d5d2d83c344fdbf4a5d3bf6,04d5fc3bd443007507b8d2e2ea870060397833a500615e3e35ce6358bbe17cdf,15
ort_python,1,151,29.6786,1,1,0,c5ef909be6cda03f0f87a7354355468944e7f8840d5d2d83c344fdbf4a5d3bf6,04d5fc3bd443007507b8d2e2ea870060397833a500615e3e35ce6358bbe17cdf,15
ort_python,1,152,31.1839,1,1,0,c5ef909be6cda03f0f87a7354355468944e7f8840d5d2d83c344fdbf4a5d3bf6,04d5fc3bd443007507b8d2e2ea870060397833a500615e3e35ce6358bbe17cdf,15
ort_python,1,153,29.1758,1,1,0,c5ef909be6cda03f0f87a7354355468944e7f8840d5d2d83c344fdbf4a5d3bf6,04d5fc3bd443007507b8d2e2ea870060397833a500615e3e35ce6358bbe17cdf,15
ort_python,1,154,30.3495,1,1,0,c5ef909be6cda03f0f87a7354355468944e7f8840d5d2d83c344fdbf4a5d3bf6,04d5fc3bd443007507b8d2e2ea870060397833a500615e3e35ce6358bbe17cdf,15
ort_python,1,155,28.6014,1,1,0,c5ef909be6cda03f0f87a7354355468944e7f8840d5d2d83c344fdbf4a5d3bf6,04d5fc3bd443007507b8d2e2ea870060397833a500615e3e35ce6358bbe17cdf,15
ort_python,1,156,32.8737,1,1,0,c5ef909be6cda03f0f87a7354355468944e7f8840d5d2d83c344fdbf4a5d3bf6,04d5fc3bd443007507b8d2e2ea870060397833a500615e3e35ce6358bbe17cdf,15
ort_python,1,157,28.5842,1,1,0,c5ef909be6cda03f0f87a7354355468944e7f8840d5d2d83c344fdbf4a5d3bf6,04d5fc3bd443007507b8d2e2ea870060397833a500615e3e35ce6358bbe17cdf,15
ort_python,1,158,28.3066,1,1,0,c5ef909be6cda03f0f87a7354355468944e7f8840d5d2d83c344fdbf4a5d3bf6,04d5fc3bd443007507b8d2e2ea870060397833a500615e3e35ce6358bbe17cdf,15
ort_python,1,159,31.2888,1,1,0,c5ef909be6cda03f0f87a7354355468944e7f8840d5d2d83c344fdbf4a5d3bf6,04d5fc3bd443007507b8d2e2ea870060397833a500615e3e35ce6358bbe17cdf,15
ort_python,1,160,27.9229,1,1,0,c5ef909be6cda03f0f87a7354355468944e7f8840d5d2d83c344fdbf4a5d3bf6,04d5fc3bd443007507b8d2e2ea870060397833a500615e3e35ce6358bbe17cdf,15
ort_python,1,161,28.3591,1,1,0,c5ef909be6cda03f0f87a7354355468944e7f8840d5d2d83c344fdbf4a5d3bf6,04d5fc3bd443007507b8d2e2ea870060397833a500615e3e35ce6358bbe17cdf,15
ort_python,1,162,27.6189,1,1,0,c5ef909be6cda03f0f87a7354355468944e7f8840d5d2d83c344fdbf4a5d3bf6,04d5fc3bd443007507b8d2e2ea870060397833a500615e3e35ce6358bbe17cdf,15
ort_python,1,163,30.9244,1,1,0,c5ef909be6cda03f0f87a7354355468944e7f8840d5d2d83c344fdbf4a5d3bf6,04d5fc3bd443007507b8d2e2ea870060397833a500615e3e35ce6358bbe17cdf,15
ort_python,1,164,28.8618,1,1,0,c5ef909be6cda03f0f87a7354355468944e7f8840d5d2d83c344fdbf4a5d3bf6,04d5fc3bd443007507b8d2e2ea870060397833a500615e3e35ce6358bbe17cdf,15
ort_python,1,165,28.3128,1,1,0,c5ef909be6cda03f0f87a7354355468944e7f8840d5d2d83c344fdbf4a5d3bf6,04d5fc3bd443007507b8d2e2ea870060397833a500615e3e35ce6358bbe17cdf,15
ort_python,1,166,31.2116,1,1,0,c5ef909be6cda03f0f87a7354355468944e7f8840d5d2d83c344fdbf4a5d3bf6,04d5fc3bd443007507b8d2e2ea870060397833a500615e3e35ce6358bbe17cdf,15
ort_python,1,167,28.2738,1,1,0,c5ef909be6cda03f0f87a7354355468944e7f8840d5d2d83c344fdbf4a5d3bf6,04d5fc3bd443007507b8d2e2ea870060397833a500615e3e35ce6358bbe17cdf,15
ort_python,1,168,29.2984,1,1,0,c5ef909be6cda03f0f87a7354355468944e7f8840d5d2d83c344fdbf4a5d3bf6,04d5fc3bd443007507b8d2e2ea870060397833a500615e3e35ce6358bbe17cdf,15
ort_python,1,169,29.3351,1,1,0,c5ef909be6cda03f0f87a7354355468944e7f8840d5d2d83c344fdbf4a5d3bf6,04d5fc3bd443007507b8d2e2ea870060397833a500615e3e35ce6358bbe17cdf,15
ort_python,1,170,32.3512,1,1,0,c5ef909be6cda03f0f87a7354355468944e7f8840d5d2d83c344fdbf4a5d3bf6,04d5fc3bd443007507b8d2e2ea870060397833a500615e3e35ce6358bbe17cdf,15
ort_python,1,171,27.6388,1,1,0,c5ef909be6cda03f0f87a7354355468944e7f8840d5d2d83c344fdbf4a5d3bf6,04d5fc3bd443007507b8d2e2ea870060397833a500615e3e35ce6358bbe17cdf,15
ort_python,1,172,27.9734,1,1,0,c5ef909be6cda03f0f87a7354355468944e7f8840d5d2d83c344fdbf4a5d3bf6,04d5fc3bd443007507b8d2e2ea870060397833a500615e3e35ce6358bbe17cdf,15
ort_python,1,173,31.2324,1,1,0,c5ef909be6cda03f0f87a7354355468944e7f8840d5d2d83c344fdbf4a5d3bf6,04d5fc3bd443007507b8d2e2ea870060397833a500615e3e35ce6358bbe17cdf,15
ort_python,1,174,29.6092,1,1,0,c5ef909be6cda03f0f87a7354355468944e7f8840d5d2d83c344fdbf4a5d3bf6,04d5fc3bd443007507b8d2e2ea870060397833a500615e3e35ce6358bbe17cdf,15
ort_python,1,175,27.3876,1,1,0,c5ef909be6cda03f0f87a7354355468944e7f8840d5d2d83c344fdbf4a5d3bf6,04d5fc3bd443007507b8d2e2ea870060397833a500615e3e35ce6358bbe17cdf,15
ort_python,1,176,33.9445,1,1,0,c5ef909be6cda03f0f87a7354355468944e7f8840d5d2d83c344fdbf4a5d3bf6,04d5fc3bd443007507b8d2e2ea870060397833a500615e3e35ce6358bbe17cdf,15
ort_python,1,177,29.6369,1,1,0,c5ef909be6cda03f0f87a7354355468944e7f8840d5d2d83c344fdbf4a5d3bf6,04d5fc3bd443007507b8d2e2ea870060397833a500615e3e35ce6358bbe17cdf,15
ort_python,1,178,30.7633,1,1,0,c5ef909be6cda03f0f87a7354355468944e7f8840d5d2d83c344fdbf4a5d3bf6,04d5fc3bd443007507b8d2e2ea870060397833a500615e3e35ce6358bbe17cdf,15
ort_python,1,179,31.7394,1,1,0,c5ef909be6cda03f0f87a7354355468944e7f8840d5d2d83c344fdbf4a5d3bf6,04d5fc3bd443007507b8d2e2ea870060397833a500615e3e35ce6358bbe17cdf,15
ort_python,1,180,31.6087,1,1,0,c5ef909be6cda03f0f87a7354355468944e7f8840d5d2d83c344fdbf4a5d3bf6,04d5fc3bd443007507b8d2e2ea870060397833a500615e3e35ce6358bbe17cdf,15
ort_python,1,181,28.2136,1,1,0,c5ef909be6cda03f0f87a7354355468944e7f8840d5d2d83c344fdbf4a5d3bf6,04d5fc3bd443007507b8d2e2ea870060397833a500615e3e35ce6358bbe17cdf,15
ort_python,1,182,28.5821,1,1,0,c5ef909be6cda03f0f87a7354355468944e7f8840d5d2d83c344fdbf4a5d3bf6,04d5fc3bd443007507b8d2e2ea870060397833a500615e3e35ce6358bbe17cdf,15
ort_python,1,183,30.4468,1,1,0,c5ef909be6cda03f0f87a7354355468944e7f8840d5d2d83c344fdbf4a5d3bf6,04d5fc3bd443007507b8d2e2ea870060397833a500615e3e35ce6358bbe17cdf,15
ort_python,1,184,28.633,1,1,0,c5ef909be6cda03f0f87a7354355468944e7f8840d5d2d83c344fdbf4a5d3bf6,04d5fc3bd443007507b8d2e2ea870060397833a500615e3e35ce6358bbe17cdf,15
ort_python,1,185,35.5781,1,1,0,c5ef909be6cda03f0f87a7354355468944e7f8840d5d2d83c344fdbf4a5d3bf6,04d5fc3bd443007507b8d2e2ea870060397833a500615e3e35ce6358bbe17cdf,15
ort_python,1,186,30.0578,1,1,0,c5ef909be6cda03f0f87a7354355468944e7f8840d5d2d83c344fdbf4a5d3bf6,04d5fc3bd443007507b8d2e2ea870060397833a500615e3e35ce6358bbe17cdf,15
ort_python,1,187,31.9393,1,1,0,c5ef909be6cda03f0f87a7354355468944e7f8840d5d2d83c344fdbf4a5d3bf6,04d5fc3bd443007507b8d2e2ea870060397833a500615e3e35ce6358bbe17cdf,15
ort_python,1,188,35.9959,1,1,0,c5ef909be6cda03f0f87a7354355468944e7f8840d5d2d83c344fdbf4a5d3bf6,04d5fc3bd443007507b8d2e2ea870060397833a500615e3e35ce6358bbe17cdf,15
ort_python,1,189,29.3289,1,1,0,c5ef909be6cda03f0f87a7354355468944e7f8840d5d2d83c344fdbf4a5d3bf6,04d5fc3bd443007507b8d2e2ea870060397833a500615e3e35ce6358bbe17cdf,15
ort_python,1,190,30.7544,1,1,0,c5ef909be6cda03f0f87a7354355468944e7f8840d5d2d83c344fdbf4a5d3bf6,04d5fc3bd443007507b8d2e2ea870060397833a500615e3e35ce6358bbe17cdf,15
ort_python,1,191,29.1108,1,1,0,c5ef909be6cda03f0f87a7354355468944e7f8840d5d2d83c344fdbf4a5d3bf6,04d5fc3bd443007507b8d2e2ea870060397833a500615e3e35ce6358bbe17cdf,15
ort_python,1,192,30.1324,1,1,0,c5ef909be6cda03f0f87a7354355468944e7f8840d5d2d83c344fdbf4a5d3bf6,04d5fc3bd443007507b8d2e2ea870060397833a500615e3e35ce6358bbe17cdf,15
ort_python,1,193,31.5083,1,1,0,c5ef909be6cda03f0f87a7354355468944e7f8840d5d2d83c344fdbf4a5d3bf6,04d5fc3bd443007507b8d2e2ea870060397833a500615e3e35ce6358bbe17cdf,15
ort_python,1,194,29.5039,1,1,0,c5ef909be6cda03f0f87a7354355468944e7f8840d5d2d83c344fdbf4a5d3bf6,04d5fc3bd443007507b8d2e2ea870060397833a500615e3e35ce6358bbe17cdf,15
ort_python,1,195,27.7951,1,1,0,c5ef909be6cda03f0f87a7354355468944e7f8840d5d2d83c344fdbf4a5d3bf6,04d5fc3bd443007507b8d2e2ea870060397833a500615e3e35ce6358bbe17cdf,15
ort_python,1,196,33.5785,1,1,0,c5ef909be6cda03f0f87a7354355468944e7f8840d5d2d83c344fdbf4a5d3bf6,04d5fc3bd443007507b8d2e2ea870060397833a500615e3e35ce6358bbe17cdf,15
ort_python,1,197,28.8682,1,1,0,c5ef909be6cda03f0f87a7354355468944e7f8840d5d2d83c344fdbf4a5d3bf6,04d5fc3bd443007507b8d2e2ea870060397833a500615e3e35ce6358bbe17cdf,15
ort_python,1,198,30.0337,1,1,0,c5ef909be6cda03f0f87a7354355468944e7f8840d5d2d83c344fdbf4a5d3bf6,04d5fc3bd443007507b8d2e2ea870060397833a500615e3e35ce6358bbe17cdf,15
ort_python,1,199,27.8941,1,1,0,c5ef909be6cda03f0f87a7354355468944e7f8840d5d2d83c344fdbf4a5d3bf6,04d5fc3bd443007507b8d2e2ea870060397833a500615e3e35ce6358bbe17cdf,15
ort_python,1,200,31.0744,1,1,0,c5ef909be6cda03f0f87a7354355468944e7f8840d5d2d83c344fdbf4a5d3bf6,04d5fc3bd443007507b8d2e2ea870060397833a500615e3e35ce6358bbe17cdf,15
ort_python,1,201,28.9463,1,1,0,c5ef909be6cda03f0f87a7354355468944e7f8840d5d2d83c344fdbf4a5d3bf6,04d5fc3bd443007507b8d2e2ea870060397833a500615e3e35ce6358bbe17cdf,15
ort_python,1,202,30.3236,1,1,0,c5ef909be6cda03f0f87a7354355468944e7f8840d5d2d83c344fdbf4a5d3bf6,04d5fc3bd443007507b8d2e2ea870060397833a500615e3e35ce6358bbe17cdf,15
ort_python,1,203,31.983,1,1,0,c5ef909be6cda03f0f87a7354355468944e7f8840d5d2d83c344fdbf4a5d3bf6,04d5fc3bd443007507b8d2e2ea870060397833a500615e3e35ce6358bbe17cdf,15
ort_python,1,204,29.8786,1,1,0,c5ef909be6cda03f0f87a7354355468944e7f8840d5d2d83c344fdbf4a5d3bf6,04d5fc3bd443007507b8d2e2ea870060397833a500615e3e35ce6358bbe17cdf,15
ort_python,1,205,30.9276,1,1,0,c5ef909be6cda03f0f87a7354355468944e7f8840d5d2d83c344fdbf4a5d3bf6,04d5fc3bd443007507b8d2e2ea870060397833a500615e3e35ce6358bbe17cdf,15
ort_python,1,206,28.7877,1,1,0,c5ef909be6cda03f0f87a7354355468944e7f8840d5d2d83c344fdbf4a5d3bf6,04d5fc3bd443007507b8d2e2ea870060397833a500615e3e35ce6358bbe17cdf,15
ort_python,1,207,32.2911,1,1,0,c5ef909be6cda03f0f87a7354355468944e7f8840d5d2d83c344fdbf4a5d3bf6,04d5fc3bd443007507b8d2e2ea870060397833a500615e3e35ce6358bbe17cdf,15
ort_python,1,208,33.3353,1,1,0,c5ef909be6cda03f0f87a7354355468944e7f8840d5d2d83c344fdbf4a5d3bf6,04d5fc3bd443007507b8d2e2ea870060397833a500615e3e35ce6358bbe17cdf,15
ort_python,1,209,28.8702,1,1,0,c5ef909be6cda03f0f87a7354355468944e7f8840d5d2d83c344fdbf4a5d3bf6,04d5fc3bd443007507b8d2e2ea870060397833a500615e3e35ce6358bbe17cdf,15
ort_python,1,210,31.6767,1,1,0,c5ef909be6cda03f0f87a7354355468944e7f8840d5d2d83c344fdbf4a5d3bf6,04d5fc3bd443007507b8d2e2ea870060397833a500615e3e35ce6358bbe17cdf,15
ort_python,1,211,33.5947,1,1,0,c5ef909be6cda03f0f87a7354355468944e7f8840d5d2d83c344fdbf4a5d3bf6,04d5fc3bd443007507b8d2e2ea870060397833a500615e3e35ce6358bbe17cdf,15
ort_python,1,212,30.2548,1,1,0,c5ef909be6cda03f0f87a7354355468944e7f8840d5d2d83c344fdbf4a5d3bf6,04d5fc3bd443007507b8d2e2ea870060397833a500615e3e35ce6358bbe17cdf,15
ort_python,1,213,30.1645,1,1,0,c5ef909be6cda03f0f87a7354355468944e7f8840d5d2d83c344fdbf4a5d3bf6,04d5fc3bd443007507b8d2e2ea870060397833a500615e3e35ce6358bbe17cdf,15
ort_python,1,214,29.3922,1,1,0,c5ef909be6cda03f0f87a7354355468944e7f8840d5d2d83c344fdbf4a5d3bf6,04d5fc3bd443007507b8d2e2ea870060397833a500615e3e35ce6358bbe17cdf,15
ort_python,1,215,28.4773,1,1,0,c5ef909be6cda03f0f87a7354355468944e7f8840d5d2d83c344fdbf4a5d3bf6,04d5fc3bd443007507b8d2e2ea870060397833a500615e3e35ce6358bbe17cdf,15
ort_python,1,216,28.2584,1,1,0,c5ef909be6cda03f0f87a7354355468944e7f8840d5d2d83c344fdbf4a5d3bf6,04d5fc3bd443007507b8d2e2ea870060397833a500615e3e35ce6358bbe17cdf,15
ort_python,1,217,30.1714,1,1,0,c5ef909be6cda03f0f87a7354355468944e7f8840d5d2d83c344fdbf4a5d3bf6,04d5fc3bd443007507b8d2e2ea870060397833a500615e3e35ce6358bbe17cdf,15
ort_python,1,218,28.4941,1,1,0,c5ef909be6cda03f0f87a7354355468944e7f8840d5d2d83c344fdbf4a5d3bf6,04d5fc3bd443007507b8d2e2ea870060397833a500615e3e35ce6358bbe17cdf,15
ort_python,1,219,28.4863,1,1,0,c5ef909be6cda03f0f87a7354355468944e7f8840d5d2d83c344fdbf4a5d3bf6,04d5fc3bd443007507b8d2e2ea870060397833a500615e3e35ce6358bbe17cdf,15
ort_python,1,220,33.2377,1,1,0,c5ef909be6cda03f0f87a7354355468944e7f8840d5d2d83c344fdbf4a5d3bf6,04d5fc3bd443007507b8d2e2ea870060397833a500615e3e35ce6358bbe17cdf,15
ort_python,1,221,27.9989,1,1,0,c5ef909be6cda03f0f87a7354355468944e7f8840d5d2d83c344fdbf4a5d3bf6,04d5fc3bd443007507b8d2e2ea870060397833a500615e3e35ce6358bbe17cdf,15
ort_python,1,222,28.6705,1,1,0,c5ef909be6cda03f0f87a7354355468944e7f8840d5d2d83c344fdbf4a5d3bf6,04d5fc3bd443007507b8d2e2ea870060397833a500615e3e35ce6358bbe17cdf,15
ort_python,1,223,33.101,1,1,0,c5ef909be6cda03f0f87a7354355468944e7f8840d5d2d83c344fdbf4a5d3bf6,04d5fc3bd443007507b8d2e2ea870060397833a500615e3e35ce6358bbe17cdf,15
ort_python,1,224,29.3441,1,1,0,c5ef909be6cda03f0f87a7354355468944e7f8840d5d2d83c344fdbf4a5d3bf6,04d5fc3bd443007507b8d2e2ea870060397833a500615e3e35ce6358bbe17cdf,15
ort_python,1,225,28.4013,1,1,0,c5ef909be6cda03f0f87a7354355468944e7f8840d5d2d83c344fdbf4a5d3bf6,04d5fc3bd443007507b8d2e2ea870060397833a500615e3e35ce6358bbe17cdf,15
ort_python,1,226,27.621,1,1,0,c5ef909be6cda03f0f87a7354355468944e7f8840d5d2d83c344fdbf4a5d3bf6,04d5fc3bd443007507b8d2e2ea870060397833a500615e3e35ce6358bbe17cdf,15
ort_python,1,227,30.4954,1,1,0,c5ef909be6cda03f0f87a7354355468944e7f8840d5d2d83c344fdbf4a5d3bf6,04d5fc3bd443007507b8d2e2ea870060397833a500615e3e35ce6358bbe17cdf,15
ort_python,1,228,32.1138,1,1,0,c5ef909be6cda03f0f87a7354355468944e7f8840d5d2d83c344fdbf4a5d3bf6,04d5fc3bd443007507b8d2e2ea870060397833a500615e3e35ce6358bbe17cdf,15
ort_python,1,229,31.1951,1,1,0,c5ef909be6cda03f0f87a7354355468944e7f8840d5d2d83c344fdbf4a5d3bf6,04d5fc3bd443007507b8d2e2ea870060397833a500615e3e35ce6358bbe17cdf,15
ort_python,1,230,30.5906,1,1,0,c5ef909be6cda03f0f87a7354355468944e7f8840d5d2d83c344fdbf4a5d3bf6,04d5fc3bd443007507b8d2e2ea870060397833a500615e3e35ce6358bbe17cdf,15
ort_python,1,231,28.2505,1,1,0,c5ef909be6cda03f0f87a7354355468944e7f8840d5d2d83c344fdbf4a5d3bf6,04d5fc3bd443007507b8d2e2ea870060397833a500615e3e35ce6358bbe17cdf,15
ort_python,1,232,28.0757,1,1,0,c5ef909be6cda03f0f87a7354355468944e7f8840d5d2d83c344fdbf4a5d3bf6,04d5fc3bd443007507b8d2e2ea870060397833a500615e3e35ce6358bbe17cdf,15
ort_python,1,233,29.5488,1,1,0,c5ef909be6cda03f0f87a7354355468944e7f8840d5d2d83c344fdbf4a5d3bf6,04d5fc3bd443007507b8d2e2ea870060397833a500615e3e35ce6358bbe17cdf,15
ort_python,1,234,31.4235,1,1,0,c5ef909be6cda03f0f87a7354355468944e7f8840d5d2d83c344fdbf4a5d3bf6,04d5fc3bd443007507b8d2e2ea870060397833a500615e3e35ce6358bbe17cdf,15
ort_python,1,235,27.8573,1,1,0,c5ef909be6cda03f0f87a7354355468944e7f8840d5d2d83c344fdbf4a5d3bf6,04d5fc3bd443007507b8d2e2ea870060397833a500615e3e35ce6358bbe17cdf,15
ort_python,1,236,29.4148,1,1,0,c5ef909be6cda03f0f87a7354355468944e7f8840d5d2d83c344fdbf4a5d3bf6,04d5fc3bd443007507b8d2e2ea870060397833a500615e3e35ce6358bbe17cdf,15
ort_python,1,237,30.9414,1,1,0,c5ef909be6cda03f0f87a7354355468944e7f8840d5d2d83c344fdbf4a5d3bf6,04d5fc3bd443007507b8d2e2ea870060397833a500615e3e35ce6358bbe17cdf,15
ort_python,1,238,28.9344,1,1,0,c5ef909be6cda03f0f87a7354355468944e7f8840d5d2d83c344fdbf4a5d3bf6,04d5fc3bd443007507b8d2e2ea870060397833a500615e3e35ce6358bbe17cdf,15
ort_python,1,239,27.6609,1,1,0,c5ef909be6cda03f0f87a7354355468944e7f8840d5d2d83c344fdbf4a5d3bf6,04d5fc3bd443007507b8d2e2ea870060397833a500615e3e35ce6358bbe17cdf,15
ort_python,1,240,29.1682,1,1,0,c5ef909be6cda03f0f87a7354355468944e7f8840d5d2d83c344fdbf4a5d3bf6,04d5fc3bd443007507b8d2e2ea870060397833a500615e3e35ce6358bbe17cdf,15
ort_python,1,241,31.5097,1,1,0,c5ef909be6cda03f0f87a7354355468944e7f8840d5d2d83c344fdbf4a5d3bf6,04d5fc3bd443007507b8d2e2ea870060397833a500615e3e35ce6358bbe17cdf,15
ort_python,1,242,29.6306,1,1,0,c5ef909be6cda03f0f87a7354355468944e7f8840d5d2d83c344fdbf4a5d3bf6,04d5fc3bd443007507b8d2e2ea870060397833a500615e3e35ce6358bbe17cdf,15
ort_python,1,243,28.1561,1,1,0,c5ef909be6cda03f0f87a7354355468944e7f8840d5d2d83c344fdbf4a5d3bf6,04d5fc3bd443007507b8d2e2ea870060397833a500615e3e35ce6358bbe17cdf,15
ort_python,1,244,30.7086,1,1,0,c5ef909be6cda03f0f87a7354355468944e7f8840d5d2d83c344fdbf4a5d3bf6,04d5fc3bd443007507b8d2e2ea870060397833a500615e3e35ce6358bbe17cdf,15
ort_python,1,245,28.7804,1,1,0,c5ef909be6cda03f0f87a7354355468944e7f8840d5d2d83c344fdbf4a5d3bf6,04d5fc3bd443007507b8d2e2ea870060397833a500615e3e35ce6358bbe17cdf,15
ort_python,1,246,27.9659,1,1,0,c5ef909be6cda03f0f87a7354355468944e7f8840d5d2d83c344fdbf4a5d3bf6,04d5fc3bd443007507b8d2e2ea870060397833a500615e3e35ce6358bbe17cdf,15
ort_python,1,247,27.5309,1,1,0,c5ef909be6cda03f0f87a7354355468944e7f8840d5d2d83c344fdbf4a5d3bf6,04d5fc3bd443007507b8d2e2ea870060397833a500615e3e35ce6358bbe17cdf,15
ort_python,1,248,30.9351,1,1,0,c5ef909be6cda03f0f87a7354355468944e7f8840d5d2d83c344fdbf4a5d3bf6,04d5fc3bd443007507b8d2e2ea870060397833a500615e3e35ce6358bbe17cdf,15
ort_python,1,249,30.3523,1,1,0,c5ef909be6cda03f0f87a7354355468944e7f8840d5d2d83c344fdbf4a5d3bf6,04d5fc3bd443007507b8d2e2ea870060397833a500615e3e35ce6358bbe17cdf,15
ort_python,1,250,29.7566,1,1,0,c5ef909be6cda03f0f87a7354355468944e7f8840d5d2d83c344fdbf4a5d3bf6,04d5fc3bd443007507b8d2e2ea870060397833a500615e3e35ce6358bbe17cdf,15
ort_python,1,251,31.0589,1,1,0,c5ef909be6cda03f0f87a7354355468944e7f8840d5d2d83c344fdbf4a5d3bf6,04d5fc3bd443007507b8d2e2ea870060397833a500615e3e35ce6358bbe17cdf,15
ort_python,1,252,29.9062,1,1,0,c5ef909be6cda03f0f87a7354355468944e7f8840d5d2d83c344fdbf4a5d3bf6,04d5fc3bd443007507b8d2e2ea870060397833a500615e3e35ce6358bbe17cdf,15
ort_python,1,253,26.5976,1,1,0,c5ef909be6cda03f0f87a7354355468944e7f8840d5d2d83c344fdbf4a5d3bf6,04d5fc3bd443007507b8d2e2ea870060397833a500615e3e35ce6358bbe17cdf,15
ort_python,1,254,30.1701,1,1,0,c5ef909be6cda03f0f87a7354355468944e7f8840d5d2d83c344fdbf4a5d3bf6,04d5fc3bd443007507b8d2e2ea870060397833a500615e3e35ce6358bbe17cdf,15
ort_python,1,255,30.1223,1,1,0,c5ef909be6cda03f0f87a7354355468944e7f8840d5d2d83c344fdbf4a5d3bf6,04d5fc3bd443007507b8d2e2ea870060397833a500615e3e35ce6358bbe17cdf,15
ort_python,1,256,28.2719,1,1,0,c5ef909be6cda03f0f87a7354355468944e7f8840d5d2d83c344fdbf4a5d3bf6,04d5fc3bd443007507b8d2e2ea870060397833a500615e3e35ce6358bbe17cdf,15
ort_python,1,257,28.3159,1,1,0,c5ef909be6cda03f0f87a7354355468944e7f8840d5d2d83c344fdbf4a5d3bf6,04d5fc3bd443007507b8d2e2ea870060397833a500615e3e35ce6358bbe17cdf,15
ort_python,1,258,31.07,1,1,0,c5ef909be6cda03f0f87a7354355468944e7f8840d5d2d83c344fdbf4a5d3bf6,04d5fc3bd443007507b8d2e2ea870060397833a500615e3e35ce6358bbe17cdf,15
ort_python,1,259,28.8234,1,1,0,c5ef909be6cda03f0f87a7354355468944e7f8840d5d2d83c344fdbf4a5d3bf6,04d5fc3bd443007507b8d2e2ea870060397833a500615e3e35ce6358bbe17cdf,15
ort_python,1,260,30.1854,1,1,0,c5ef909be6cda03f0f87a7354355468944e7f8840d5d2d83c344fdbf4a5d3bf6,04d5fc3bd443007507b8d2e2ea870060397833a500615e3e35ce6358bbe17cdf,15
ort_python,1,261,28.1872,1,1,0,c5ef909be6cda03f0f87a7354355468944e7f8840d5d2d83c344fdbf4a5d3bf6,04d5fc3bd443007507b8d2e2ea870060397833a500615e3e35ce6358bbe17cdf,15
ort_python,1,262,30.3644,1,1,0,c5ef909be6cda03f0f87a7354355468944e7f8840d5d2d83c344fdbf4a5d3bf6,04d5fc3bd443007507b8d2e2ea870060397833a500615e3e35ce6358bbe17cdf,15
ort_python,1,263,27.5327,1,1,0,c5ef909be6cda03f0f87a7354355468944e7f8840d5d2d83c344fdbf4a5d3bf6,04d5fc3bd443007507b8d2e2ea870060397833a500615e3e35ce6358bbe17cdf,15
ort_python,1,264,36.2556,1,1,0,c5ef909be6cda03f0f87a7354355468944e7f8840d5d2d83c344fdbf4a5d3bf6,04d5fc3bd443007507b8d2e2ea870060397833a500615e3e35ce6358bbe17cdf,15
ort_python,1,265,30.5694,1,1,0,c5ef909be6cda03f0f87a7354355468944e7f8840d5d2d83c344fdbf4a5d3bf6,04d5fc3bd443007507b8d2e2ea870060397833a500615e3e35ce6358bbe17cdf,15
ort_python,1,266,27.7879,1,1,0,c5ef909be6cda03f0f87a7354355468944e7f8840d5d2d83c344fdbf4a5d3bf6,04d5fc3bd443007507b8d2e2ea870060397833a500615e3e35ce6358bbe17cdf,15
ort_python,1,267,27.7601,1,1,0,c5ef909be6cda03f0f87a7354355468944e7f8840d5d2d83c344fdbf4a5d3bf6,04d5fc3bd443007507b8d2e2ea870060397833a500615e3e35ce6358bbe17cdf,15
ort_python,1,268,29.6265,1,1,0,c5ef909be6cda03f0f87a7354355468944e7f8840d5d2d83c344fdbf4a5d3bf6,04d5fc3bd443007507b8d2e2ea870060397833a500615e3e35ce6358bbe17cdf,15
ort_python,1,269,32.3768,1,1,0,c5ef909be6cda03f0f87a7354355468944e7f8840d5d2d83c344fdbf4a5d3bf6,04d5fc3bd443007507b8d2e2ea870060397833a500615e3e35ce6358bbe17cdf,15
ort_python,1,270,28.4643,1,1,0,c5ef909be6cda03f0f87a7354355468944e7f8840d5d2d83c344fdbf4a5d3bf6,04d5fc3bd443007507b8d2e2ea870060397833a500615e3e35ce6358bbe17cdf,15
ort_python,1,271,27.455,1,1,0,c5ef909be6cda03f0f87a7354355468944e7f8840d5d2d83c344fdbf4a5d3bf6,04d5fc3bd443007507b8d2e2ea870060397833a500615e3e35ce6358bbe17cdf,15
ort_python,1,272,30.0803,1,1,0,c5ef909be6cda03f0f87a7354355468944e7f8840d5d2d83c344fdbf4a5d3bf6,04d5fc3bd443007507b8d2e2ea870060397833a500615e3e35ce6358bbe17cdf,15
ort_python,1,273,28.4395,1,1,0,c5ef909be6cda03f0f87a7354355468944e7f8840d5d2d83c344fdbf4a5d3bf6,04d5fc3bd443007507b8d2e2ea870060397833a500615e3e35ce6358bbe17cdf,15
ort_python,1,274,27.7428,1,1,0,c5ef909be6cda03f0f87a7354355468944e7f8840d5d2d83c344fdbf4a5d3bf6,04d5fc3bd443007507b8d2e2ea870060397833a500615e3e35ce6358bbe17cdf,15
ort_python,1,275,30.7584,1,1,0,c5ef909be6cda03f0f87a7354355468944e7f8840d5d2d83c344fdbf4a5d3bf6,04d5fc3bd443007507b8d2e2ea870060397833a500615e3e35ce6358bbe17cdf,15
ort_python,1,276,32.0549,1,1,0,c5ef909be6cda03f0f87a7354355468944e7f8840d5d2d83c344fdbf4a5d3bf6,04d5fc3bd443007507b8d2e2ea870060397833a500615e3e35ce6358bbe17cdf,15
ort_python,1,277,30.1604,1,1,0,c5ef909be6cda03f0f87a7354355468944e7f8840d5d2d83c344fdbf4a5d3bf6,04d5fc3bd443007507b8d2e2ea870060397833a500615e3e35ce6358bbe17cdf,15
ort_python,1,278,29.0567,1,1,0,c5ef909be6cda03f0f87a7354355468944e7f8840d5d2d83c344fdbf4a5d3bf6,04d5fc3bd443007507b8d2e2ea870060397833a500615e3e35ce6358bbe17cdf,15
ort_python,1,279,30.2225,1,1,0,c5ef909be6cda03f0f87a7354355468944e7f8840d5d2d83c344fdbf4a5d3bf6,04d5fc3bd443007507b8d2e2ea870060397833a500615e3e35ce6358bbe17cdf,15
ort_python,1,280,27.8987,1,1,0,c5ef909be6cda03f0f87a7354355468944e7f8840d5d2d83c344fdbf4a5d3bf6,04d5fc3bd443007507b8d2e2ea870060397833a500615e3e35ce6358bbe17cdf,15
ort_python,1,281,30.4232,1,1,0,c5ef909be6cda03f0f87a7354355468944e7f8840d5d2d83c344fdbf4a5d3bf6,04d5fc3bd443007507b8d2e2ea870060397833a500615e3e35ce6358bbe17cdf,15
ort_python,1,282,31.8726,1,1,0,c5ef909be6cda03f0f87a7354355468944e7f8840d5d2d83c344fdbf4a5d3bf6,04d5fc3bd443007507b8d2e2ea870060397833a500615e3e35ce6358bbe17cdf,15
ort_python,1,283,28.4272,1,1,0,c5ef909be6cda03f0f87a7354355468944e7f8840d5d2d83c344fdbf4a5d3bf6,04d5fc3bd443007507b8d2e2ea870060397833a500615e3e35ce6358bbe17cdf,15
ort_python,1,284,27.4043,1,1,0,c5ef909be6cda03f0f87a7354355468944e7f8840d5d2d83c344fdbf4a5d3bf6,04d5fc3bd443007507b8d2e2ea870060397833a500615e3e35ce6358bbe17cdf,15
ort_python,1,285,29.6551,1,1,0,c5ef909be6cda03f0f87a7354355468944e7f8840d5d2d83c344fdbf4a5d3bf6,04d5fc3bd443007507b8d2e2ea870060397833a500615e3e35ce6358bbe17cdf,15
ort_python,1,286,30.9451,1,1,0,c5ef909be6cda03f0f87a7354355468944e7f8840d5d2d83c344fdbf4a5d3bf6,04d5fc3bd443007507b8d2e2ea870060397833a500615e3e35ce6358bbe17cdf,15
ort_python,1,287,28.8626,1,1,0,c5ef909be6cda03f0f87a7354355468944e7f8840d5d2d83c344fdbf4a5d3bf6,04d5fc3bd443007507b8d2e2ea870060397833a500615e3e35ce6358bbe17cdf,15
ort_python,1,288,40.2983,1,1,0,c5ef909be6cda03f0f87a7354355468944e7f8840d5d2d83c344fdbf4a5d3bf6,04d5fc3bd443007507b8d2e2ea870060397833a500615e3e35ce6358bbe17cdf,15
ort_python,1,289,37.7873,1,1,0,c5ef909be6cda03f0f87a7354355468944e7f8840d5d2d83c344fdbf4a5d3bf6,04d5fc3bd443007507b8d2e2ea870060397833a500615e3e35ce6358bbe17cdf,15
ort_python,1,290,28.1184,1,1,0,c5ef909be6cda03f0f87a7354355468944e7f8840d5d2d83c344fdbf4a5d3bf6,04d5fc3bd443007507b8d2e2ea870060397833a500615e3e35ce6358bbe17cdf,15
ort_python,1,291,30.2594,1,1,0,c5ef909be6cda03f0f87a7354355468944e7f8840d5d2d83c344fdbf4a5d3bf6,04d5fc3bd443007507b8d2e2ea870060397833a500615e3e35ce6358bbe17cdf,15
ort_python,1,292,32.8716,1,1,0,c5ef909be6cda03f0f87a7354355468944e7f8840d5d2d83c344fdbf4a5d3bf6,04d5fc3bd443007507b8d2e2ea870060397833a500615e3e35ce6358bbe17cdf,15
ort_python,1,293,28.06,1,1,0,c5ef909be6cda03f0f87a7354355468944e7f8840d5d2d83c344fdbf4a5d3bf6,04d5fc3bd443007507b8d2e2ea870060397833a500615e3e35ce6358bbe17cdf,15
ort_python,1,294,28.8963,1,1,0,c5ef909be6cda03f0f87a7354355468944e7f8840d5d2d83c344fdbf4a5d3bf6,04d5fc3bd443007507b8d2e2ea870060397833a500615e3e35ce6358bbe17cdf,15
ort_python,1,295,28.928,1,1,0,c5ef909be6cda03f0f87a7354355468944e7f8840d5d2d83c344fdbf4a5d3bf6,04d5fc3bd443007507b8d2e2ea870060397833a500615e3e35ce6358bbe17cdf,15
ort_python,1,296,36.4491,1,1,0,c5ef909be6cda03f0f87a7354355468944e7f8840d5d2d83c344fdbf4a5d3bf6,04d5fc3bd443007507b8d2e2ea870060397833a500615e3e35ce6358bbe17cdf,15
ort_python,1,297,30.7173,1,1,0,c5ef909be6cda03f0f87a7354355468944e7f8840d5d2d83c344fdbf4a5d3bf6,04d5fc3bd443007507b8d2e2ea870060397833a500615e3e35ce6358bbe17cdf,15
ort_python,1,298,31.9887,1,1,0,c5ef909be6cda03f0f87a7354355468944e7f8840d5d2d83c344fdbf4a5d3bf6,04d5fc3bd443007507b8d2e2ea870060397833a500615e3e35ce6358bbe17cdf,15
ort_python,1,299,32.7193,1,1,0,c5ef909be6cda03f0f87a7354355468944e7f8840d5d2d83c344fdbf4a5d3bf6,04d5fc3bd443007507b8d2e2ea870060397833a500615e3e35ce6358bbe17cdf,15
